city,city_ascii,city_alt,lat,lng,country,iso2,iso3,admin_name,admin_name_ascii,admin_code,admin_type,capital,density,population,population_proper,ranking,timezone,same_name,id
"Pago Pago","Pago Pago",,-14.2740,-170.7046,"American Samoa",AS,ASM,,,,,primary,378.1,12576,11500,1,Pacific/Pago_Pago,FALSE,1016976740
Aasu,Aasu,,-14.3031,-170.7566,"American Samoa",AS,ASM,,,,,,62.2,,,4,Pacific/Pago_Pago,FALSE,1016751458
Afao,Afao,,-14.3229,-170.8011,"American Samoa",AS,ASM,,,,,,120.8,,,4,Pacific/Pago_Pago,FALSE,1016561791
Afono,Afono,,-14.2607,-170.6493,"American Samoa",AS,ASM,,,,,,154.2,,,4,Pacific/Pago_Pago,FALSE,1016425381
Agugulu,Agugulu,,-14.3264,-170.8201,"American Samoa",AS,ASM,,,,,,122.4,,,4,Pacific/Pago_Pago,FALSE,1016503399
Alao,Alao,,-14.2623,-170.5687,"American Samoa",AS,ASM,,,,,,297.4,,,3,Pacific/Pago_Pago,FALSE,1016451200
Alega,Alega,,-14.2766,-170.6407,"American Samoa",AS,ASM,,,,,,50.4,,,4,Pacific/Pago_Pago,FALSE,1016287430
Alofau,Alofau,,-14.2761,-170.6010,"American Samoa",AS,ASM,,,,,,508.2,,,3,Pacific/Pago_Pago,FALSE,1016718645
Amaluia,Amaluia,,-14.3231,-170.7884,"American Samoa",AS,ASM,,,,,,111.5,,,4,Pacific/Pago_Pago,FALSE,1016276711
Amanave,Amanave,,-14.3234,-170.8340,"American Samoa",AS,ASM,,,,,,215.4,,,3,Pacific/Pago_Pago,FALSE,1016413972
Amaua,Amaua,,-14.2682,-170.6257,"American Samoa",AS,ASM,,,,,,229.2,,,3,Pacific/Pago_Pago,FALSE,1016810181
Amouli,Amouli,,-14.2731,-170.5884,"American Samoa",AS,ASM,,,,,,653.5,,,3,Pacific/Pago_Pago,FALSE,1016852249
Anua,Anua,,-14.2689,-170.6881,"American Samoa",AS,ASM,,,,,,686.7,,,3,Pacific/Pago_Pago,FALSE,1016036917
Aoa,Aoa,,-14.2635,-170.5869,"American Samoa",AS,ASM,,,,,,616,,,3,Pacific/Pago_Pago,FALSE,1016109503
Aoloau,Aoloau,,-14.3032,-170.7801,"American Samoa",AS,ASM,,,,,,88.8,,,4,Pacific/Pago_Pago,FALSE,1016934040
Asili,Asili,,-14.3213,-170.7944,"American Samoa",AS,ASM,,,,,,137.3,,,4,Pacific/Pago_Pago,FALSE,1016092803
Atu'u,Atu'u,,-14.2676,-170.6862,"American Samoa",AS,ASM,,,,,,686.7,,,3,Pacific/Pago_Pago,FALSE,1016852412
Aua,Aua,,-14.2724,-170.6618,"American Samoa",AS,ASM,,,,,,704.3,,,3,Pacific/Pago_Pago,FALSE,1016993657
Auasi,Auasi,,-14.2681,-170.5773,"American Samoa",AS,ASM,,,,,,403.2,,,3,Pacific/Pago_Pago,FALSE,1016528506
Auma,Auma,,-14.3330,-170.7859,"American Samoa",AS,ASM,,,,,,273.4,,,3,Pacific/Pago_Pago,FALSE,1016342571
Aumi,Aumi,,-14.2794,-170.6477,"American Samoa",AS,ASM,,,,,,77.9,,,4,Pacific/Pago_Pago,FALSE,1016418396
Aunu'u,Aunu'u,,-14.2838,-170.5535,"American Samoa",AS,ASM,,,,,,237.8,,,3,Pacific/Pago_Pago,FALSE,1016730807
Auto,Auto,,-14.2730,-170.6305,"American Samoa",AS,ASM,,,,,,229.2,,,3,Pacific/Pago_Pago,FALSE,1016888617
Avaio,Avaio,,-14.2748,-170.6351,"American Samoa",AS,ASM,,,,,,88,,,4,Pacific/Pago_Pago,FALSE,1016694340
Faga'alu,Faga'alu,,-14.2901,-170.6860,"American Samoa",AS,ASM,,,,,,686,,,3,Pacific/Pago_Pago,FALSE,1016850159
Faga'itua,Faga'itua,,-14.2657,-170.6135,"American Samoa",AS,ASM,,,,,,269.4,,,3,Pacific/Pago_Pago,FALSE,1016647903
Fagali'i,Fagali'i,,-14.3126,-170.8246,"American Samoa",AS,ASM,,,,,,94,,,4,Pacific/Pago_Pago,FALSE,1016040129
Fagamalo,Fagamalo,,-14.3009,-170.7995,"American Samoa",AS,ASM,,,,,,13.5,,,4,Pacific/Pago_Pago,FALSE,1016807754
Faganeanea,Faganeanea,,-14.2995,-170.6968,"American Samoa",AS,ASM,,,,,,266.3,,,3,Pacific/Pago_Pago,FALSE,1016101411
Fagasa,Fagasa,,-14.2882,-170.7250,"American Samoa",AS,ASM,,,,,,174.8,,,4,Pacific/Pago_Pago,FALSE,1016228422
Fagatogo,Fagatogo,,-14.2834,-170.6937,"American Samoa",AS,ASM,,,,,,711.6,,,3,Pacific/Pago_Pago,FALSE,1016098130
Failolo,Failolo,,-14.3254,-170.8244,"American Samoa",AS,ASM,,,,,,122.4,,,4,Pacific/Pago_Pago,FALSE,1016377983
Faleasao,Faleasao,,-14.2255,-169.4920,"American Samoa",AS,ASM,,,,,,23.3,,,4,Pacific/Pago_Pago,FALSE,1016450273
Faleniu,Faleniu,,-14.3276,-170.7438,"American Samoa",AS,ASM,,,,,,2156.9,,,2,Pacific/Pago_Pago,FALSE,1016109162
Fatumafuti,Fatumafuti,,-14.2965,-170.6788,"American Samoa",AS,ASM,,,,,,598.5,,,3,Pacific/Pago_Pago,FALSE,1016969832
Futiga,Futiga,,-14.3566,-170.7598,"American Samoa",AS,ASM,,,,,,190.4,,,4,Pacific/Pago_Pago,FALSE,1016439833
Ili'ili,Ili'ili,,-14.3432,-170.7400,"American Samoa",AS,ASM,,,,,,743.4,,,3,Pacific/Pago_Pago,FALSE,1016050159
Lauli'i,Lauli'i,,-14.2838,-170.6560,"American Samoa",AS,ASM,,,,,,537.8,,,3,Pacific/Pago_Pago,FALSE,1016779964
Leloaloa,Leloaloa,,-14.2660,-170.6779,"American Samoa",AS,ASM,,,,,,229.6,,,3,Pacific/Pago_Pago,FALSE,1016743317
Leone,Leone,,-14.3314,-170.7797,"American Samoa",AS,ASM,,,,,,426.8,,,3,Pacific/Pago_Pago,FALSE,1016058501
Leusoali'i,Leusoali'i,,-14.2395,-169.4355,"American Samoa",AS,ASM,,,,,,5,,,5,Pacific/Pago_Pago,FALSE,1016707267
Luma,Luma,,-14.2269,-169.5108,"American Samoa",AS,ASM,,,,,,96.2,,,4,Pacific/Pago_Pago,FALSE,1016625603
Maia,Maia,,-14.2229,-169.4540,"American Samoa",AS,ASM,,,,,,12.1,,,4,Pacific/Pago_Pago,FALSE,1016687533
Malaeimi,Malaeimi,,-14.3108,-170.7371,"American Samoa",AS,ASM,,,,,,287.4,,,3,Pacific/Pago_Pago,FALSE,1016875532
Malaeloa/Aitulagi,Malaeloa/Aitulagi,,-14.3317,-170.7675,"American Samoa",AS,ASM,,,,,,216.3,,,3,Pacific/Pago_Pago,FALSE,1016012371
Malaeloa/Ituau,Malaeloa/Ituau,,-14.3424,-170.7658,"American Samoa",AS,ASM,,,,,,526.8,,,3,Pacific/Pago_Pago,FALSE,1016921230
Maloata,Maloata,,-14.3085,-170.8117,"American Samoa",AS,ASM,,,,,,31.5,,,4,Pacific/Pago_Pago,FALSE,1016789822
Mapusagafou,Mapusagafou,,-14.3227,-170.7554,"American Samoa",AS,ASM,,,,,,448.8,,,3,Pacific/Pago_Pago,FALSE,1016122897
Masausi,Masausi,,-14.2592,-170.6090,"American Samoa",AS,ASM,,,,,,269.4,,,3,Pacific/Pago_Pago,FALSE,1016600876
Masefau,Masefau,,-14.2594,-170.6319,"American Samoa",AS,ASM,,,,,,96.9,,,4,Pacific/Pago_Pago,FALSE,1016539013
Matu'u,Matu'u,,-14.2959,-170.6896,"American Samoa",AS,ASM,,,,,,378,,,3,Pacific/Pago_Pago,FALSE,1016823038
Mesepa,Mesepa,,-14.3227,-170.7467,"American Samoa",AS,ASM,,,,,,825.2,,,3,Pacific/Pago_Pago,FALSE,1016313810
Nua,Nua,,-14.3213,-170.8071,"American Samoa",AS,ASM,,,,,,120.8,,,4,Pacific/Pago_Pago,FALSE,1016024636
Nu'uuli,Nu'uuli,,-14.3081,-170.7147,"American Samoa",AS,ASM,,,,,,425.8,,,3,Pacific/Pago_Pago,FALSE,1016087990
Ofu,Ofu,,-14.1720,-169.6641,"American Samoa",AS,ASM,,,,,,15.3,,,4,Pacific/Pago_Pago,FALSE,1016584676
Olosega,Olosega,,-14.1783,-169.6170,"American Samoa",AS,ASM,,,,,,37.9,,,4,Pacific/Pago_Pago,FALSE,1016052945
Onenoa,Onenoa,,-14.2540,-170.5788,"American Samoa",AS,ASM,,,,,,169.2,,,4,Pacific/Pago_Pago,FALSE,1016418150
Pagai,Pagai,,-14.2682,-170.6051,"American Samoa",AS,ASM,,,,,,398.6,,,3,Pacific/Pago_Pago,FALSE,1016482828
Pava'ia'i,Pava'ia'i,,-14.3341,-170.7511,"American Samoa",AS,ASM,,,,,,1184.4,,,3,Pacific/Pago_Pago,FALSE,1016183699
Poloa,Poloa,,-14.3181,-170.8338,"American Samoa",AS,ASM,,,,,,215.4,,,3,Pacific/Pago_Pago,FALSE,1016162196
Puapua,Puapua,,-14.3449,-170.7723,"American Samoa",AS,ASM,,,,,,829.4,,,3,Pacific/Pago_Pago,FALSE,1016745694
Sa'ilele,Sa'ilele,,-14.2619,-170.5985,"American Samoa",AS,ASM,,,,,,168.2,,,4,Pacific/Pago_Pago,FALSE,1016345383
Satala,Satala,,-14.2685,-170.6919,"American Samoa",AS,ASM,,,,,,469.1,,,3,Pacific/Pago_Pago,FALSE,1016751910
Se'etaga,Se'etaga,,-14.3213,-170.8126,"American Samoa",AS,ASM,,,,,,324.2,,,3,Pacific/Pago_Pago,FALSE,1016060350
Sili,Sili,,-14.1651,-169.6157,"American Samoa",AS,ASM,,,,,,1.8,,,5,Pacific/Pago_Pago,FALSE,1016188614
Si'ufaga,Si'ufaga,,-14.2478,-169.4862,"American Samoa",AS,ASM,,,,,,11.3,,,4,Pacific/Pago_Pago,FALSE,1016705461
Swains,Swains,,-11.0550,-171.0782,"American Samoa",AS,ASM,,,,,,4.3,,,5,Pacific/Pago_Pago,FALSE,1016074121
Tafuna,Tafuna,,-14.3298,-170.7239,"American Samoa",AS,ASM,,,,,,1159.3,,,3,Pacific/Pago_Pago,FALSE,1016069355
Taputimu,Taputimu,,-14.3557,-170.7723,"American Samoa",AS,ASM,,,,,,566.9,,,3,Pacific/Pago_Pago,FALSE,1016416263
Tula,Tula,,-14.2523,-170.5692,"American Samoa",AS,ASM,,,,,,271.6,,,3,Pacific/Pago_Pago,FALSE,1016056866
Utulei,Utulei,,-14.2835,-170.6836,"American Samoa",AS,ASM,,,,,,686,,,3,Pacific/Pago_Pago,FALSE,1016273795
"Utumea East","Utumea East",,-14.2679,-170.5714,"American Samoa",AS,ASM,,,,,,109.7,,,4,Pacific/Pago_Pago,FALSE,1016546754
"Utumea West","Utumea West",,-14.3240,-170.8171,"American Samoa",AS,ASM,,,,,,118.5,,,4,Pacific/Pago_Pago,FALSE,1016685300
Utusia,Utusia,,-14.2664,-170.6211,"American Samoa",AS,ASM,,,,,,193,,,4,Pacific/Pago_Pago,FALSE,1016601395
Vailoatai,Vailoatai,,-14.3523,-170.7813,"American Samoa",AS,ASM,,,,,,1233.7,,,3,Pacific/Pago_Pago,FALSE,1016148678
Vaitogi,Vaitogi,,-14.3538,-170.7414,"American Samoa",AS,ASM,,,,,,613,,,3,Pacific/Pago_Pago,FALSE,1016497125
Vatia,Vatia,,-14.2539,-170.6735,"American Samoa",AS,ASM,,,,,,91.6,,,4,Pacific/Pago_Pago,FALSE,1016009275
