city,city_ascii,city_alt,lat,lng,country,iso2,iso3,admin_name,admin_name_ascii,admin_code,admin_type,capital,density,population,population_proper,ranking,timezone,same_name,id
Roseau,Roseau,"Charlotte Town",15.3014,-61.3883,Dominica,DM,DMA,"Saint George","Saint George",DM-04,parish,primary,391.7,14725,14725,1,America/Dominica,FALSE,1212060440
Portsmouth,Portsmouth,Grand-Anse,15.5683,-61.4564,Dominica,DM,DMA,"Saint John","Saint John",DM-05,parish,,120.3,3633,3633,3,America/Dominica,FALSE,1212166772
Marigot,Marigot,"Petit Marigot",15.5333,-61.3000,Dominica,DM,DMA,"Saint Andrew","Saint Andrew",DM-02,parish,,47.0,2676,2676,3,America/Dominica,FALSE,1212106756
Salisbury,Salisbury,Barroui|Baroui,15.4358,-61.4369,Dominica,DM,DMA,"Saint Joseph","Saint Joseph",DM-06,parish,,43.3,2590,2590,4,America/Dominica,FALSE,1212237963
Mahaut,Mahaut,,15.3667,-61.4000,Dominica,DM,DMA,"Saint Paul","Saint Paul",DM-10,parish,,161.0,2370,2370,4,America/Dominica,FALSE,1212015019
"Grand Bay","Grand Bay","Grand Baie|Berekua",15.2389,-61.3139,Dominica,DM,DMA,"Saint Patrick","Saint Patrick",DM-09,parish,,78.4,2288,2288,4,America/Dominica,FALSE,1212496538
Wesley,Wesley,"La Soie",15.5667,-61.3167,Dominica,DM,DMA,"Saint Andrew","Saint Andrew",DM-02,parish,,47.0,1930,1930,4,America/Dominica,FALSE,1212177356
Soufrière,Soufriere,Soufriere,15.2322,-61.3597,Dominica,DM,DMA,"Saint Mark","Saint Mark",DM-08,parish,,172.7,1530,1530,4,America/Dominica,FALSE,1212138523
"Woodford Hill","Woodford Hill",,15.5667,-61.3167,Dominica,DM,DMA,"Saint Andrew","Saint Andrew",DM-02,parish,,47.0,1034,1034,4,America/Dominica,FALSE,1212999034
Colihaut,Colihaut,Kulihao|Coulihaut,15.4853,-61.4617,Dominica,DM,DMA,"Saint Peter","Saint Peter",DM-11,parish,,40.1,773,773,3,America/Dominica,FALSE,1212142817
"Vieille Case","Vieille Case","Northern Loop|Itassi|Vielle Case|Veille Case",15.6144,-61.4069,Dominica,DM,DMA,"Saint Andrew","Saint Andrew",DM-02,parish,,47.0,726,726,3,America/Dominica,FALSE,1212534709
Peineville,Peineville,Penville,15.6292,-61.4194,Dominica,DM,DMA,"Saint Andrew","Saint Andrew",DM-02,parish,,47.0,524,524,4,America/Dominica,FALSE,1212508122
Bells,Bells,,15.4535,-61.3198,Dominica,DM,DMA,"Saint Joseph","Saint Joseph",DM-06,parish,,43.3,500,500,4,America/Dominica,FALSE,1212681863
Hampstead,Hampstead,,15.5944,-61.3694,Dominica,DM,DMA,"Saint Andrew","Saint Andrew",DM-02,parish,,47.0,495,495,4,America/Dominica,FALSE,1212956743
Dublanc,Dublanc,,15.5144,-61.4689,Dominica,DM,DMA,"Saint Peter","Saint Peter",DM-11,parish,,40.1,423,423,4,America/Dominica,FALSE,1212584581
"Paix Bouche","Paix Bouche",,15.5917,-61.4111,Dominica,DM,DMA,"Saint Andrew","Saint Andrew",DM-02,parish,,47.0,306,306,4,America/Dominica,FALSE,1212269319
Galion,Galion,,15.2228,-61.3572,Dominica,DM,DMA,"Saint Mark","Saint Mark",DM-08,parish,,158.6,134,134,4,America/Dominica,FALSE,1212907269
Warner,Warner,,15.3930,-61.3938,Dominica,DM,DMA,"Saint Paul","Saint Paul",DM-10,parish,,161.0,,,4,America/Dominica,FALSE,1212000005
Tobino,Tobino,,15.6144,-61.4059,Dominica,DM,DMA,"Saint Andrew","Saint Andrew",DM-02,parish,,47.0,,,4,America/Dominica,FALSE,1212825985
"Fond Saint Jean","Fond Saint Jean",,15.2448,-61.2821,Dominica,DM,DMA,"Saint Patrick","Saint Patrick",DM-09,parish,,78.4,,,4,America/Dominica,FALSE,1212274427
"La Source","La Source",,15.5879,-61.4057,Dominica,DM,DMA,"Saint Andrew","Saint Andrew",DM-02,parish,,47.0,,,4,America/Dominica,FALSE,1212906135
"Scotts Head","Scotts Head","Scotts Head Village|Cachacrou",15.2125,-61.3667,Dominica,DM,DMA,"Saint Mark","Saint Mark",DM-08,parish,,158.6,,,4,America/Dominica,FALSE,1212274471
Picard,Picard,,15.5537,-61.4609,Dominica,DM,DMA,"Saint John","Saint John",DM-05,parish,,120.3,,,4,America/Dominica,FALSE,1212000006
Salybia,Salybia,Salibia,15.4833,-61.2667,Dominica,DM,DMA,"Saint David","Saint David",DM-03,parish,,43.4,,,4,America/Dominica,FALSE,1212467559
Méro,Mero,,15.4167,-61.4333,Dominica,DM,DMA,"Saint Joseph","Saint Joseph",DM-06,parish,,43.3,,,4,America/Dominica,FALSE,1212231281
Layou,Layou,,15.3833,-61.4333,Dominica,DM,DMA,"Saint Joseph","Saint Joseph",DM-06,parish,,43.3,,,4,America/Dominica,FALSE,1212956638
Lagon,Lagon,,15.5800,-61.4578,Dominica,DM,DMA,"Saint John","Saint John",DM-05,parish,,120.3,,,4,America/Dominica,FALSE,1212046616
Bioche,Bioche,,15.5090,-61.4668,Dominica,DM,DMA,"Saint Peter","Saint Peter",DM-11,parish,,40.1,,,4,America/Dominica,FALSE,1212902849
Clifton,Clifton,,15.6238,-61.4628,Dominica,DM,DMA,"Saint John","Saint John",DM-05,parish,,120.3,,,4,America/Dominica,FALSE,1212295988
Larieu,Larieu,,15.5862,-61.3287,Dominica,DM,DMA,"Saint Andrew","Saint Andrew",DM-02,parish,,47.0,,,4,America/Dominica,FALSE,1212316628
Pichelin,Pichelin,,15.2643,-61.3258,Dominica,DM,DMA,"Saint Patrick","Saint Patrick",DM-09,parish,,78.4,,,4,America/Dominica,FALSE,1212614248
"Morne Aux Frégates","Morne Aux Fregates","Morne Aux Fregates",15.3574,-61.2621,Dominica,DM,DMA,"Saint David","Saint David",DM-03,parish,,43.4,,,4,America/Dominica,FALSE,1212737715
"Pointe Michel","Pointe Michel","La Pointe",15.2500,-61.3833,Dominica,DM,DMA,"Saint Luke","Saint Luke",DM-07,parish,,211.1,,,3,America/Dominica,FALSE,1212704130
Cocoyer,Cocoyer,,15.6168,-61.4604,Dominica,DM,DMA,"Saint John","Saint John",DM-05,parish,,120.3,,,4,America/Dominica,FALSE,1212649940
Sylvania,Sylvania,"Sylvania Estate|Silvannia Estate",15.3593,-61.3556,Dominica,DM,DMA,"Saint Paul","Saint Paul",DM-10,parish,,161.0,,,4,America/Dominica,FALSE,1212000013
"Là Haut","La Haut",,15.6351,-61.4246,Dominica,DM,DMA,"Saint Andrew","Saint Andrew",DM-02,parish,,47.0,,,4,America/Dominica,FALSE,1212000000
Riversdale,Riversdale,,15.4167,-61.3667,Dominica,DM,DMA,"Saint Joseph","Saint Joseph",DM-06,parish,,43.3,,,4,America/Dominica,FALSE,1212187401
Bense,Bense,,15.5833,-61.3667,Dominica,DM,DMA,"Saint Andrew","Saint Andrew",DM-02,parish,,47.0,,,4,America/Dominica,FALSE,1212715575
Belmanier,Belmanier,,15.5887,-61.4072,Dominica,DM,DMA,"Saint Andrew","Saint Andrew",DM-02,parish,,47.0,,,4,America/Dominica,FALSE,1212796915
"Saint Sauveur","Saint Sauveur",,15.4026,-61.2547,Dominica,DM,DMA,"Saint David","Saint David",DM-03,parish,,43.4,,,4,America/Dominica,FALSE,1212677780
Geneva,Geneva,,15.2454,-61.3166,Dominica,DM,DMA,"Saint Patrick","Saint Patrick",DM-09,parish,,78.4,,,4,America/Dominica,FALSE,1212848223
"Castle Bruce","Castle Bruce",,15.4417,-61.2569,Dominica,DM,DMA,"Saint David","Saint David",DM-03,parish,,43.4,,,3,America/Dominica,FALSE,1212486857
"Crayfish River","Crayfish River",,15.4970,-61.2575,Dominica,DM,DMA,"Saint David","Saint David",DM-03,parish,,43.4,,,4,America/Dominica,FALSE,1212906065
Campbell,Campbell,,15.3750,-61.3722,Dominica,DM,DMA,"Saint Paul","Saint Paul",DM-10,parish,,161.0,,,4,America/Dominica,FALSE,1212000004
"Anse de Mai","Anse de Mai","Anse Du Mé",15.5833,-61.3667,Dominica,DM,DMA,"Saint Andrew","Saint Andrew",DM-02,parish,,47.0,,,4,America/Dominica,FALSE,1212549998
"Morne Raquette","Morne Raquette",,15.4560,-61.4470,Dominica,DM,DMA,"Saint Joseph","Saint Joseph",DM-06,parish,,43.3,,,4,America/Dominica,FALSE,1212755718
"The Cross","The Cross",,15.3636,-61.2737,Dominica,DM,DMA,"Saint David","Saint David",DM-03,parish,,43.4,,,4,America/Dominica,FALSE,1212454306
Boetica,Boetica,,15.3091,-61.2505,Dominica,DM,DMA,"Saint Patrick","Saint Patrick",DM-09,parish,,78.4,,,4,America/Dominica,FALSE,1212899654
Gommier,Gommier,,15.6097,-61.4035,Dominica,DM,DMA,"Saint Andrew","Saint Andrew",DM-02,parish,,47.0,,,4,America/Dominica,FALSE,1212190432
"Copt Hall Estate","Copt Hall Estate","Copt Hall",15.3130,-61.3576,Dominica,DM,DMA,"Saint George","Saint George",DM-04,parish,,391.7,,,3,America/Dominica,FALSE,1212000010
"Grand Savane","Grand Savane",,15.4449,-61.4352,Dominica,DM,DMA,"Saint Joseph","Saint Joseph",DM-06,parish,,43.3,,,4,America/Dominica,FALSE,1212000002
"Fond Cani","Fond Cani",,15.3171,-61.3579,Dominica,DM,DMA,"Saint George","Saint George",DM-04,parish,,391.7,,,3,America/Dominica,FALSE,1212553539
Trafalgar,Trafalgar,,15.3167,-61.3500,Dominica,DM,DMA,"Saint George","Saint George",DM-04,parish,,391.7,,,3,America/Dominica,FALSE,1212677080
"Tête Morne","Tete Morne","Tete Morne|Montine",15.2354,-61.3340,Dominica,DM,DMA,"Saint Patrick","Saint Patrick",DM-09,parish,,79.6,,,4,America/Dominica,FALSE,1212932145
"Petite Savane","Petite Savane","Petite Savanne",15.2542,-61.2694,Dominica,DM,DMA,"Saint Patrick","Saint Patrick",DM-09,parish,,78.4,,,4,America/Dominica,FALSE,1212763999
Atkinson,Atkinson,Warakal|Akinson|Waraka,15.5151,-61.2626,Dominica,DM,DMA,"Saint David","Saint David",DM-03,parish,,43.4,,,4,America/Dominica,FALSE,1212308178
Coulibistrie,Coulibistrie,Coulibistri,15.4600,-61.4510,Dominica,DM,DMA,"Saint Joseph","Saint Joseph",DM-06,parish,,42.0,,,4,America/Dominica,FALSE,1212292181
Rosalie,Rosalie,,15.3667,-61.2667,Dominica,DM,DMA,"Saint David","Saint David",DM-03,parish,,43.4,,,4,America/Dominica,FALSE,1212749873
"Morne Jaune","Morne Jaune",,15.3529,-61.2640,Dominica,DM,DMA,"Saint David","Saint David",DM-03,parish,,43.4,,,4,America/Dominica,FALSE,1212561866
Bataka,Bataka,,15.5000,-61.2667,Dominica,DM,DMA,"Saint David","Saint David",DM-03,parish,,43.4,,,4,America/Dominica,FALSE,1212812000
Délices,Delices,Delices,15.2878,-61.2640,Dominica,DM,DMA,"Saint Patrick","Saint Patrick",DM-09,parish,,78.4,,,4,America/Dominica,FALSE,1212248904
Jimmit,Jimmit,,15.3715,-61.4031,Dominica,DM,DMA,"Saint Paul","Saint Paul",DM-10,parish,,161.0,,,4,America/Dominica,FALSE,1212000003
Belvidere,Belvidere,,15.2833,-61.2500,Dominica,DM,DMA,"Saint Patrick","Saint Patrick",DM-09,parish,,78.4,,,4,America/Dominica,FALSE,1212874102
"Good Hope","Good Hope",,15.4000,-61.2667,Dominica,DM,DMA,"Saint David","Saint David",DM-03,parish,,43.4,,,3,America/Dominica,FALSE,1212033947
Sineku,Sineku,,15.4663,-61.2482,Dominica,DM,DMA,"Saint David","Saint David",DM-03,parish,,43.4,,,4,America/Dominica,FALSE,1212959091
Borne,Borne,Bornes,15.5795,-61.4208,Dominica,DM,DMA,"Saint John","Saint John",DM-05,parish,,120.3,,,4,America/Dominica,FALSE,1212245570
"Rivière Ciriques","Riviere Ciriques","Riviere Ciriques",15.3599,-61.2584,Dominica,DM,DMA,"Saint David","Saint David",DM-03,parish,,43.4,,,4,America/Dominica,FALSE,1212826258
Citronnière,Citronniere,,15.2892,-61.3770,Dominica,DM,DMA,"Saint George","Saint George",DM-04,parish,,391.7,,,3,America/Dominica,FALSE,1212000007
Thibaud,Thibaud,,15.6000,-61.4000,Dominica,DM,DMA,"Saint Andrew","Saint Andrew",DM-02,parish,,47.0,,,4,America/Dominica,FALSE,1212285105
Capucin,Capucin,Capuchin,15.6307,-61.4612,Dominica,DM,DMA,"Saint John","Saint John",DM-05,parish,,120.3,,,4,America/Dominica,FALSE,1212091243
"Au Parc","Au Parc",,15.6114,-61.4065,Dominica,DM,DMA,"Saint Andrew","Saint Andrew",DM-02,parish,,47.0,,,4,America/Dominica,FALSE,1212609469
"Charlotte Ville","Charlotte Ville","New Town",15.2919,-61.3793,Dominica,DM,DMA,"Saint George","Saint George",DM-04,parish,,391.7,,,3,America/Dominica,FALSE,1212666474
Sibouli,Sibouli,,15.2580,-61.3770,Dominica,DM,DMA,"Saint Luke","Saint Luke",DM-07,parish,,211.1,,,3,America/Dominica,FALSE,1212736783
"Saint Joseph","Saint Joseph",,15.4069,-61.4250,Dominica,DM,DMA,"Saint Joseph","Saint Joseph",DM-06,parish,,43.3,,,4,America/Dominica,FALSE,1212929194
Cottage,Cottage,,15.6158,-61.4637,Dominica,DM,DMA,"Saint John","Saint John",DM-05,parish,,120.3,,,4,America/Dominica,FALSE,1212488736
"Grand Fond","Grand Fond",,15.3561,-61.2817,Dominica,DM,DMA,"Saint David","Saint David",DM-03,parish,,43.4,,,4,America/Dominica,FALSE,1212779610
Dubuc,Dubuc,,15.2467,-61.3038,Dominica,DM,DMA,"Saint Patrick","Saint Patrick",DM-09,parish,,78.4,,,4,America/Dominica,FALSE,1212992180
"Morne Prosper","Morne Prosper",Docteur,15.3108,-61.3446,Dominica,DM,DMA,"Saint George","Saint George",DM-04,parish,,391.7,,,3,America/Dominica,FALSE,1212635522
Eggleston,Eggleston,"Eggleston Estate",15.2978,-61.3569,Dominica,DM,DMA,"Saint George","Saint George",DM-04,parish,,391.7,,,3,America/Dominica,FALSE,1212000001
Tanetane,Tanetane,,15.6019,-61.4611,Dominica,DM,DMA,"Saint John","Saint John",DM-05,parish,,120.3,,,4,America/Dominica,FALSE,1212175515
"Saint Cyr","Saint Cyr",,15.4903,-61.2535,Dominica,DM,DMA,"Saint David","Saint David",DM-03,parish,,43.4,,,4,America/Dominica,FALSE,1212084700
Massacre,Massacre,,15.3500,-61.4000,Dominica,DM,DMA,"Saint Paul","Saint Paul",DM-10,parish,,161.0,,,4,America/Dominica,FALSE,1212593729
Toucari,Toucari,,15.6112,-61.4638,Dominica,DM,DMA,"Saint John","Saint John",DM-05,parish,,120.3,,,4,America/Dominica,FALSE,1212395304
Madjini,Madjini,Majini,15.4677,-61.2494,Dominica,DM,DMA,"Saint David","Saint David",DM-03,parish,,43.4,,,4,America/Dominica,FALSE,1212546447
Calibishie,Calibishie,Calibishi,15.5833,-61.3500,Dominica,DM,DMA,"Saint Andrew","Saint Andrew",DM-02,parish,,47.0,,,4,America/Dominica,FALSE,1212694560
Roger,Roger,,15.3390,-61.3881,Dominica,DM,DMA,"Saint Paul","Saint Paul",DM-10,parish,,161.0,,,4,America/Dominica,FALSE,1212477678
"Bon Repos","Bon Repos",,15.3736,-61.3857,Dominica,DM,DMA,"Saint Paul","Saint Paul",DM-10,parish,,161.0,,,4,America/Dominica,FALSE,1212000015
"Morne Soleil","Morne Soleil",,15.6137,-61.4654,Dominica,DM,DMA,"Saint John","Saint John",DM-05,parish,,120.3,,,4,America/Dominica,FALSE,1212378008
Stowe,Stowe,,15.2457,-61.2934,Dominica,DM,DMA,"Saint Patrick","Saint Patrick",DM-09,parish,,78.4,,,4,America/Dominica,FALSE,1212084621
Laudat,Laudat,Meudon,15.3333,-61.3333,Dominica,DM,DMA,"Saint George","Saint George",DM-04,parish,,391.7,,,3,America/Dominica,FALSE,1212072155
Guillet,Guillet,,15.6051,-61.4611,Dominica,DM,DMA,"Saint John","Saint John",DM-05,parish,,120.3,,,4,America/Dominica,FALSE,1212542370
Glanvillia,Glanvillia,Glanville,15.5671,-61.4561,Dominica,DM,DMA,"Saint John","Saint John",DM-05,parish,,120.3,,,4,America/Dominica,FALSE,1212520572
"Dos D’Âne","Dos D'Ane","Dos D’Ane",15.5852,-61.4127,Dominica,DM,DMA,"Saint Andrew","Saint Andrew",DM-02,parish,,53.5,,,4,America/Dominica,FALSE,1212978637
"Pont Cassé","Pont Casse","Pond Casse",15.3667,-61.3500,Dominica,DM,DMA,"Saint Paul","Saint Paul",DM-10,parish,,161.0,,,4,America/Dominica,FALSE,1212814661
Bassinville,Bassinville,"Basin Will",15.4333,-61.3667,Dominica,DM,DMA,"Saint Joseph","Saint Joseph",DM-06,parish,,43.3,,,4,America/Dominica,FALSE,1212632626
Giraudel,Giraudel,Griaudel|Giraudet,15.2884,-61.3488,Dominica,DM,DMA,"Saint George","Saint George",DM-04,parish,,391.7,,,3,America/Dominica,FALSE,1212437959
"Mount Saint Mary’s","Mount Saint Mary's",,15.2906,-61.3729,Dominica,DM,DMA,"Saint George","Saint George",DM-04,parish,,391.7,,,3,America/Dominica,FALSE,1212000008
Tarou,Tarou,,15.3886,-61.4148,Dominica,DM,DMA,"Saint Paul","Saint Paul",DM-10,parish,,161.0,,,4,America/Dominica,FALSE,1212908454
"Wall House","Wall House",Gillon,15.2782,-61.3714,Dominica,DM,DMA,"Saint George","Saint George",DM-04,parish,,391.7,,,3,America/Dominica,FALSE,1212294737
Gaulette,Gaulette,,15.4826,-61.2528,Dominica,DM,DMA,"Saint David","Saint David",DM-03,parish,,43.4,,,4,America/Dominica,FALSE,1212710219
Morpo,Morpo,,15.4266,-61.2556,Dominica,DM,DMA,"Saint David","Saint David",DM-03,parish,,43.3,,,4,America/Dominica,FALSE,1212814382
"Petite Soufrière","Petite Soufriere","Petite Soufriere",15.3912,-61.2554,Dominica,DM,DMA,"Saint David","Saint David",DM-03,parish,,43.4,,,4,America/Dominica,FALSE,1212766511
Laronde,Laronde,,15.3191,-61.2478,Dominica,DM,DMA,"Saint Patrick","Saint Patrick",DM-09,parish,,78.4,,,4,America/Dominica,FALSE,1212000012
"La Plaine","La Plaine",,15.2833,-61.2500,Dominica,DM,DMA,"Saint Patrick","Saint Patrick",DM-09,parish,,78.4,,,4,America/Dominica,FALSE,1212708451
Loubiere,Loubiere,,15.2752,-61.3725,Dominica,DM,DMA,"Saint George","Saint George",DM-04,parish,,391.7,,,3,America/Dominica,FALSE,1212672020
"Wotten Waven","Wotten Waven",,15.3197,-61.3389,Dominica,DM,DMA,"Saint George","Saint George",DM-04,parish,,391.7,,,3,America/Dominica,FALSE,1212000011
"Bellevue Chopin","Bellevue Chopin",,15.2667,-61.3460,Dominica,DM,DMA,"Saint George","Saint George",DM-04,parish,,330.3,,,3,America/Dominica,FALSE,1212625403
"Monkey Hill","Monkey Hill",,15.4996,-61.2648,Dominica,DM,DMA,"Saint David","Saint David",DM-03,parish,,43.4,,,4,America/Dominica,FALSE,1212202632
Cochrane,Cochrane,,15.3375,-61.3615,Dominica,DM,DMA,"Saint Paul","Saint Paul",DM-10,parish,,161.0,,,4,America/Dominica,FALSE,1212240353
"River Estate","River Estate",,15.3285,-61.3873,Dominica,DM,DMA,"Saint Paul","Saint Paul",DM-10,parish,,161.0,,,4,America/Dominica,FALSE,1212000009
Demitrie,Demitrie,,15.6334,-61.4253,Dominica,DM,DMA,"Saint Andrew","Saint Andrew",DM-02,parish,,47.0,,,4,America/Dominica,FALSE,1212089862
"Melville Hall","Melville Hall","Melville Hall Estate",15.5453,-61.2922,Dominica,DM,DMA,"Saint Andrew","Saint Andrew",DM-02,parish,,47.0,,,4,America/Dominica,FALSE,1212000014
