city,city_ascii,city_alt,lat,lng,country,iso2,iso3,admin_name,admin_name_ascii,admin_code,admin_type,capital,density,population,population_proper,ranking,timezone,same_name,id
Papeete,Papeete,Papeiti|Papiete|Papiti|Vaiete,-17.5334,-149.5667,"French Polynesia",PF,PYF,"Îles du Vent","Iles du Vent",PF-02,"administrative subdivision",primary,1425.8,131695,131695,1,Pacific/Tahiti,FALSE,1258907380
Avatoru,Avatoru,,-14.9440,-147.7086,"French Polynesia",PF,PYF,"Îles Tuamotu-Gambier","Iles Tuamotu-Gambier",PF-05,"administrative subdivision",,28.9,,,4,Pacific/Tahiti,FALSE,1258855365
Hauturua,Hauturua,,-17.7500,-149.3500,"French Polynesia",PF,PYF,,,,,,115.6,,,4,Pacific/Tahiti,FALSE,1258425557
Vaitoto,Vaitoto,,-17.7667,-149.1167,"French Polynesia",PF,PYF,,,,,,26.0,,,4,Pacific/Tahiti,FALSE,1258869984
Rikitea,Rikitea,Rihirea,-23.1232,-134.9686,"French Polynesia",PF,PYF,"Îles Tuamotu-Gambier","Iles Tuamotu-Gambier",PF-05,"administrative subdivision",,21.2,,,4,Pacific/Gambier,FALSE,1258952634
Paopao,Paopao,,-17.5000,-149.8167,"French Polynesia",PF,PYF,,,,,,213.0,,,3,Pacific/Tahiti,FALSE,1258028758
Uritutua,Uritutua,,-17.8004,-149.2953,"French Polynesia",PF,PYF,"Îles du Vent","Iles du Vent",PF-02,"administrative subdivision",,131.3,,,4,Pacific/Tahiti,FALSE,1258967772
Niumaa,Niumaa,,-17.7358,-149.2365,"French Polynesia",PF,PYF,"Îles du Vent","Iles du Vent",PF-02,"administrative subdivision",,83.0,,,4,Pacific/Tahiti,FALSE,1258093590
Tiaraha,Tiaraha,,-17.5500,-149.7833,"French Polynesia",PF,PYF,,,,,,174.8,,,4,Pacific/Tahiti,FALSE,1258027090
Nutae,Nutae,,-17.7401,-149.2539,"French Polynesia",PF,PYF,"Îles du Vent","Iles du Vent",PF-02,"administrative subdivision",,117.9,,,4,Pacific/Tahiti,FALSE,1258955916
Faanui,Faanui,Fanui,-16.4870,-151.7423,"French Polynesia",PF,PYF,"Îles Sous-le-Vent","Iles Sous-le-Vent",PF-04,"administrative subdivision",,346.7,,,3,Pacific/Tahiti,FALSE,1258554689
Otepa,Otepa,,-18.1062,-140.9059,"French Polynesia",PF,PYF,"Îles Tuamotu-Gambier","Iles Tuamotu-Gambier",PF-05,"administrative subdivision",,11.4,,,4,Pacific/Tahiti,FALSE,1258165756
Katiro,Katiro,,-17.7833,-149.2833,"French Polynesia",PF,PYF,,,,,,248.8,,,3,Pacific/Tahiti,FALSE,1258889835
Taiokai,Taiokai,,-10.4167,-138.6667,"French Polynesia",PF,PYF,,,,,,7.0,,,5,Pacific/Marquesas,FALSE,1258598084
Haapape,Haapape,Haapane,-17.5000,-149.4833,"French Polynesia",PF,PYF,,,,,,334.2,,,3,Pacific/Tahiti,FALSE,1258372229
Moumu,Moumu,Maumu,-15.8335,-148.2478,"French Polynesia",PF,PYF,"Îles Tuamotu-Gambier","Iles Tuamotu-Gambier",PF-05,"administrative subdivision",,0.7,,,5,Pacific/Tahiti,FALSE,1258960004
Hitianau,Hitianau,,-16.7030,-145.3559,"French Polynesia",PF,PYF,"Îles Tuamotu-Gambier","Iles Tuamotu-Gambier",PF-05,"administrative subdivision",,11.5,,,4,Pacific/Tahiti,FALSE,1258000083
Hitianau,Hitianau,,-16.3662,-144.3563,"French Polynesia",PF,PYF,"Îles Tuamotu-Gambier","Iles Tuamotu-Gambier",PF-05,"administrative subdivision",,4.2,,,5,Pacific/Tahiti,TRUE,1258000097
Anapoto,Anapoto,,-22.6333,-152.8667,"French Polynesia",PF,PYF,,,,,,0,,,5,Pacific/Tahiti,FALSE,1258506030
Tamatoa,Tamatoa,,-23.3912,-149.4517,"French Polynesia",PF,PYF,"Îles Australes","Iles Australes",PF-01,"administrative subdivision",,45.8,,,4,Pacific/Tahiti,FALSE,1258184165
"Motu Ura","Motu Ura",,-22.6500,-152.8500,"French Polynesia",PF,PYF,,,,,,0,,,5,Pacific/Tahiti,FALSE,1258073494
Fatau,Fatau,,-17.7309,-149.3187,"French Polynesia",PF,PYF,"Îles du Vent","Iles du Vent",PF-02,"administrative subdivision",,227.2,,,3,Pacific/Tahiti,FALSE,1258000005
Tupana,Tupana,,-16.1329,-146.3358,"French Polynesia",PF,PYF,"Îles Tuamotu-Gambier","Iles Tuamotu-Gambier",PF-05,"administrative subdivision",,9.9,,,5,Pacific/Tahiti,FALSE,1258983077
Mahina,Mahina,,-17.5000,-149.4500,"French Polynesia",PF,PYF,,,,,,43.0,,,4,Pacific/Tahiti,FALSE,1258899648
Maeva,Maeva,Maheva|Moheva,-16.7009,-150.9870,"French Polynesia",PF,PYF,"Îles Sous-le-Vent","Iles Sous-le-Vent",PF-04,"administrative subdivision",,75.2,,,4,Pacific/Tahiti,FALSE,1258804362
Atiheu,Atiheu,,-8.8467,-140.0534,"French Polynesia",PF,PYF,,,,,,3.1,,,5,Pacific/Marquesas,FALSE,1258808284
Pauiti,Pauiti,,-17.6565,-149.3147,"French Polynesia",PF,PYF,"Îles du Vent","Iles du Vent",PF-02,"administrative subdivision",,44.2,,,4,Pacific/Tahiti,FALSE,1258101192
Teruaupai,Teruaupai,,-16.6148,-151.5402,"French Polynesia",PF,PYF,"Îles Sous-le-Vent","Iles Sous-le-Vent",PF-04,"administrative subdivision",,90.8,,,4,Pacific/Tahiti,FALSE,1258000039
Teroto,Teroto,,-16.7968,-151.4899,"French Polynesia",PF,PYF,"Îles Sous-le-Vent","Iles Sous-le-Vent",PF-04,"administrative subdivision",,74.7,,,4,Pacific/Tahiti,FALSE,1258000067
Teavaroa,Teavaroa,,-14.4729,-145.0384,"French Polynesia",PF,PYF,"Îles Tuamotu-Gambier","Iles Tuamotu-Gambier",PF-05,"administrative subdivision",,53.8,,,4,Pacific/Tahiti,FALSE,1258000014
Lauiaru,Lauiaru,,-17.7500,-149.3500,"French Polynesia",PF,PYF,,,,,,115.6,,,4,Pacific/Tahiti,FALSE,1258174448
Taapuna,Taapuna,,-17.6000,-149.6000,"French Polynesia",PF,PYF,,,,,,383.3,,,3,Pacific/Tahiti,FALSE,1258155499
Urihore,Urihore,,-17.7833,-149.2833,"French Polynesia",PF,PYF,,,,,,248.8,,,3,Pacific/Tahiti,FALSE,1258531383
Farauo,Farauo,,-17.8345,-149.1292,"French Polynesia",PF,PYF,"Îles du Vent","Iles du Vent",PF-02,"administrative subdivision",,26.0,,,4,Pacific/Tahiti,FALSE,1258337113
Otepipi,Otepipi,,-17.4039,-145.5266,"French Polynesia",PF,PYF,"Îles Tuamotu-Gambier","Iles Tuamotu-Gambier",PF-05,"administrative subdivision",,11.8,,,4,Pacific/Tahiti,FALSE,1258000080
Paraohumu,Paraohumu,,-17.5333,-149.8833,"French Polynesia",PF,PYF,,,,,,135.4,,,4,Pacific/Tahiti,FALSE,1258127498
Papehee,Papehee,,-17.6000,-149.3000,"French Polynesia",PF,PYF,,,,,,45.4,,,4,Pacific/Tahiti,FALSE,1258123784
Hopiropiro,Hopiropiro,,-15.2278,-147.7576,"French Polynesia",PF,PYF,"Îles Tuamotu-Gambier","Iles Tuamotu-Gambier",PF-05,"administrative subdivision",,28.9,,,4,Pacific/Tahiti,FALSE,1258000036
Taravao,Taravao,,-17.7333,-149.3167,"French Polynesia",PF,PYF,,,,,,227.2,,,3,Pacific/Tahiti,FALSE,1258525450
Pohua,Pohua,Pahua,-17.7306,-149.2885,"French Polynesia",PF,PYF,"Îles du Vent","Iles du Vent",PF-02,"administrative subdivision",,227.2,,,3,Pacific/Tahiti,FALSE,1258529765
Herengao,Herengao,,-17.3974,-145.4791,"French Polynesia",PF,PYF,"Îles Tuamotu-Gambier","Iles Tuamotu-Gambier",PF-05,"administrative subdivision",,11.8,,,4,Pacific/Tahiti,FALSE,1258000076
Onoheha,Onoheha,,-17.5333,-149.3667,"French Polynesia",PF,PYF,,,,,,71.3,,,4,Pacific/Tahiti,FALSE,1258385603
Nivee,Nivee,,-17.5167,-149.4000,"French Polynesia",PF,PYF,,,,,,43.1,,,4,Pacific/Tahiti,FALSE,1258988021
Mahu,Mahu,Mahua,-23.3950,-149.4761,"French Polynesia",PF,PYF,"Îles Australes","Iles Australes",PF-01,"administrative subdivision",,45.8,,,4,Pacific/Tahiti,FALSE,1258264685
Papetoai,Papetoai,Papeotai,-17.4833,-149.8667,"French Polynesia",PF,PYF,,,,,,112.2,,,4,Pacific/Tahiti,FALSE,1258845571
Raiatea,Raiatea,,-16.7979,-151.4020,"French Polynesia",PF,PYF,"Îles Sous-le-Vent","Iles Sous-le-Vent",PF-04,"administrative subdivision",,80.3,,,4,Pacific/Tahiti,FALSE,1258000093
Tautara,Tautara,,-16.8992,-151.4330,"French Polynesia",PF,PYF,"Îles Sous-le-Vent","Iles Sous-le-Vent",PF-04,"administrative subdivision",,32.0,,,4,Pacific/Tahiti,FALSE,1258000021
Faanoa,Faanoa,,-16.4500,-152.2667,"French Polynesia",PF,PYF,,,,,,40.4,,,4,Pacific/Tahiti,FALSE,1258891966
Rairua,Rairua,Raiurua|Rairoa,-23.8697,-147.6859,"French Polynesia",PF,PYF,"Îles Australes","Iles Australes",PF-01,"administrative subdivision",,41.2,,,4,Pacific/Tahiti,FALSE,1258183434
Patii,Patii,,-16.6613,-151.5132,"French Polynesia",PF,PYF,"Îles Sous-le-Vent","Iles Sous-le-Vent",PF-04,"administrative subdivision",,57.2,,,4,Pacific/Tahiti,FALSE,1258000043
Patio,Patio,,-16.5848,-151.4974,"French Polynesia",PF,PYF,"Îles Sous-le-Vent","Iles Sous-le-Vent",PF-04,"administrative subdivision",,42.0,,,4,Pacific/Tahiti,FALSE,1258991464
Hanatekuua,Hanatekuua,,-9.7054,-138.9910,"French Polynesia",PF,PYF,"Îles Marquises","Iles Marquises",PF-03,"administrative subdivision",,6.9,,,5,Pacific/Marquesas,FALSE,1258000047
Faie,Faie,,-16.7310,-150.9948,"French Polynesia",PF,PYF,"Îles Sous-le-Vent","Iles Sous-le-Vent",PF-04,"administrative subdivision",,76.6,,,4,Pacific/Tahiti,FALSE,1258000019
Ouia,Ouia,,-10.4667,-138.6167,"French Polynesia",PF,PYF,,,,,,7.0,,,5,Pacific/Marquesas,FALSE,1258658145
Taiore,Taiore,,-14.9475,-148.0583,"French Polynesia",PF,PYF,"Îles Tuamotu-Gambier","Iles Tuamotu-Gambier",PF-05,"administrative subdivision",,24.1,,,4,Pacific/Tahiti,FALSE,1258000010
Vaitu,Vaitu,,-8.9333,-140.0833,"French Polynesia",PF,PYF,,,,,,9.6,,,5,Pacific/Marquesas,FALSE,1258672785
Papehere,Papehere,,-17.8280,-149.2857,"French Polynesia",PF,PYF,"Îles du Vent","Iles du Vent",PF-02,"administrative subdivision",,131.3,,,4,Pacific/Tahiti,FALSE,1258000009
Mitirapa,Mitirapa,,-17.7333,-149.3000,"French Polynesia",PF,PYF,,,,,,227.2,,,3,Pacific/Tahiti,FALSE,1258326207
Haaoipu,Haaoipu,,-9.9500,-139.0667,"French Polynesia",PF,PYF,,,,,,9.0,,,5,Pacific/Marquesas,FALSE,1258593109
Hanamiai,Hanamiai,,-9.9500,-139.1000,"French Polynesia",PF,PYF,,,,,,9.0,,,5,Pacific/Marquesas,FALSE,1258518414
Iumaru,Iumaru,,-17.5333,-149.9000,"French Polynesia",PF,PYF,,,,,,140.5,,,4,Pacific/Tahiti,FALSE,1258958268
Ohomo,Ohomo,,-15.8500,-142.2667,"French Polynesia",PF,PYF,,,,,,14.5,,,4,Pacific/Tahiti,FALSE,1258553104
"Outu Maoro","Outu Maoro",Utu-maoro,-17.5667,-149.6167,"French Polynesia",PF,PYF,,,,,,787.7,,,3,Pacific/Tahiti,FALSE,1258297929
Papeuriri,Papeuriri,,-17.7683,-149.4110,"French Polynesia",PF,PYF,"Îles du Vent","Iles du Vent",PF-02,"administrative subdivision",,73.1,,,4,Pacific/Tahiti,FALSE,1258000002
Vaitoare,Vaitoare,Tahaa,-16.6795,-151.4620,"French Polynesia",PF,PYF,"Îles Sous-le-Vent","Iles Sous-le-Vent",PF-04,"administrative subdivision",,44.2,,,4,Pacific/Tahiti,FALSE,1258823148
Vaiaro,Vaiaro,Vairo,-17.8546,-149.1358,"French Polynesia",PF,PYF,"Îles du Vent","Iles du Vent",PF-02,"administrative subdivision",,26.0,,,4,Pacific/Tahiti,FALSE,1258718607
Hana-moe-noa,Hana-moe-noa,,-9.9167,-139.1000,"French Polynesia",PF,PYF,,,,,,9.0,,,5,Pacific/Marquesas,FALSE,1258528281
Tenape,Tenape,,-17.3658,-145.5056,"French Polynesia",PF,PYF,"Îles Tuamotu-Gambier","Iles Tuamotu-Gambier",PF-05,"administrative subdivision",,11.8,,,4,Pacific/Tahiti,FALSE,1258000059
Oae,Oae,,-16.4500,-152.2500,"French Polynesia",PF,PYF,,,,,,40.4,,,4,Pacific/Tahiti,FALSE,1258139168
"Hana Teio","Hana Teio",Hanateio,-9.9833,-139.1000,"French Polynesia",PF,PYF,,,,,,9.0,,,5,Pacific/Marquesas,FALSE,1258505642
Tepukamaruia,Tepukamaruia,,-14.1667,-141.2833,"French Polynesia",PF,PYF,,,,,,28.1,,,4,Pacific/Tahiti,FALSE,1258241679
Tairineneva,Tairineneva,,-16.7510,-151.4900,"French Polynesia",PF,PYF,"Îles Sous-le-Vent","Iles Sous-le-Vent",PF-04,"administrative subdivision",,74.7,,,4,Pacific/Tahiti,FALSE,1258000072
Tiitau,Tiitau,Titau,-17.7333,-149.2500,"French Polynesia",PF,PYF,,,,,,83.0,,,4,Pacific/Tahiti,FALSE,1258998725
Otutara,Otutara,Mataiea,-17.7721,-149.4134,"French Polynesia",PF,PYF,"Îles du Vent","Iles du Vent",PF-02,"administrative subdivision",,73.1,,,4,Pacific/Tahiti,FALSE,1258346373
Taaoa,Taaoa,Taua,-9.8335,-139.0653,"French Polynesia",PF,PYF,"Îles Marquises","Iles Marquises",PF-03,"administrative subdivision",,6.9,,,5,Pacific/Marquesas,FALSE,1258656840
Paparevo,Paparevo,,-17.7667,-149.4500,"French Polynesia",PF,PYF,,,,,,73.1,,,4,Pacific/Tahiti,FALSE,1258274490
Tenukupara,Tenukupara,,-14.5390,-146.3547,"French Polynesia",PF,PYF,"Îles Tuamotu-Gambier","Iles Tuamotu-Gambier",PF-05,"administrative subdivision",,51.0,,,4,Pacific/Tahiti,FALSE,1258806152
Maroe,Maroe,,-16.7648,-150.9963,"French Polynesia",PF,PYF,"Îles Sous-le-Vent","Iles Sous-le-Vent",PF-04,"administrative subdivision",,54.9,,,4,Pacific/Tahiti,FALSE,1258024843
Toini,Toini,,-16.3667,-144.3500,"French Polynesia",PF,PYF,,,,,,4.2,,,5,Pacific/Tahiti,FALSE,1258396447
Haramea,Haramea,,-23.3850,-149.5202,"French Polynesia",PF,PYF,"Îles Australes","Iles Australes",PF-01,"administrative subdivision",,52.7,,,4,Pacific/Tahiti,FALSE,1258000091
Hipu,Hipu,,-16.5899,-151.4636,"French Polynesia",PF,PYF,"Îles Sous-le-Vent","Iles Sous-le-Vent",PF-04,"administrative subdivision",,31.3,,,4,Pacific/Tahiti,FALSE,1258000037
Maraa,Maraa,,-17.7667,-149.5667,"French Polynesia",PF,PYF,,,,,,152.9,,,4,Pacific/Tahiti,FALSE,1258279848
Tuherahera,Tuherahera,,-15.1140,-148.2450,"French Polynesia",PF,PYF,"Îles Tuamotu-Gambier","Iles Tuamotu-Gambier",PF-05,"administrative subdivision",,24.1,,,4,Pacific/Tahiti,FALSE,1258396268
Oroihi,Oroihi,Oroiri|Oroiro,-17.7947,-149.2966,"French Polynesia",PF,PYF,"Îles du Vent","Iles du Vent",PF-02,"administrative subdivision",,131.3,,,4,Pacific/Tahiti,FALSE,1258766780
Atimaono,Atimaono,,-17.7667,-149.4667,"French Polynesia",PF,PYF,,,,,,152.9,,,4,Pacific/Tahiti,FALSE,1258240653
"Hana Tuuna","Hana Tuuna",,-10.0000,-139.1167,"French Polynesia",PF,PYF,,,,,,9.0,,,5,Pacific/Marquesas,FALSE,1258189735
Tehurui,Tehurui,,-16.8383,-151.4827,"French Polynesia",PF,PYF,"Îles Sous-le-Vent","Iles Sous-le-Vent",PF-04,"administrative subdivision",,72.1,,,4,Pacific/Tahiti,FALSE,1258000028
Rairai,Rairai,,-17.5333,-149.9167,"French Polynesia",PF,PYF,,,,,,140.5,,,4,Pacific/Tahiti,FALSE,1258610905
Tematahoa,Tematahoa,,-17.4849,-145.3970,"French Polynesia",PF,PYF,"Îles Tuamotu-Gambier","Iles Tuamotu-Gambier",PF-05,"administrative subdivision",,11.8,,,4,Pacific/Tahiti,FALSE,1258000071
Ataiti,Ataiti,,-17.7592,-149.3832,"French Polynesia",PF,PYF,"Îles du Vent","Iles du Vent",PF-02,"administrative subdivision",,115.6,,,4,Pacific/Tahiti,FALSE,1258408059
Vaipohe,Vaipohe,,-17.7561,-149.1571,"French Polynesia",PF,PYF,"Îles du Vent","Iles du Vent",PF-02,"administrative subdivision",,26.0,,,4,Pacific/Tahiti,FALSE,1258817055
Marepa,Marepa,,-17.4667,-149.8000,"French Polynesia",PF,PYF,,,,,,213.0,,,3,Pacific/Tahiti,FALSE,1258149626
Tiarei,Tiarei,,-17.5333,-149.3333,"French Polynesia",PF,PYF,,,,,,71.3,,,4,Pacific/Tahiti,FALSE,1258079094
Vaipeu,Vaipeu,,-17.4833,-149.8333,"French Polynesia",PF,PYF,,,,,,213.0,,,3,Pacific/Tahiti,FALSE,1258776902
Fetuna,Fetuna,,-16.9089,-151.4413,"French Polynesia",PF,PYF,"Îles Sous-le-Vent","Iles Sous-le-Vent",PF-04,"administrative subdivision",,32.0,,,4,Pacific/Tahiti,FALSE,1258419100
Mataorio,Mataorio,,-17.8045,-149.1271,"French Polynesia",PF,PYF,"Îles du Vent","Iles du Vent",PF-02,"administrative subdivision",,26.0,,,4,Pacific/Tahiti,FALSE,1258818845
Huahine,Huahine,,-23.3718,-149.4974,"French Polynesia",PF,PYF,"Îles Australes","Iles Australes",PF-01,"administrative subdivision",,52.7,,,4,Pacific/Tahiti,FALSE,1258106882
"Hiti Mahaua","Hiti Mahaua","Hiti Mahana",-17.5000,-149.4833,"French Polynesia",PF,PYF,,,,,,334.2,,,3,Pacific/Tahiti,FALSE,1258984251
Matura,Matura,,-17.8000,-149.2833,"French Polynesia",PF,PYF,,,,,,131.3,,,4,Pacific/Tahiti,FALSE,1258140417
Hatupa,Hatupa,,-16.6441,-151.5367,"French Polynesia",PF,PYF,"Îles Sous-le-Vent","Iles Sous-le-Vent",PF-04,"administrative subdivision",,59.9,,,4,Pacific/Tahiti,FALSE,1258000051
Tereporepo,Tereporepo,,-14.9667,-144.5500,"French Polynesia",PF,PYF,,,,,,53.8,,,4,Pacific/Tahiti,FALSE,1258540027
Toetoe,Toetoe,,-17.7000,-149.5667,"French Polynesia",PF,PYF,,,,,,184.5,,,4,Pacific/Tahiti,FALSE,1258436975
Faaa,Faaa,Torea,-17.5500,-149.6000,"French Polynesia",PF,PYF,,,,,,950.6,,,3,Pacific/Tahiti,FALSE,1258490885
Hapatoni,Hapatoni,,-9.9667,-139.1167,"French Polynesia",PF,PYF,,,,,,9.0,,,5,Pacific/Marquesas,FALSE,1258126529
Avae,Avae,,-17.5833,-149.6000,"French Polynesia",PF,PYF,,,,,,837.6,,,3,Pacific/Tahiti,FALSE,1258980493
Rotoava,Rotoava,,-16.0584,-145.6173,"French Polynesia",PF,PYF,"Îles Tuamotu-Gambier","Iles Tuamotu-Gambier",PF-05,"administrative subdivision",,27.9,,,4,Pacific/Tahiti,FALSE,1258107540
Teahupoo,Teahupoo,Teahupo|Teahupu,-17.8465,-149.2668,"French Polynesia",PF,PYF,"Îles du Vent","Iles du Vent",PF-02,"administrative subdivision",,25.0,,,4,Pacific/Tahiti,FALSE,1258304179
Vaitona,Vaitona,,-17.7500,-149.1833,"French Polynesia",PF,PYF,,,,,,26.0,,,4,Pacific/Tahiti,FALSE,1258234656
Nurehia,Nurehia,,-17.7500,-149.1833,"French Polynesia",PF,PYF,,,,,,26.0,,,4,Pacific/Tahiti,FALSE,1258806671
Vaitahu,Vaitahu,,-9.9333,-139.1000,"French Polynesia",PF,PYF,,,,,,9.0,,,5,Pacific/Marquesas,FALSE,1258695948
"Haka Puuae","Haka Puuae",,-8.9167,-140.0333,"French Polynesia",PF,PYF,,,,,,6.7,,,5,Pacific/Marquesas,FALSE,1258417335
Vaioperu,Vaioperu,,-17.7333,-149.5500,"French Polynesia",PF,PYF,,,,,,152.9,,,4,Pacific/Tahiti,FALSE,1258102687
Teruafaroa,Teruafaroa,,-17.6762,-149.3085,"French Polynesia",PF,PYF,"Îles du Vent","Iles du Vent",PF-02,"administrative subdivision",,43.3,,,4,Pacific/Tahiti,FALSE,1258510419
Vaitinoua,Vaitinoua,,-23.0814,-134.9455,"French Polynesia",PF,PYF,"Îles Tuamotu-Gambier","Iles Tuamotu-Gambier",PF-05,"administrative subdivision",,21.2,,,4,Pacific/Gambier,FALSE,1258839148
Hutupu,Hutupu,Hutupuu|Hotapuu|Hotopuu,-17.8765,-149.1796,"French Polynesia",PF,PYF,"Îles du Vent","Iles du Vent",PF-02,"administrative subdivision",,25.0,,,4,Pacific/Tahiti,FALSE,1258784557
Moanataa,Moanataa,,-16.8132,-151.4048,"French Polynesia",PF,PYF,"Îles Sous-le-Vent","Iles Sous-le-Vent",PF-04,"administrative subdivision",,74.4,,,4,Pacific/Tahiti,FALSE,1258000063
Orofara,Orofara,Orofura,-17.5000,-149.4667,"French Polynesia",PF,PYF,,,,,,334.2,,,3,Pacific/Tahiti,FALSE,1258832320
Vaitunanaa,Vaitunanaa,,-17.7667,-149.4167,"French Polynesia",PF,PYF,,,,,,73.1,,,4,Pacific/Tahiti,FALSE,1258557992
Puohine,Puohine,,-16.8906,-151.4002,"French Polynesia",PF,PYF,"Îles Sous-le-Vent","Iles Sous-le-Vent",PF-04,"administrative subdivision",,22.8,,,4,Pacific/Tahiti,FALSE,1258000018
Araiteva,Araiteva,,-17.7667,-149.4500,"French Polynesia",PF,PYF,,,,,,73.1,,,4,Pacific/Tahiti,FALSE,1258506987
Gatavaké,Gatavake,,-23.1203,-134.9794,"French Polynesia",PF,PYF,"Îles Tuamotu-Gambier","Iles Tuamotu-Gambier",PF-05,"administrative subdivision",,21.2,,,4,Pacific/Gambier,FALSE,1258899428
Brotherson,Brotherson,,-16.7862,-151.4132,"French Polynesia",PF,PYF,"Îles Sous-le-Vent","Iles Sous-le-Vent",PF-04,"administrative subdivision",,80.3,,,4,Pacific/Tahiti,FALSE,1258000094
"Gahutu Tenohu","Gahutu Tenohu",,-23.0792,-134.9419,"French Polynesia",PF,PYF,"Îles Tuamotu-Gambier","Iles Tuamotu-Gambier",PF-05,"administrative subdivision",,21.2,,,4,Pacific/Gambier,FALSE,1258286472
"Okuru Manga","Okuru Manga",,-17.3522,-145.5142,"French Polynesia",PF,PYF,"Îles Tuamotu-Gambier","Iles Tuamotu-Gambier",PF-05,"administrative subdivision",,11.8,,,4,Pacific/Tahiti,FALSE,1258000058
Mataura,Mataura,,-23.3461,-149.4866,"French Polynesia",PF,PYF,"Îles Australes","Iles Australes",PF-01,"administrative subdivision",,52.7,,,4,Pacific/Tahiti,FALSE,1258422847
Matira,Matira,,-16.5374,-151.7395,"French Polynesia",PF,PYF,"Îles Sous-le-Vent","Iles Sous-le-Vent",PF-04,"administrative subdivision",,313.5,,,3,Pacific/Tahiti,FALSE,1258000087
Atituiti,Atituiti,Atitouiti,-23.1316,-134.9678,"French Polynesia",PF,PYF,"Îles Tuamotu-Gambier","Iles Tuamotu-Gambier",PF-05,"administrative subdivision",,21.2,,,4,Pacific/Gambier,FALSE,1258391995
Fare,Fare,Fané|Owharre,-16.7116,-151.0360,"French Polynesia",PF,PYF,"Îles Sous-le-Vent","Iles Sous-le-Vent",PF-04,"administrative subdivision",,152.2,,,4,Pacific/Tahiti,FALSE,1258216618
Hakamui,Hakamui,,-9.3833,-140.0000,"French Polynesia",PF,PYF,,,,,,23.1,,,4,Pacific/Marquesas,FALSE,1258429205
Patutera,Patutera,,-17.7470,-149.3454,"French Polynesia",PF,PYF,"Îles du Vent","Iles du Vent",PF-02,"administrative subdivision",,115.6,,,4,Pacific/Tahiti,FALSE,1258000006
Gataha,Gataha,,-23.0887,-134.9518,"French Polynesia",PF,PYF,"Îles Tuamotu-Gambier","Iles Tuamotu-Gambier",PF-05,"administrative subdivision",,21.2,,,4,Pacific/Gambier,FALSE,1258295116
Patutoa,Patutoa,,-17.5167,-149.5667,"French Polynesia",PF,PYF,,,,,,1425.8,,,3,Pacific/Tahiti,FALSE,1258290974
Vaiapu,Vaiapu,,-16.8136,-151.4754,"French Polynesia",PF,PYF,"Îles Sous-le-Vent","Iles Sous-le-Vent",PF-04,"administrative subdivision",,74.7,,,4,Pacific/Tahiti,FALSE,1258000095
Papara,Papara,,-17.7608,-149.4959,"French Polynesia",PF,PYF,,,,,,152.9,,,4,Pacific/Tahiti,FALSE,1258533015
Haapiti,Haapiti,,-17.5667,-149.8667,"French Polynesia",PF,PYF,,,,,,140.5,,,4,Pacific/Tahiti,FALSE,1258556418
Opoa,Opoa,,-16.8502,-151.3629,"French Polynesia",PF,PYF,"Îles Sous-le-Vent","Iles Sous-le-Vent",PF-04,"administrative subdivision",,66.7,,,4,Pacific/Tahiti,FALSE,1258251120
Tetira,Tetira,,-17.6167,-149.3000,"French Polynesia",PF,PYF,,,,,,45.4,,,4,Pacific/Tahiti,FALSE,1258040682
Papawa,Papawa,Papava,-17.5167,-149.5167,"French Polynesia",PF,PYF,,,,,,499.8,,,3,Pacific/Tahiti,FALSE,1258959000
Farehau,Farehau,,-17.5333,-149.7833,"French Polynesia",PF,PYF,,,,,,233.3,,,3,Pacific/Tahiti,FALSE,1258977879
Farehau,Farehau,,-16.7167,-151.0167,"French Polynesia",PF,PYF,,,,,,150.5,,,4,Pacific/Tahiti,TRUE,1258118027
Tehekega,Tehekega,,-14.1000,-141.4333,"French Polynesia",PF,PYF,,,,,,9.6,,,5,Pacific/Tahiti,FALSE,1258112685
Taharoa,Taharoa,,-17.7455,-149.2075,"French Polynesia",PF,PYF,"Îles du Vent","Iles du Vent",PF-02,"administrative subdivision",,37.0,,,4,Pacific/Tahiti,FALSE,1258294729
Mahaiutea,Mahaiutea,Marae,-17.7667,-149.5333,"French Polynesia",PF,PYF,,,,,,152.9,,,4,Pacific/Tahiti,FALSE,1258365518
"La Petite Ferme","La Petite Ferme",,-16.7001,-151.0289,"French Polynesia",PF,PYF,"Îles Sous-le-Vent","Iles Sous-le-Vent",PF-04,"administrative subdivision",,152.2,,,4,Pacific/Tahiti,FALSE,1258000017
Paiouma,Paiouma,,-16.4333,-152.2500,"French Polynesia",PF,PYF,,,,,,40.4,,,4,Pacific/Tahiti,FALSE,1258780174
"Manu Meri","Manu Meri",,-16.7788,-151.0228,"French Polynesia",PF,PYF,"Îles Sous-le-Vent","Iles Sous-le-Vent",PF-04,"administrative subdivision",,82.9,,,4,Pacific/Tahiti,FALSE,1258000013
Paofai,Paofai,,-17.8138,-149.1294,"French Polynesia",PF,PYF,"Îles du Vent","Iles du Vent",PF-02,"administrative subdivision",,26.0,,,4,Pacific/Tahiti,FALSE,1258230077
Pirae,Pirae,,-17.5167,-149.5333,"French Polynesia",PF,PYF,,,,,,499.8,,,3,Pacific/Tahiti,FALSE,1258185907
Anganui,Anganui,,-23.1451,-135.0412,"French Polynesia",PF,PYF,"Îles Tuamotu-Gambier","Iles Tuamotu-Gambier",PF-05,"administrative subdivision",,21.2,,,4,Pacific/Gambier,FALSE,1258593092
Pahiti,Pahiti,,-16.6833,-151.0000,"French Polynesia",PF,PYF,,,,,,75.2,,,4,Pacific/Tahiti,FALSE,1258478314
Aiai,Aiai,,-16.6367,-151.4442,"French Polynesia",PF,PYF,"Îles Sous-le-Vent","Iles Sous-le-Vent",PF-04,"administrative subdivision",,65.8,,,4,Pacific/Tahiti,FALSE,1258000033
Putiara,Putiara,,-17.8000,-149.2833,"French Polynesia",PF,PYF,,,,,,131.3,,,4,Pacific/Tahiti,FALSE,1258822804
"Ivaiva Nui","Ivaiva Nui",,-9.9167,-139.1000,"French Polynesia",PF,PYF,,,,,,9.0,,,5,Pacific/Marquesas,FALSE,1258163852
Faremi,Faremi,,-17.7667,-149.4333,"French Polynesia",PF,PYF,,,,,,73.1,,,4,Pacific/Tahiti,FALSE,1258095027
Te-Fare-Arii,Te-Fare-Arii,,-16.4500,-152.2500,"French Polynesia",PF,PYF,,,,,,40.4,,,4,Pacific/Tahiti,FALSE,1258614735
Temae,Temae,,-17.4833,-149.7667,"French Polynesia",PF,PYF,,,,,,269.5,,,3,Pacific/Tahiti,FALSE,1258248885
Patere,Patere,,-17.7500,-149.5333,"French Polynesia",PF,PYF,,,,,,152.9,,,4,Pacific/Tahiti,FALSE,1258740130
"Hanga Haa","Hanga Haa",,-8.8833,-140.0333,"French Polynesia",PF,PYF,,,,,,6.7,,,5,Pacific/Marquesas,FALSE,1258038509
Tumukuru,Tumukuru,,-17.3532,-138.4622,"French Polynesia",PF,PYF,,,,,,14.1,,,4,Pacific/Tahiti,FALSE,1258002772
Orouau,Orouau,Oroau,-17.4667,-149.8000,"French Polynesia",PF,PYF,,,,,,213.0,,,3,Pacific/Tahiti,FALSE,1258750951
Nairiri,Nairiri,,-17.7711,-149.4270,"French Polynesia",PF,PYF,"Îles du Vent","Iles du Vent",PF-02,"administrative subdivision",,73.1,,,4,Pacific/Tahiti,FALSE,1258164751
Hanavave,Hanavave,,-10.4500,-138.6500,"French Polynesia",PF,PYF,,,,,,7.0,,,5,Pacific/Marquesas,FALSE,1258819442
Tahauku,Tahauku,,-9.8051,-139.0294,"French Polynesia",PF,PYF,"Îles Marquises","Iles Marquises",PF-03,"administrative subdivision",,6.9,,,5,Pacific/Marquesas,FALSE,1258000081
Avera,Avera,,-16.7858,-151.4142,"French Polynesia",PF,PYF,"Îles Sous-le-Vent","Iles Sous-le-Vent",PF-04,"administrative subdivision",,80.3,,,4,Pacific/Tahiti,FALSE,1258000066
Garumaoa,Garumaoa,Ngarumaova,-16.0167,-142.4500,"French Polynesia",PF,PYF,,,,,,14.5,,,4,Pacific/Tahiti,FALSE,1258544194
Avera,Avera,,-22.4800,-151.3509,"French Polynesia",PF,PYF,"Îles Australes","Iles Australes",PF-01,"administrative subdivision",,56.1,,,4,Pacific/Tahiti,FALSE,1258969315
Mataiva,Mataiva,Motaiva,-17.7500,-149.1833,"French Polynesia",PF,PYF,,,,,,26.0,,,4,Pacific/Tahiti,FALSE,1258798814
Eiaone,Eiaone,,-9.7447,-138.9037,"French Polynesia",PF,PYF,"Îles Marquises","Iles Marquises",PF-03,"administrative subdivision",,4.6,,,5,Pacific/Marquesas,FALSE,1258000049
Faremeho,Faremeho,,-16.7900,-151.4099,"French Polynesia",PF,PYF,"Îles Sous-le-Vent","Iles Sous-le-Vent",PF-04,"administrative subdivision",,80.3,,,4,Pacific/Tahiti,FALSE,1258000065
Mahaena,Mahaena,,-17.5667,-149.3167,"French Polynesia",PF,PYF,,,,,,26.3,,,4,Pacific/Tahiti,FALSE,1258565494
Vahitu,Vahitu,,-17.7423,-149.3435,"French Polynesia",PF,PYF,"Îles du Vent","Iles du Vent",PF-02,"administrative subdivision",,115.6,,,4,Pacific/Tahiti,FALSE,1258000007
Volande,Volande,,-16.7958,-151.4061,"French Polynesia",PF,PYF,"Îles Sous-le-Vent","Iles Sous-le-Vent",PF-04,"administrative subdivision",,80.3,,,4,Pacific/Tahiti,FALSE,1258000001
Pipine,Pipine,,-17.5167,-149.5167,"French Polynesia",PF,PYF,,,,,,499.8,,,3,Pacific/Tahiti,FALSE,1258679571
Faauanu,Faauanu,,-17.5333,-149.3500,"French Polynesia",PF,PYF,,,,,,71.3,,,4,Pacific/Tahiti,FALSE,1258575950
Uturoa,Uturoa,,-16.7265,-151.4475,"French Polynesia",PF,PYF,"Îles Sous-le-Vent","Iles Sous-le-Vent",PF-04,"administrative subdivision",,262.3,,,3,Pacific/Tahiti,FALSE,1258089725
Kairori,Kairori,,-23.0912,-134.9527,"French Polynesia",PF,PYF,"Îles Tuamotu-Gambier","Iles Tuamotu-Gambier",PF-05,"administrative subdivision",,21.2,,,4,Pacific/Gambier,FALSE,1258576550
Moerai,Moerai,,-22.4505,-151.3440,"French Polynesia",PF,PYF,"Îles Australes","Iles Australes",PF-01,"administrative subdivision",,78.9,,,4,Pacific/Tahiti,FALSE,1258154046
Tefau,Tefau,,-17.5667,-149.8500,"French Polynesia",PF,PYF,,,,,,140.5,,,4,Pacific/Tahiti,FALSE,1258069450
Omoa,Omoa,,-10.5000,-138.6833,"French Polynesia",PF,PYF,,,,,,7.0,,,5,Pacific/Marquesas,FALSE,1258250576
Anau,Anau,,-16.5015,-151.7213,"French Polynesia",PF,PYF,"Îles Sous-le-Vent","Iles Sous-le-Vent",PF-04,"administrative subdivision",,471.5,,,3,Pacific/Tahiti,FALSE,1258216663
Murifenua,Murifenua,,-16.6002,-151.5407,"French Polynesia",PF,PYF,"Îles Sous-le-Vent","Iles Sous-le-Vent",PF-04,"administrative subdivision",,90.8,,,4,Pacific/Tahiti,FALSE,1258000052
Ahurei,Ahurei,Haurei,-27.6000,-144.3167,"French Polynesia",PF,PYF,,,,,,9.0,,,5,Pacific/Tahiti,FALSE,1258757466
Vaiuru,Vaiuru,,-23.8698,-147.6457,"French Polynesia",PF,PYF,"Îles Australes","Iles Australes",PF-01,"administrative subdivision",,31.9,,,4,Pacific/Tahiti,FALSE,1258912102
Tepaetia,Tepaetia,,-14.9452,-147.6925,"French Polynesia",PF,PYF,"Îles Tuamotu-Gambier","Iles Tuamotu-Gambier",PF-05,"administrative subdivision",,28.9,,,4,Pacific/Tahiti,FALSE,1258000026
Vaiori,Vaiori,,-17.9667,-142.2333,"French Polynesia",PF,PYF,,,,,,13.3,,,4,Pacific/Tahiti,FALSE,1258823884
Faaini,Faaini,,-16.7254,-151.0370,"French Polynesia",PF,PYF,"Îles Sous-le-Vent","Iles Sous-le-Vent",PF-04,"administrative subdivision",,110.7,,,4,Pacific/Tahiti,FALSE,1258000015
Paraeo,Paraeo,Taraeo|Faraeo,-17.7355,-149.2333,"French Polynesia",PF,PYF,"Îles du Vent","Iles du Vent",PF-02,"administrative subdivision",,83.0,,,4,Pacific/Tahiti,FALSE,1258169754
Otumai,Otumai,Ootomai,-17.5000,-149.8167,"French Polynesia",PF,PYF,,,,,,213.0,,,3,Pacific/Tahiti,FALSE,1258176235
Pihaena,Pihaena,Piahena,-17.4833,-149.8333,"French Polynesia",PF,PYF,,,,,,213.0,,,3,Pacific/Tahiti,FALSE,1258679076
Haapu,Haapu,Apu,-16.7922,-151.0109,"French Polynesia",PF,PYF,"Îles Sous-le-Vent","Iles Sous-le-Vent",PF-04,"administrative subdivision",,99.5,,,4,Pacific/Tahiti,FALSE,1258296314
Hitiaa,Hitiaa,Hitia,-17.6000,-149.3000,"French Polynesia",PF,PYF,,,,,,45.4,,,4,Pacific/Tahiti,FALSE,1258368845
Mariuti,Mariuti,,-17.5833,-149.4333,"French Polynesia",PF,PYF,,,,,,43.0,,,4,Pacific/Tahiti,FALSE,1258347502
Faone,Faone,Faaone,-17.6692,-149.3092,"French Polynesia",PF,PYF,"Îles du Vent","Iles du Vent",PF-02,"administrative subdivision",,43.3,,,4,Pacific/Tahiti,FALSE,1258457352
Taku,Taku,Takou,-23.0846,-134.9477,"French Polynesia",PF,PYF,"Îles Tuamotu-Gambier","Iles Tuamotu-Gambier",PF-05,"administrative subdivision",,21.2,,,4,Pacific/Gambier,FALSE,1258060412
Afaahiti,Afaahiti,,-17.7500,-149.2833,"French Polynesia",PF,PYF,,,,,,227.2,,,3,Pacific/Tahiti,FALSE,1258201048
Tukuhora,Tukuhora,Tuuhora,-17.3422,-145.5239,"French Polynesia",PF,PYF,"Îles Tuamotu-Gambier","Iles Tuamotu-Gambier",PF-05,"administrative subdivision",,11.8,,,4,Pacific/Tahiti,FALSE,1258456410
Pierre,Pierre,,-17.8000,-149.2833,"French Polynesia",PF,PYF,,,,,,131.3,,,4,Pacific/Tahiti,FALSE,1258977039
Fitii,Fitii,,-16.7369,-151.0313,"French Polynesia",PF,PYF,"Îles Sous-le-Vent","Iles Sous-le-Vent",PF-04,"administrative subdivision",,110.4,,,4,Pacific/Tahiti,FALSE,1258743123
Ta’atoi,Ta'atoi,Tatoi,-16.4524,-152.2701,"French Polynesia",PF,PYF,"Îles Sous-le-Vent","Iles Sous-le-Vent",PF-04,"administrative subdivision",,40.4,,,4,Pacific/Tahiti,FALSE,1258512817
Hanamenu,Hanamenu,,-9.7690,-139.1405,"French Polynesia",PF,PYF,"Îles Marquises","Iles Marquises",PF-03,"administrative subdivision",,6.9,,,5,Pacific/Marquesas,FALSE,1258000070
Vaioa,Vaioa,,-16.7689,-151.0082,"French Polynesia",PF,PYF,"Îles Sous-le-Vent","Iles Sous-le-Vent",PF-04,"administrative subdivision",,55.6,,,4,Pacific/Tahiti,FALSE,1258000012
Moroi,Moroi,,-16.7850,-151.4859,"French Polynesia",PF,PYF,"Îles Sous-le-Vent","Iles Sous-le-Vent",PF-04,"administrative subdivision",,74.7,,,4,Pacific/Tahiti,FALSE,1258000068
Atirikigaro,Atirikigaro,,-23.0936,-134.9450,"French Polynesia",PF,PYF,"Îles Tuamotu-Gambier","Iles Tuamotu-Gambier",PF-05,"administrative subdivision",,21.2,,,4,Pacific/Gambier,FALSE,1258073729
Area,Area,,-27.6000,-144.3167,"French Polynesia",PF,PYF,,,,,,9.0,,,5,Pacific/Tahiti,FALSE,1258124070
Tereia,Tereia,,-15.0735,-147.9356,"French Polynesia",PF,PYF,"Îles Tuamotu-Gambier","Iles Tuamotu-Gambier",PF-05,"administrative subdivision",,28.9,,,4,Pacific/Tahiti,FALSE,1258000060
Vaihi,Vaihi,,-17.7734,-149.3080,"French Polynesia",PF,PYF,"Îles du Vent","Iles du Vent",PF-02,"administrative subdivision",,252.3,,,3,Pacific/Tahiti,FALSE,1258443038
Hanaui,Hanaui,,-9.7500,-139.0833,"French Polynesia",PF,PYF,,,,,,6.9,,,5,Pacific/Marquesas,FALSE,1258253540
Teonemahina,Teonemahina,Teonemahima,-14.8000,-138.8500,"French Polynesia",PF,PYF,,,,,,7.1,,,5,Pacific/Tahiti,FALSE,1258913914
Taahuaia,Taahuaia,,-23.3469,-149.4559,"French Polynesia",PF,PYF,"Îles Australes","Iles Australes",PF-01,"administrative subdivision",,35.4,,,4,Pacific/Tahiti,FALSE,1258000082
Matiti,Matiti,,-17.8243,-149.2879,"French Polynesia",PF,PYF,"Îles du Vent","Iles du Vent",PF-02,"administrative subdivision",,131.3,,,4,Pacific/Tahiti,FALSE,1258246164
Anaho,Anaho,,-8.8500,-140.0500,"French Polynesia",PF,PYF,,,,,,3.0,,,5,Pacific/Marquesas,FALSE,1258607202
Paraiore,Paraiore,,-17.8000,-149.2833,"French Polynesia",PF,PYF,,,,,,131.3,,,4,Pacific/Tahiti,FALSE,1258920071
Matotea,Matotea,,-23.8754,-147.7001,"French Polynesia",PF,PYF,"Îles Australes","Iles Australes",PF-01,"administrative subdivision",,41.2,,,4,Pacific/Tahiti,FALSE,1258712485
Tuara,Tuara,Tuaraa,-17.7585,-149.1540,"French Polynesia",PF,PYF,"Îles du Vent","Iles du Vent",PF-02,"administrative subdivision",,26.0,,,4,Pacific/Tahiti,FALSE,1258549722
Patuarepa,Patuarepa,Pahiarepo,-17.7333,-149.6333,"French Polynesia",PF,PYF,,,,,,0,,,5,Pacific/Tahiti,FALSE,1258444348
Taunoa,Taunoa,,-17.5167,-149.5500,"French Polynesia",PF,PYF,,,,,,441.3,,,3,Pacific/Tahiti,FALSE,1258641043
Vaitoare,Vaitoare,,-17.6833,-149.3000,"French Polynesia",PF,PYF,,,,,,43.3,,,4,Pacific/Tahiti,FALSE,1258344063
Afareaitu,Afareaitu,,-17.5500,-149.7833,"French Polynesia",PF,PYF,,,,,,174.8,,,4,Pacific/Tahiti,FALSE,1258124068
Motopu,Motopu,Matopu,-9.9167,-139.0500,"French Polynesia",PF,PYF,,,,,,9.0,,,5,Pacific/Marquesas,FALSE,1258027648
Faaopore,Faaopore,,-16.6245,-151.4360,"French Polynesia",PF,PYF,"Îles Sous-le-Vent","Iles Sous-le-Vent",PF-04,"administrative subdivision",,64.2,,,4,Pacific/Tahiti,FALSE,1258000035
Mana,Mana,,-16.7242,-151.4648,"French Polynesia",PF,PYF,"Îles Sous-le-Vent","Iles Sous-le-Vent",PF-04,"administrative subdivision",,262.3,,,3,Pacific/Tahiti,FALSE,1258000016
Taunoa,Taunoa,Papeari,-17.7514,-149.3560,"French Polynesia",PF,PYF,"Îles du Vent","Iles du Vent",PF-02,"administrative subdivision",,115.6,,,4,Pacific/Tahiti,FALSE,1258609305
Pihaa,Pihaa,,-17.7438,-149.2034,"French Polynesia",PF,PYF,"Îles du Vent","Iles du Vent",PF-02,"administrative subdivision",,37.0,,,4,Pacific/Tahiti,FALSE,1258059045
Teavaro,Teavaro,,-17.5000,-149.7667,"French Polynesia",PF,PYF,,,,,,273.7,,,3,Pacific/Tahiti,FALSE,1258144388
"Te Rua Pua","Te Rua Pua",,-17.5167,-149.5333,"French Polynesia",PF,PYF,,,,,,499.8,,,3,Pacific/Tahiti,FALSE,1258257811
Puamau,Puamau,,-9.7630,-138.8855,"French Polynesia",PF,PYF,"Îles Marquises","Iles Marquises",PF-03,"administrative subdivision",,4.6,,,5,Pacific/Marquesas,FALSE,1258000053
Parea,Parea,,-16.8082,-150.9797,"French Polynesia",PF,PYF,"Îles Sous-le-Vent","Iles Sous-le-Vent",PF-04,"administrative subdivision",,93.1,,,4,Pacific/Tahiti,FALSE,1258973791
Arahiri,Arahiri,,-17.5167,-149.5333,"French Polynesia",PF,PYF,,,,,,499.8,,,3,Pacific/Tahiti,FALSE,1258187067
Manuihi,Manuihi,,-16.7787,-151.4890,"French Polynesia",PF,PYF,"Îles Sous-le-Vent","Iles Sous-le-Vent",PF-04,"administrative subdivision",,74.7,,,4,Pacific/Tahiti,FALSE,1258000069
Fakatopatere,Fakatopatere,,-14.7098,-145.2467,"French Polynesia",PF,PYF,"Îles Tuamotu-Gambier","Iles Tuamotu-Gambier",PF-05,"administrative subdivision",,19.6,,,4,Pacific/Tahiti,FALSE,1258403284
Faaha,Faaha,,-16.6246,-151.4599,"French Polynesia",PF,PYF,"Îles Sous-le-Vent","Iles Sous-le-Vent",PF-04,"administrative subdivision",,65.8,,,4,Pacific/Tahiti,FALSE,1258000034
Petei,Petei,,-16.4462,-152.2483,"French Polynesia",PF,PYF,"Îles Sous-le-Vent","Iles Sous-le-Vent",PF-04,"administrative subdivision",,40.4,,,4,Pacific/Tahiti,FALSE,1258000056
Mataorio,Mataorio,,-17.5833,-149.3000,"French Polynesia",PF,PYF,,,,,,45.4,,,4,Pacific/Tahiti,FALSE,1258080604
Hooumi,Hooumi,Houmi,-8.9000,-140.0167,"French Polynesia",PF,PYF,,,,,,6.7,,,5,Pacific/Marquesas,FALSE,1258658731
Niuporiri,Niuporiri,,-17.7833,-149.2833,"French Polynesia",PF,PYF,,,,,,248.8,,,3,Pacific/Tahiti,FALSE,1258191391
Apeakava,Apeakava,,-23.0970,-134.9580,"French Polynesia",PF,PYF,"Îles Tuamotu-Gambier","Iles Tuamotu-Gambier",PF-05,"administrative subdivision",,21.2,,,4,Pacific/Gambier,FALSE,1258930591
"Bali Haï","Bali Hai",,-16.7395,-151.4363,"French Polynesia",PF,PYF,"Îles Sous-le-Vent","Iles Sous-le-Vent",PF-04,"administrative subdivision",,262.3,,,3,Pacific/Tahiti,FALSE,1258000096
Vaiaau,Vaiaau,Vaïaau|Marahi,-16.8596,-151.4802,"French Polynesia",PF,PYF,"Îles Sous-le-Vent","Iles Sous-le-Vent",PF-04,"administrative subdivision",,50.0,,,4,Pacific/Tahiti,FALSE,1258132585
Taamoi,Taamoi,,-14.9588,-147.6484,"French Polynesia",PF,PYF,"Îles Tuamotu-Gambier","Iles Tuamotu-Gambier",PF-05,"administrative subdivision",,28.9,,,4,Pacific/Tahiti,FALSE,1258000023
Hurunanu,Hurunanu,Hurumanu|Houroumanou,-16.4538,-152.2564,"French Polynesia",PF,PYF,"Îles Sous-le-Vent","Iles Sous-le-Vent",PF-04,"administrative subdivision",,40.4,,,4,Pacific/Tahiti,FALSE,1258257463
Paeau,Paeau,,-17.5167,-149.9167,"French Polynesia",PF,PYF,,,,,,140.5,,,4,Pacific/Tahiti,FALSE,1258727248
Opaura,Opaura,Apaura,-17.5667,-149.8500,"French Polynesia",PF,PYF,,,,,,140.5,,,4,Pacific/Tahiti,FALSE,1258630299
Tiomati,Tiomati,,-17.7833,-149.2833,"French Polynesia",PF,PYF,,,,,,248.8,,,3,Pacific/Tahiti,FALSE,1258379469
Temarie,Temarie,,-17.3420,-145.5668,"French Polynesia",PF,PYF,"Îles Tuamotu-Gambier","Iles Tuamotu-Gambier",PF-05,"administrative subdivision",,11.8,,,4,Pacific/Tahiti,FALSE,1258000085
Paeua,Paeua,,-14.4611,-146.0575,"French Polynesia",PF,PYF,"Îles Tuamotu-Gambier","Iles Tuamotu-Gambier",PF-05,"administrative subdivision",,35.7,,,4,Pacific/Tahiti,FALSE,1258000078
Oponu,Oponu,,-17.5167,-149.8500,"French Polynesia",PF,PYF,,,,,,112.2,,,4,Pacific/Tahiti,FALSE,1258189185
Nahoe,Nahoe,Mahoe,-9.7405,-138.9226,"French Polynesia",PF,PYF,"Îles Marquises","Iles Marquises",PF-03,"administrative subdivision",,4.6,,,5,Pacific/Marquesas,FALSE,1258002362
Utuofai,Utuofai,Otuofai|Utaofai,-17.6618,-149.3125,"French Polynesia",PF,PYF,"Îles du Vent","Iles du Vent",PF-02,"administrative subdivision",,43.3,,,4,Pacific/Tahiti,FALSE,1258626103
Akaputu,Akaputu,,-23.0804,-134.9365,"French Polynesia",PF,PYF,"Îles Tuamotu-Gambier","Iles Tuamotu-Gambier",PF-05,"administrative subdivision",,21.2,,,4,Pacific/Gambier,FALSE,1258113413
Tapuamu,Tapuamu,,-16.6189,-151.5429,"French Polynesia",PF,PYF,"Îles Sous-le-Vent","Iles Sous-le-Vent",PF-04,"administrative subdivision",,90.8,,,4,Pacific/Tahiti,FALSE,1258000045
Maatea,Maatea,Mahatea,-17.5833,-149.8167,"French Polynesia",PF,PYF,,,,,,171.0,,,4,Pacific/Tahiti,FALSE,1258979916
Huau,Huau,,-17.5167,-149.3833,"French Polynesia",PF,PYF,,,,,,62.3,,,4,Pacific/Tahiti,FALSE,1258718285
Atiue,Atiue,,-17.6000,-149.6167,"French Polynesia",PF,PYF,,,,,,383.3,,,3,Pacific/Tahiti,FALSE,1258572944
Hanaiapa,Hanaiapa,,-9.7237,-139.0096,"French Polynesia",PF,PYF,"Îles Marquises","Iles Marquises",PF-03,"administrative subdivision",,6.9,,,5,Pacific/Marquesas,FALSE,1258000046
Paparara,Paparara,,-15.5094,-145.4558,"French Polynesia",PF,PYF,"Îles Tuamotu-Gambier","Iles Tuamotu-Gambier",PF-05,"administrative subdivision",,4.1,,,5,Pacific/Tahiti,FALSE,1258000061
Poutei,Poutei,,-17.7500,-149.3500,"French Polynesia",PF,PYF,,,,,,115.6,,,4,Pacific/Tahiti,FALSE,1258573347
Teana,Teana,,-15.8333,-140.9000,"French Polynesia",PF,PYF,,,,,,7.7,,,5,Pacific/Tahiti,FALSE,1258695031
Titiaroa,Titiaroa,,-17.0149,-149.5876,"French Polynesia",PF,PYF,,,,,,499.8,,,3,Pacific/Tahiti,FALSE,1258467065
Paturoa,Paturoa,,-17.7481,-149.1990,"French Polynesia",PF,PYF,"Îles du Vent","Iles du Vent",PF-02,"administrative subdivision",,26.0,,,4,Pacific/Tahiti,FALSE,1258899065
Povaie,Povaie,Turapao|Povai,-16.5159,-151.7344,"French Polynesia",PF,PYF,"Îles Sous-le-Vent","Iles Sous-le-Vent",PF-04,"administrative subdivision",,313.5,,,3,Pacific/Tahiti,FALSE,1258686029
Tehaunatieva,Tehaunatieva,,-23.3955,-149.4822,"French Polynesia",PF,PYF,"Îles Australes","Iles Australes",PF-01,"administrative subdivision",,45.8,,,4,Pacific/Tahiti,FALSE,1258000092
Hatinua,Hatinua,,-17.7667,-149.4333,"French Polynesia",PF,PYF,,,,,,73.1,,,4,Pacific/Tahiti,FALSE,1258444123
Haamene,Haamene,,-16.6354,-151.4915,"French Polynesia",PF,PYF,"Îles Sous-le-Vent","Iles Sous-le-Vent",PF-04,"administrative subdivision",,98.7,,,4,Pacific/Tahiti,FALSE,1258000040
Ariataea,Ariataea,,-14.9575,-147.6541,"French Polynesia",PF,PYF,"Îles Tuamotu-Gambier","Iles Tuamotu-Gambier",PF-05,"administrative subdivision",,28.9,,,4,Pacific/Tahiti,FALSE,1258000024
Amaru,Amaru,,-22.6333,-152.8333,"French Polynesia",PF,PYF,,,,,,62.2,,,4,Pacific/Tahiti,FALSE,1258189636
Aouatchora,Aouatchora,,-17.7314,-149.2941,"French Polynesia",PF,PYF,"Îles du Vent","Iles du Vent",PF-02,"administrative subdivision",,227.2,,,3,Pacific/Tahiti,FALSE,1258000008
Opipiné,Opipine,,-17.4461,-143.4550,"French Polynesia",PF,PYF,"Îles Tuamotu-Gambier","Iles Tuamotu-Gambier",PF-05,"administrative subdivision",,11.7,,,4,Pacific/Tahiti,FALSE,1258000086
Taravai,Taravai,,-23.1455,-135.0291,"French Polynesia",PF,PYF,"Îles Tuamotu-Gambier","Iles Tuamotu-Gambier",PF-05,"administrative subdivision",,21.2,,,4,Pacific/Gambier,FALSE,1258101621
Opunu,Opunu,,-16.8092,-151.4863,"French Polynesia",PF,PYF,"Îles Sous-le-Vent","Iles Sous-le-Vent",PF-04,"administrative subdivision",,74.7,,,4,Pacific/Tahiti,FALSE,1258000062
Vaiurua,Vaiurua,,-16.7514,-151.4336,"French Polynesia",PF,PYF,"Îles Sous-le-Vent","Iles Sous-le-Vent",PF-04,"administrative subdivision",,91.2,,,4,Pacific/Tahiti,FALSE,1258000074
Atihoi,Atihoi,,-23.0944,-134.9657,"French Polynesia",PF,PYF,"Îles Tuamotu-Gambier","Iles Tuamotu-Gambier",PF-05,"administrative subdivision",,21.2,,,4,Pacific/Gambier,FALSE,1258546097
Apu,Apu,,-16.6705,-151.4829,"French Polynesia",PF,PYF,"Îles Sous-le-Vent","Iles Sous-le-Vent",PF-04,"administrative subdivision",,52.2,,,4,Pacific/Tahiti,FALSE,1258000044
Vairao,Vairao,"Port Vairao|Vaieri",-17.7833,-149.2833,"French Polynesia",PF,PYF,,,,,,248.8,,,3,Pacific/Tahiti,FALSE,1258809306
Toamara,Toamara,Teamara,-17.7292,-149.2981,"French Polynesia",PF,PYF,"Îles du Vent","Iles du Vent",PF-02,"administrative subdivision",,227.2,,,3,Pacific/Tahiti,FALSE,1258649226
Tuarea,Tuarea,,-17.5833,-149.8333,"French Polynesia",PF,PYF,,,,,,141.5,,,4,Pacific/Tahiti,FALSE,1258497225
Atipiti,Atipiti,,-16.4500,-152.2667,"French Polynesia",PF,PYF,,,,,,40.4,,,4,Pacific/Tahiti,FALSE,1258325120
Tohautu,Tohautu,Toahotu,-17.7610,-149.3168,"French Polynesia",PF,PYF,"Îles du Vent","Iles du Vent",PF-02,"administrative subdivision",,252.3,,,3,Pacific/Tahiti,FALSE,1258481059
Aoua,Aoua,Aua,-17.6667,-149.5833,"French Polynesia",PF,PYF,,,,,,184.5,,,4,Pacific/Tahiti,FALSE,1258009275
Fakamaru,Fakamaru,,-20.7833,-138.5500,"French Polynesia",PF,PYF,,,,,,4.3,,,5,Pacific/Tahiti,FALSE,1258937725
Topitike,Topitike,,-18.1333,-142.2333,"French Polynesia",PF,PYF,,,,,,13.3,,,4,Pacific/Tahiti,FALSE,1258484560
Faarumai,Faarumai,,-17.5167,-149.3833,"French Polynesia",PF,PYF,,,,,,62.3,,,4,Pacific/Tahiti,FALSE,1258533210
Tupapati,Tupapati,,-17.5463,-142.6692,"French Polynesia",PF,PYF,"Îles Tuamotu-Gambier","Iles Tuamotu-Gambier",PF-05,"administrative subdivision",,19.1,,,4,Pacific/Tahiti,FALSE,1258412891
Haapupuni,Haapupuni,Haapupuri,-17.5333,-149.3833,"French Polynesia",PF,PYF,,,,,,71.3,,,4,Pacific/Tahiti,FALSE,1258702975
Hauti,Hauti,Auti|D’Hauti,-22.4873,-151.3256,"French Polynesia",PF,PYF,"Îles Australes","Iles Australes",PF-01,"administrative subdivision",,40.0,,,4,Pacific/Tahiti,FALSE,1258845778
Anahi,Anahi,,-9.7415,-138.9379,"French Polynesia",PF,PYF,"Îles Marquises","Iles Marquises",PF-03,"administrative subdivision",,4.6,,,5,Pacific/Marquesas,FALSE,1258000048
Motuua,Motuua,,-9.7395,-138.9282,"French Polynesia",PF,PYF,"Îles Marquises","Iles Marquises",PF-03,"administrative subdivision",,4.6,,,5,Pacific/Marquesas,FALSE,1258000089
Puahua,Puahua,,-16.7000,-151.0167,"French Polynesia",PF,PYF,,,,,,151.9,,,4,Pacific/Tahiti,FALSE,1258074692
Punaauia,Punaauia,Punaavia,-17.6333,-149.6000,"French Polynesia",PF,PYF,,,,,,383.3,,,3,Pacific/Tahiti,FALSE,1258753465
Tarione,Tarione,,-15.9667,-140.1667,"French Polynesia",PF,PYF,,,,,,7.0,,,5,Pacific/Tahiti,FALSE,1258005190
Fariipiti,Fariipiti,,-17.5167,-149.5667,"French Polynesia",PF,PYF,,,,,,1425.8,,,3,Pacific/Tahiti,FALSE,1258421532
Auorotini,Auorotini,,-21.4833,-135.6333,"French Polynesia",PF,PYF,,,,,,21.2,,,4,Pacific/Gambier,FALSE,1258328646
Papeari,Papeari,,-17.7478,-149.3547,"French Polynesia",PF,PYF,,,,,,115.6,,,4,Pacific/Tahiti,FALSE,1258785426
Rouru,Rouru,Roruru,-23.1301,-134.9653,"French Polynesia",PF,PYF,"Îles Tuamotu-Gambier","Iles Tuamotu-Gambier",PF-05,"administrative subdivision",,21.2,,,4,Pacific/Gambier,FALSE,1258732223
Anua,Anua,,-23.3778,-149.5266,"French Polynesia",PF,PYF,"Îles Australes","Iles Australes",PF-01,"administrative subdivision",,52.7,,,4,Pacific/Tahiti,FALSE,1258787288
Niutahi,Niutahi,,-15.5708,-146.4124,"French Polynesia",PF,PYF,"Îles Tuamotu-Gambier","Iles Tuamotu-Gambier",PF-05,"administrative subdivision",,19.8,,,4,Pacific/Tahiti,FALSE,1258760466
Otiaroa,Otiaroa,,-17.7657,-149.4003,"French Polynesia",PF,PYF,"Îles du Vent","Iles du Vent",PF-02,"administrative subdivision",,73.1,,,4,Pacific/Tahiti,FALSE,1258657530
Atiaoha,Atiaoha,Atiakoa,-23.1197,-134.9921,"French Polynesia",PF,PYF,"Îles Tuamotu-Gambier","Iles Tuamotu-Gambier",PF-05,"administrative subdivision",,21.2,,,4,Pacific/Gambier,FALSE,1258079733
Paui,Paui,Pani,-17.7538,-149.3508,"French Polynesia",PF,PYF,"Îles du Vent","Iles du Vent",PF-02,"administrative subdivision",,115.6,,,4,Pacific/Tahiti,FALSE,1258722792
Pehoa,Pehoa,,-17.8000,-149.2833,"French Polynesia",PF,PYF,,,,,,131.3,,,4,Pacific/Tahiti,FALSE,1258014637
Raitahiti,Raitahiti,,-15.6740,-146.8774,"French Polynesia",PF,PYF,"Îles Tuamotu-Gambier","Iles Tuamotu-Gambier",PF-05,"administrative subdivision",,80.6,,,4,Pacific/Tahiti,FALSE,1258533884
Rautini,Rautini,,-15.3605,-146.6206,"French Polynesia",PF,PYF,"Îles Tuamotu-Gambier","Iles Tuamotu-Gambier",PF-05,"administrative subdivision",,43.4,,,4,Pacific/Tahiti,FALSE,1258609906
Arue,Arue,Arve,-17.5167,-149.5000,"French Polynesia",PF,PYF,,,,,,339.4,,,3,Pacific/Tahiti,FALSE,1258822598
Anapoo,Anapoo,,-9.9500,-139.1000,"French Polynesia",PF,PYF,,,,,,9.0,,,5,Pacific/Marquesas,FALSE,1258935488
Teuo,Teuo,,-23.3667,-149.4333,"French Polynesia",PF,PYF,,,,,,35.4,,,4,Pacific/Tahiti,FALSE,1258561082
Patu-Patu,Patu-Patu,"Patu Patu",-23.3529,-149.4836,"French Polynesia",PF,PYF,"Îles Australes","Iles Australes",PF-01,"administrative subdivision",,52.7,,,4,Pacific/Tahiti,FALSE,1258204448
"Te Auae","Te Auae",,-17.5333,-149.5833,"French Polynesia",PF,PYF,,,,,,1425.8,,,3,Pacific/Tahiti,FALSE,1258077970
Paripari,Paripari,,-16.5916,-151.5351,"French Polynesia",PF,PYF,"Îles Sous-le-Vent","Iles Sous-le-Vent",PF-04,"administrative subdivision",,90.8,,,4,Pacific/Tahiti,FALSE,1258000041
Terehe,Terehe,,-17.7500,-149.5000,"French Polynesia",PF,PYF,,,,,,152.9,,,4,Pacific/Tahiti,FALSE,1258072311
Uturaerae,Uturaerae,,-16.7383,-151.4841,"French Polynesia",PF,PYF,"Îles Sous-le-Vent","Iles Sous-le-Vent",PF-04,"administrative subdivision",,241.8,,,3,Pacific/Tahiti,FALSE,1258000073
Gahutu,Gahutu,Ganhutu,-23.0783,-134.9472,"French Polynesia",PF,PYF,,,,,,21.2,,,4,Pacific/Gambier,FALSE,1258629411
Mahanatoa,Mahanatoa,,-23.8617,-147.6747,"French Polynesia",PF,PYF,"Îles Australes","Iles Australes",PF-01,"administrative subdivision",,41.2,,,4,Pacific/Tahiti,FALSE,1258365904
Teaharoa,Teaharoa,,-17.4667,-149.7667,"French Polynesia",PF,PYF,,,,,,222.6,,,3,Pacific/Tahiti,FALSE,1258552700
Taiohae,Taiohae,,-8.9305,-140.0727,"French Polynesia",PF,PYF,,,,,,7.4,,,5,Pacific/Marquesas,FALSE,1258986251
Apomaoro,Apomaoro,,-17.7500,-149.5000,"French Polynesia",PF,PYF,,,,,,152.9,,,4,Pacific/Tahiti,FALSE,1258990647
Paritautia,Paritautia,,-17.6426,-149.3104,"French Polynesia",PF,PYF,"Îles du Vent","Iles du Vent",PF-02,"administrative subdivision",,45.4,,,4,Pacific/Tahiti,FALSE,1258000003
Otetou,Otetou,,-14.9672,-147.6318,"French Polynesia",PF,PYF,"Îles Tuamotu-Gambier","Iles Tuamotu-Gambier",PF-05,"administrative subdivision",,28.9,,,4,Pacific/Tahiti,FALSE,1258000022
Akamaru,Akamaru,,-23.1811,-134.9146,"French Polynesia",PF,PYF,"Îles Tuamotu-Gambier","Iles Tuamotu-Gambier",PF-05,"administrative subdivision",,21.2,,,4,Pacific/Gambier,FALSE,1258708794
Tiripoa,Tiripoa,,-17.7199,-149.3071,"French Polynesia",PF,PYF,"Îles du Vent","Iles du Vent",PF-02,"administrative subdivision",,166.8,,,4,Pacific/Tahiti,FALSE,1258369869
Ohava,Ohava,,-16.4500,-143.9667,"French Polynesia",PF,PYF,,,,,,11.7,,,4,Pacific/Tahiti,FALSE,1258844573
Pahure,Pahure,,-16.5845,-151.4845,"French Polynesia",PF,PYF,"Îles Sous-le-Vent","Iles Sous-le-Vent",PF-04,"administrative subdivision",,42.0,,,4,Pacific/Tahiti,FALSE,1258000038
Pueu,Pueu,Pucu,-17.7383,-149.2238,"French Polynesia",PF,PYF,"Îles du Vent","Iles du Vent",PF-02,"administrative subdivision",,83.0,,,4,Pacific/Tahiti,FALSE,1258908860
Tautira,Tautira,Tautera,-17.7474,-149.1612,"French Polynesia",PF,PYF,"Îles du Vent","Iles du Vent",PF-02,"administrative subdivision",,26.0,,,4,Pacific/Tahiti,FALSE,1258313935
Vairoa,Vairoa,,-17.5333,-149.7667,"French Polynesia",PF,PYF,,,,,,185.2,,,4,Pacific/Tahiti,FALSE,1258863099
Mauuraurii,Mauuraurii,,-16.7950,-151.4130,"French Polynesia",PF,PYF,"Îles Sous-le-Vent","Iles Sous-le-Vent",PF-04,"administrative subdivision",,80.3,,,4,Pacific/Tahiti,FALSE,1258000064
Tetamanu,Tetamanu,,-16.5149,-145.4584,"French Polynesia",PF,PYF,"Îles Tuamotu-Gambier","Iles Tuamotu-Gambier",PF-05,"administrative subdivision",,27.9,,,4,Pacific/Tahiti,FALSE,1258215335
Vaïare,Vaiare,,-17.5208,-149.7797,"French Polynesia",PF,PYF,,,,,,273.7,,,3,Pacific/Tahiti,FALSE,1258643195
Taverea,Taverea,,-17.7167,-149.5833,"French Polynesia",PF,PYF,,,,,,184.5,,,4,Pacific/Tahiti,FALSE,1258243956
"Hana te Fau","Hana te Fau",,-9.9667,-139.1000,"French Polynesia",PF,PYF,,,,,,9.0,,,5,Pacific/Marquesas,FALSE,1258617063
Hanaupe,Hanaupe,,-9.7980,-138.9089,"French Polynesia",PF,PYF,"Îles Marquises","Iles Marquises",PF-03,"administrative subdivision",,4.6,,,5,Pacific/Marquesas,FALSE,1258000050
Tahueia,Tahueia,,-23.9167,-149.4333,"French Polynesia",PF,PYF,,,,,,0,,,5,Pacific/Tahiti,FALSE,1258709522
Orufara,Orufara,,-17.5000,-149.8500,"French Polynesia",PF,PYF,,,,,,147.5,,,4,Pacific/Tahiti,FALSE,1258810733
Omuara,Omuara,,-17.7167,-149.5833,"French Polynesia",PF,PYF,,,,,,184.5,,,4,Pacific/Tahiti,FALSE,1258714638
Arahuta,Arahuta,Arahutu,-17.7265,-149.3006,"French Polynesia",PF,PYF,"Îles du Vent","Iles du Vent",PF-02,"administrative subdivision",,227.2,,,3,Pacific/Tahiti,FALSE,1258000011
Tevaiohie,Tevaiohie,,-14.9531,-147.6693,"French Polynesia",PF,PYF,"Îles Tuamotu-Gambier","Iles Tuamotu-Gambier",PF-05,"administrative subdivision",,28.9,,,4,Pacific/Tahiti,FALSE,1258000025
Anatonu,Anatonu,,-23.8532,-147.6415,"French Polynesia",PF,PYF,"Îles Australes","Iles Australes",PF-01,"administrative subdivision",,41.0,,,4,Pacific/Tahiti,FALSE,1258614314
Atitautu,Atitautu,,-16.7429,-151.4382,"French Polynesia",PF,PYF,"Îles Sous-le-Vent","Iles Sous-le-Vent",PF-04,"administrative subdivision",,223.5,,,3,Pacific/Tahiti,FALSE,1258000075
Maraeapai,Maraeapai,,-17.7333,-149.2667,"French Polynesia",PF,PYF,,,,,,227.2,,,3,Pacific/Tahiti,FALSE,1258760503
Atuona,Atuona,Atuana|Atouana,-9.8030,-139.0395,"French Polynesia",PF,PYF,"Îles Marquises","Iles Marquises",PF-03,"administrative subdivision",,6.9,,,5,Pacific/Marquesas,FALSE,1258664121
Tefarerii,Tefarerii,Fareeru,-16.7788,-150.9587,"French Polynesia",PF,PYF,"Îles Sous-le-Vent","Iles Sous-le-Vent",PF-04,"administrative subdivision",,36.3,,,4,Pacific/Tahiti,FALSE,1258829502
Matahiva,Matahiva,,-17.5333,-149.3333,"French Polynesia",PF,PYF,,,,,,71.3,,,4,Pacific/Tahiti,FALSE,1258668399
Pauma,Pauma,,-16.4488,-152.2490,"French Polynesia",PF,PYF,"Îles Sous-le-Vent","Iles Sous-le-Vent",PF-04,"administrative subdivision",,40.4,,,4,Pacific/Tahiti,FALSE,1258000055
Teniuohiri,Teniuohiri,,-17.5333,-149.8833,"French Polynesia",PF,PYF,,,,,,135.4,,,4,Pacific/Tahiti,FALSE,1258983139
Motutiairi,Motutiairi,,-16.6593,-151.4582,"French Polynesia",PF,PYF,"Îles Sous-le-Vent","Iles Sous-le-Vent",PF-04,"administrative subdivision",,44.2,,,4,Pacific/Tahiti,FALSE,1258000031
Papao,Papao,Papara,-17.7500,-149.5500,"French Polynesia",PF,PYF,,,,,,152.9,,,4,Pacific/Tahiti,FALSE,1258068292
Hanatetena,Hanatetena,,-9.9667,-139.0667,"French Polynesia",PF,PYF,,,,,,9.0,,,5,Pacific/Marquesas,FALSE,1258612071
Parari,Parari,Faraari,-17.7333,-149.2167,"French Polynesia",PF,PYF,,,,,,83.0,,,4,Pacific/Tahiti,FALSE,1258540917
Tiputa,Tiputa,,-14.9754,-147.6254,"French Polynesia",PF,PYF,"Îles Tuamotu-Gambier","Iles Tuamotu-Gambier",PF-05,"administrative subdivision",,28.9,,,4,Pacific/Tahiti,FALSE,1258481526
Vaiea,Vaiea,,-16.4526,-152.2503,"French Polynesia",PF,PYF,"Îles Sous-le-Vent","Iles Sous-le-Vent",PF-04,"administrative subdivision",,40.4,,,4,Pacific/Tahiti,FALSE,1258000054
Maaea,Maaea,,-17.7587,-149.3787,"French Polynesia",PF,PYF,"Îles du Vent","Iles du Vent",PF-02,"administrative subdivision",,115.6,,,4,Pacific/Tahiti,FALSE,1258014681
Paea,Paea,Paca,-17.6833,-149.5833,"French Polynesia",PF,PYF,,,,,,184.5,,,4,Pacific/Tahiti,FALSE,1258427852
Petou,Petou,,-16.4500,-152.2500,"French Polynesia",PF,PYF,,,,,,40.4,,,4,Pacific/Tahiti,FALSE,1258316634
Vaitia,Vaitia,,-16.4393,-152.2619,"French Polynesia",PF,PYF,"Îles Sous-le-Vent","Iles Sous-le-Vent",PF-04,"administrative subdivision",,40.4,,,4,Pacific/Tahiti,FALSE,1258515766
Hakapehi,Hakapehi,Tai-o-hae|Nakapeni,-8.9333,-140.0833,"French Polynesia",PF,PYF,,,,,,9.6,,,5,Pacific/Marquesas,FALSE,1258133028
Mania,Mania,,-17.4541,-145.4790,"French Polynesia",PF,PYF,"Îles Tuamotu-Gambier","Iles Tuamotu-Gambier",PF-05,"administrative subdivision",,11.8,,,4,Pacific/Tahiti,FALSE,1258000079
Tehuarupe,Tehuarupe,,-17.5667,-149.8500,"French Polynesia",PF,PYF,,,,,,140.5,,,4,Pacific/Tahiti,FALSE,1258471266
Vaitepaua,Vaitepaua,,-15.8219,-148.2665,"French Polynesia",PF,PYF,"Îles Tuamotu-Gambier","Iles Tuamotu-Gambier",PF-05,"administrative subdivision",,0.7,,,5,Pacific/Tahiti,FALSE,1258000077
Paraoro,Paraoro,,-17.4833,-149.8167,"French Polynesia",PF,PYF,,,,,,213.0,,,3,Pacific/Tahiti,FALSE,1258136719
Toanoano,Toanoano,,-17.8657,-149.2126,"French Polynesia",PF,PYF,"Îles du Vent","Iles du Vent",PF-02,"administrative subdivision",,25.0,,,4,Pacific/Tahiti,FALSE,1258076494
Tetauruga,Tetauruga,,-16.6195,-143.5589,"French Polynesia",PF,PYF,"Îles Tuamotu-Gambier","Iles Tuamotu-Gambier",PF-05,"administrative subdivision",,11.7,,,4,Pacific/Tahiti,FALSE,1258000027
Tépuu,Tepuu,Tepu,-23.3956,-149.5117,"French Polynesia",PF,PYF,"Îles Australes","Iles Australes",PF-01,"administrative subdivision",,46.8,,,4,Pacific/Tahiti,FALSE,1258119653
Ikitake,Ikitake,,-17.8333,-140.8500,"French Polynesia",PF,PYF,,,,,,4.9,,,5,Pacific/Tahiti,FALSE,1258223596
Para,Para,,-16.6455,-151.4500,"French Polynesia",PF,PYF,"Îles Sous-le-Vent","Iles Sous-le-Vent",PF-04,"administrative subdivision",,67.6,,,4,Pacific/Tahiti,FALSE,1258000032
Tevaitoa,Tevaitoa,"Te Avi Toa|Peavitoa|Tainuu",-16.7918,-151.4888,"French Polynesia",PF,PYF,"Îles Sous-le-Vent","Iles Sous-le-Vent",PF-04,"administrative subdivision",,74.7,,,4,Pacific/Tahiti,FALSE,1258069412
Araito,Araito,,-17.5333,-149.8833,"French Polynesia",PF,PYF,,,,,,135.4,,,4,Pacific/Tahiti,FALSE,1258915399
Papahoro,Papahoro,,-16.6135,-151.4437,"French Polynesia",PF,PYF,"Îles Sous-le-Vent","Iles Sous-le-Vent",PF-04,"administrative subdivision",,31.3,,,4,Pacific/Tahiti,FALSE,1258000090
Hamuta,Hamuta,,-17.5167,-149.5333,"French Polynesia",PF,PYF,,,,,,499.8,,,3,Pacific/Tahiti,FALSE,1258690307
Teapaa,Teapaa,,-16.7667,-151.0000,"French Polynesia",PF,PYF,,,,,,55.4,,,4,Pacific/Tahiti,FALSE,1258456059
Temao,Temao,,-15.8245,-148.2772,"French Polynesia",PF,PYF,"Îles Tuamotu-Gambier","Iles Tuamotu-Gambier",PF-05,"administrative subdivision",,0.7,,,5,Pacific/Tahiti,FALSE,1258641285
Poutoru,Poutoru,,-16.6737,-151.5019,"French Polynesia",PF,PYF,"Îles Sous-le-Vent","Iles Sous-le-Vent",PF-04,"administrative subdivision",,57.2,,,4,Pacific/Tahiti,FALSE,1258000020
Faatautia,Faatautia,,-17.6410,-149.3116,"French Polynesia",PF,PYF,"Îles du Vent","Iles du Vent",PF-02,"administrative subdivision",,45.4,,,4,Pacific/Tahiti,FALSE,1258655998
Tiva,Tiva,,-16.6410,-151.5442,"French Polynesia",PF,PYF,"Îles Sous-le-Vent","Iles Sous-le-Vent",PF-04,"administrative subdivision",,59.9,,,4,Pacific/Tahiti,FALSE,1258347341
Oehau,Oehau,,-9.9167,-139.0500,"French Polynesia",PF,PYF,,,,,,9.0,,,5,Pacific/Marquesas,FALSE,1258866028
Pouheva,Pouheva,Puheva,-16.6225,-143.5688,"French Polynesia",PF,PYF,"Îles Tuamotu-Gambier","Iles Tuamotu-Gambier",PF-05,"administrative subdivision",,11.7,,,4,Pacific/Tahiti,FALSE,1258277105
Faataoto,Faataoto,,-16.6742,-151.4581,"French Polynesia",PF,PYF,"Îles Sous-le-Vent","Iles Sous-le-Vent",PF-04,"administrative subdivision",,44.2,,,4,Pacific/Tahiti,FALSE,1258000030
Pariauta,Pariauta,,-17.6520,-149.3159,"French Polynesia",PF,PYF,"Îles du Vent","Iles du Vent",PF-02,"administrative subdivision",,44.2,,,4,Pacific/Tahiti,FALSE,1258000004
Vaipiti,Vaipiti,,-16.6570,-151.4995,"French Polynesia",PF,PYF,"Îles Sous-le-Vent","Iles Sous-le-Vent",PF-04,"administrative subdivision",,57.2,,,4,Pacific/Tahiti,FALSE,1258000042
Fareorea,Fareorea,Farerea,-17.7167,-149.5667,"French Polynesia",PF,PYF,,,,,,184.5,,,4,Pacific/Tahiti,FALSE,1258457165
Hanapaaoa,Hanapaaoa,,-9.7415,-138.9620,"French Polynesia",PF,PYF,"Îles Marquises","Iles Marquises",PF-03,"administrative subdivision",,4.6,,,5,Pacific/Marquesas,FALSE,1258000084
Kirimiro,Kirimiro,,-23.1035,-134.9724,"French Polynesia",PF,PYF,"Îles Tuamotu-Gambier","Iles Tuamotu-Gambier",PF-05,"administrative subdivision",,21.2,,,4,Pacific/Gambier,FALSE,1258683180
Pohueura,Pohueura,,-17.7966,-149.1287,"French Polynesia",PF,PYF,"Îles du Vent","Iles du Vent",PF-02,"administrative subdivision",,26.0,,,4,Pacific/Tahiti,FALSE,1258000029
Hekeani,Hekeani,,-9.7980,-138.9251,"French Polynesia",PF,PYF,"Îles Marquises","Iles Marquises",PF-03,"administrative subdivision",,4.6,,,5,Pacific/Marquesas,FALSE,1258000088
Matauri,Matauri,,-17.3446,-145.5276,"French Polynesia",PF,PYF,"Îles Tuamotu-Gambier","Iles Tuamotu-Gambier",PF-05,"administrative subdivision",,11.8,,,4,Pacific/Tahiti,FALSE,1258000057
Ofaiharata,Ofaiharata,,-17.7500,-149.3667,"French Polynesia",PF,PYF,,,,,,115.6,,,4,Pacific/Tahiti,FALSE,1258236914
Hakaui,Hakaui,,-8.9500,-140.1667,"French Polynesia",PF,PYF,,,,,,9.6,,,5,Pacific/Marquesas,FALSE,1258859001
Tahateano,Tahateano,Tahateao,-16.7225,-151.0317,"French Polynesia",PF,PYF,"Îles Sous-le-Vent","Iles Sous-le-Vent",PF-04,"administrative subdivision",,152.2,,,4,Pacific/Tahiti,FALSE,1258067936
