city,city_ascii,city_alt,lat,lng,country,iso2,iso3,admin_name,admin_name_ascii,admin_code,admin_type,capital,density,population,population_proper,ranking,timezone,same_name,id
"Saint David’s","Saint David's",,12.0444,-61.6806,Grenada,GD,GRD,"Saint David","Saint David",GD-02,parish,,261.0,12486,12486,3,America/Grenada,FALSE,1308183777
"Saint George’s","Saint George's","Georgetown|Saint George|Port Royal|Port Louis|Lewis|Fort Royal|Grenada City",12.0500,-61.7500,Grenada,GD,GRD,"Saint George","Saint George",GD-03,parish,primary,492.7,4315,4315,1,America/Grenada,FALSE,1308891766
Gouyave,Gouyave,"Gouave|Charlotte Town|Guyave|Goyave",12.1664,-61.7300,Grenada,GD,GRD,"Saint John","Saint John",GD-04,parish,,189.3,3378,3378,3,America/Grenada,FALSE,1308209730
Grenville,Grenville,"La Baye",12.1192,-61.6264,Grenada,GD,GRD,"Saint Andrew","Saint Andrew",GD-01,parish,,270.4,2476,2476,3,America/Grenada,FALSE,1308853472
"Grand Roy","Grand Roy",,12.1167,-61.7500,Grenada,GD,GRD,"Saint John","Saint John",GD-04,parish,,189.3,2400,2400,4,America/Grenada,FALSE,1308877466
Sauteurs,Sauteurs,Sautiers,12.2183,-61.6392,Grenada,GD,GRD,"Saint Patrick","Saint Patrick",GD-06,parish,,211.8,1300,1300,3,America/Grenada,FALSE,1308688774
Hillsborough,Hillsborough,,12.4833,-61.4667,Grenada,GD,GRD,,,,,,130.3,1000,1000,3,America/Grenada,FALSE,1308415691
Willis,Willis,,12.0833,-61.7167,Grenada,GD,GRD,"Saint George","Saint George",GD-03,parish,,492.7,500,500,3,America/Grenada,FALSE,1308061160
"Mount William","Mount William",,12.0687,-61.6810,Grenada,GD,GRD,"Saint David","Saint David",GD-02,parish,,350.7,,,3,America/Grenada,FALSE,1308661661
Ford,Ford,,12.1307,-61.6275,Grenada,GD,GRD,"Saint Andrew","Saint Andrew",GD-01,parish,,270.4,,,3,America/Grenada,FALSE,1308343018
"The Bocas","The Bocas",,12.0442,-61.7341,Grenada,GD,GRD,"Saint George","Saint George",GD-03,parish,,492.7,,,3,America/Grenada,FALSE,1308625541
"Mount Nesbit","Mount Nesbit",,12.1482,-61.7285,Grenada,GD,GRD,"Saint John","Saint John",GD-04,parish,,189.3,,,4,America/Grenada,FALSE,1308120886
"Mount William","Mount William",,12.2199,-61.6719,Grenada,GD,GRD,"Saint Patrick","Saint Patrick",GD-06,parish,,211.8,,,3,America/Grenada,FALSE,1308488273
Chantimelle,Chantimelle,,12.2000,-61.6500,Grenada,GD,GRD,"Saint Patrick","Saint Patrick",GD-06,parish,,211.8,,,3,America/Grenada,FALSE,1308599300
"Lower La Tante","Lower La Tante",,12.0541,-61.6444,Grenada,GD,GRD,"Saint David","Saint David",GD-02,parish,,331.3,,,3,America/Grenada,FALSE,1308060885
"Morne Rouge","Morne Rouge",,12.0167,-61.7667,Grenada,GD,GRD,"Saint George","Saint George",GD-03,parish,,492.7,,,3,America/Grenada,FALSE,1308932114
Vincennes,Vincennes,,12.0530,-61.6893,Grenada,GD,GRD,"Saint David","Saint David",GD-02,parish,,351.0,,,3,America/Grenada,FALSE,1308514347
Mardigras,Mardigras,,12.0507,-61.7240,Grenada,GD,GRD,"Saint George","Saint George",GD-03,parish,,492.7,,,3,America/Grenada,FALSE,1308728859
Belvidere,Belvidere,,12.1354,-61.6970,Grenada,GD,GRD,"Saint John","Saint John",GD-04,parish,,189.3,,,4,America/Grenada,FALSE,1308889845
Laborie,Laborie,,12.0420,-61.7284,Grenada,GD,GRD,"Saint George","Saint George",GD-03,parish,,492.7,,,3,America/Grenada,FALSE,1308636979
"Bois de Gannes","Bois de Gannes",,12.0333,-61.7000,Grenada,GD,GRD,"Saint David","Saint David",GD-02,parish,,351.0,,,3,America/Grenada,FALSE,1308380741
Mango,Mango,,12.0884,-61.7231,Grenada,GD,GRD,"Saint George","Saint George",GD-03,parish,,492.7,,,3,America/Grenada,FALSE,1308447346
Constantine,Constantine,,12.0793,-61.7204,Grenada,GD,GRD,"Saint George","Saint George",GD-03,parish,,492.7,,,3,America/Grenada,FALSE,1308933619
"Petit Bouc","Petit Bouc",,12.0192,-61.7507,Grenada,GD,GRD,"Saint George","Saint George",GD-03,parish,,492.7,,,3,America/Grenada,FALSE,1308567316
Windsor,Windsor,,12.1362,-61.6746,Grenada,GD,GRD,"Saint Andrew","Saint Andrew",GD-01,parish,,270.4,,,3,America/Grenada,FALSE,1308394066
"Corbeau Town","Corbeau Town",,12.0460,-61.7195,Grenada,GD,GRD,"Saint George","Saint George",GD-03,parish,,492.7,,,3,America/Grenada,FALSE,1308178038
L’Appelle,L'Appelle,,12.5167,-61.4333,Grenada,GD,GRD,,,,,,130.3,,,4,America/Grenada,FALSE,1308465138
Nianganfoix,Nianganfoix,,12.1219,-61.6751,Grenada,GD,GRD,"Saint Andrew","Saint Andrew",GD-01,parish,,270.4,,,3,America/Grenada,FALSE,1308056589
"Levera Development","Levera Development",,12.2102,-61.6147,Grenada,GD,GRD,"Saint Patrick","Saint Patrick",GD-06,parish,,211.8,,,3,America/Grenada,FALSE,1308804735
Golflands,Golflands,,12.0167,-61.7500,Grenada,GD,GRD,"Saint George","Saint George",GD-03,parish,,492.7,,,3,America/Grenada,FALSE,1308173728
Confer,Confer,"Canne Fond",12.0180,-61.7242,Grenada,GD,GRD,"Saint George","Saint George",GD-03,parish,,492.7,,,3,America/Grenada,FALSE,1308556896
"Union Village","Union Village",Union,12.1000,-61.6333,Grenada,GD,GRD,"Saint Andrew","Saint Andrew",GD-01,parish,,270.4,,,3,America/Grenada,FALSE,1308602684
Belvedere,Belvedere,,12.5000,-61.4333,Grenada,GD,GRD,,,,,,130.3,,,4,America/Grenada,FALSE,1308227973
Paddock,Paddock,,12.0452,-61.7437,Grenada,GD,GRD,"Saint George","Saint George",GD-03,parish,,492.7,,,3,America/Grenada,FALSE,1308712300
Clozier,Clozier,,12.1421,-61.6973,Grenada,GD,GRD,"Saint John","Saint John",GD-04,parish,,189.3,,,4,America/Grenada,FALSE,1308446625
"Diego Piece","Diego Piece",,12.2000,-61.6667,Grenada,GD,GRD,"Saint Mark","Saint Mark",GD-05,parish,,188.2,,,4,America/Grenada,FALSE,1308022789
Dover,Dover,,12.5000,-61.4333,Grenada,GD,GRD,,,,,,130.3,,,4,America/Grenada,FALSE,1308736071
"Saint Mary","Saint Mary",,12.1505,-61.7015,Grenada,GD,GRD,"Saint John","Saint John",GD-04,parish,,189.3,,,4,America/Grenada,FALSE,1308555897
Bylands,Bylands,,12.1351,-61.6600,Grenada,GD,GRD,"Saint Andrew","Saint Andrew",GD-01,parish,,270.4,,,3,America/Grenada,FALSE,1308115082
Richmond,Richmond,,12.1026,-61.7324,Grenada,GD,GRD,"Saint George","Saint George",GD-03,parish,,492.7,,,3,America/Grenada,FALSE,1308977507
"Felix Park","Felix Park",,12.0638,-61.6488,Grenada,GD,GRD,"Saint Andrew","Saint Andrew",GD-01,parish,,272.1,,,3,America/Grenada,FALSE,1308640548
Hermitage,Hermitage,,12.4350,-61.4667,Grenada,GD,GRD,,,,,,130.3,,,4,America/Grenada,FALSE,1308842492
"Ruth Howard","Ruth Howard",,12.0167,-61.7556,Grenada,GD,GRD,"Saint George","Saint George",GD-03,parish,,492.7,,,3,America/Grenada,FALSE,1308948690
Soubise,Soubise,,12.1122,-61.6286,Grenada,GD,GRD,"Saint Andrew","Saint Andrew",GD-01,parish,,270.4,,,3,America/Grenada,FALSE,1308193983
"Ka-fe Beau","Ka-fe Beau",,12.0333,-61.7500,Grenada,GD,GRD,"Saint George","Saint George",GD-03,parish,,492.7,,,3,America/Grenada,FALSE,1308275487
Prospect,Prospect,"Le Sausos",12.2235,-61.6631,Grenada,GD,GRD,"Saint Patrick","Saint Patrick",GD-06,parish,,211.8,,,3,America/Grenada,FALSE,1308943646
"True Blue","True Blue",,12.0003,-61.7675,Grenada,GD,GRD,"Saint George","Saint George",GD-03,parish,,492.7,,,3,America/Grenada,FALSE,1308751126
"Blow Hole","Blow Hole",,11.9833,-61.7833,Grenada,GD,GRD,"Saint George","Saint George",GD-03,parish,,492.7,,,3,America/Grenada,FALSE,1308364527
Tricolar,Tricolar,,12.1864,-61.6528,Grenada,GD,GRD,"Saint Patrick","Saint Patrick",GD-06,parish,,211.8,,,3,America/Grenada,FALSE,1308976050
"Amber Belair","Amber Belair",,12.0039,-61.7619,Grenada,GD,GRD,"Saint George","Saint George",GD-03,parish,,492.7,,,3,America/Grenada,FALSE,1308905917
Deblando,Deblando,,12.1000,-61.6333,Grenada,GD,GRD,"Saint Andrew","Saint Andrew",GD-01,parish,,270.4,,,3,America/Grenada,FALSE,1308577743
"Westerhall Land Settlement","Westerhall Land Settlement",,12.0245,-61.6985,Grenada,GD,GRD,"Saint David","Saint David",GD-02,parish,,351.0,,,3,America/Grenada,FALSE,1308572254
"Mount Alexander","Mount Alexander",,12.2167,-61.6500,Grenada,GD,GRD,"Saint Patrick","Saint Patrick",GD-06,parish,,211.8,,,3,America/Grenada,FALSE,1308468196
"Mount Nesbit Land Settlement","Mount Nesbit Land Settlement",,12.1397,-61.7195,Grenada,GD,GRD,"Saint John","Saint John",GD-04,parish,,189.3,,,4,America/Grenada,FALSE,1308727761
"Becke Moui","Becke Moui",,12.0167,-61.7000,Grenada,GD,GRD,"Saint David","Saint David",GD-02,parish,,392.2,,,3,America/Grenada,FALSE,1308990884
Barique,Barique,,12.1667,-61.6500,Grenada,GD,GRD,"Saint Patrick","Saint Patrick",GD-06,parish,,211.8,,,3,America/Grenada,FALSE,1308672026
Florida,Florida,,12.1594,-61.7031,Grenada,GD,GRD,"Saint John","Saint John",GD-04,parish,,189.3,,,4,America/Grenada,FALSE,1308689552
"Welcome Hall","Welcome Hall",,12.2098,-61.6547,Grenada,GD,GRD,"Saint Patrick","Saint Patrick",GD-06,parish,,211.8,,,3,America/Grenada,FALSE,1308222629
"Morne Tranquille","Morne Tranquille",,12.0500,-61.7000,Grenada,GD,GRD,"Saint David","Saint David",GD-02,parish,,351.0,,,3,America/Grenada,FALSE,1308205508
Paradise,Paradise,,12.1372,-61.6231,Grenada,GD,GRD,"Saint Andrew","Saint Andrew",GD-01,parish,,270.4,,,3,America/Grenada,FALSE,1308876942
Paradise,Paradise,,12.1444,-61.6933,Grenada,GD,GRD,"Saint John","Saint John",GD-04,parish,,189.3,,,4,America/Grenada,FALSE,1308604454
"La Fortune","La Fortune",,12.2194,-61.6347,Grenada,GD,GRD,"Saint Patrick","Saint Patrick",GD-06,parish,,211.8,,,3,America/Grenada,FALSE,1308419718
Chutz,Chutz,,12.1000,-61.6500,Grenada,GD,GRD,"Saint Andrew","Saint Andrew",GD-01,parish,,270.4,,,3,America/Grenada,FALSE,1308090737
Bellevue,Bellevue,,12.1106,-61.6523,Grenada,GD,GRD,"Saint Andrew","Saint Andrew",GD-01,parish,,270.4,,,3,America/Grenada,FALSE,1308465302
Céleste,Celeste,Celeste,12.2142,-61.6434,Grenada,GD,GRD,"Saint Patrick","Saint Patrick",GD-06,parish,,211.8,,,3,America/Grenada,FALSE,1308749388
"Lower La Taste","Lower La Taste","La Taste",12.1948,-61.6227,Grenada,GD,GRD,"Saint Patrick","Saint Patrick",GD-06,parish,,211.8,,,3,America/Grenada,FALSE,1308970233
Meldrum,Meldrum,,12.5000,-61.4333,Grenada,GD,GRD,,,,,,130.3,,,4,America/Grenada,FALSE,1308783781
Bellevue,Bellevue,,12.1833,-61.6833,Grenada,GD,GRD,"Saint Mark","Saint Mark",GD-05,parish,,170.7,,,4,America/Grenada,FALSE,1308031059
"La Femme","La Femme",,12.0411,-61.7042,Grenada,GD,GRD,"Saint David","Saint David",GD-02,parish,,351.0,,,3,America/Grenada,FALSE,1308548889
Marigot,Marigot,,12.1261,-61.7467,Grenada,GD,GRD,"Saint John","Saint John",GD-04,parish,,189.3,,,4,America/Grenada,FALSE,1308184734
Corinth,Corinth,,12.0360,-61.6775,Grenada,GD,GRD,"Saint David","Saint David",GD-02,parish,,351.0,,,3,America/Grenada,FALSE,1308503045
"Mount Airy","Mount Airy",,12.0436,-61.7197,Grenada,GD,GRD,"Saint George","Saint George",GD-03,parish,,492.7,,,3,America/Grenada,FALSE,1308372743
"Champs Fleurs","Champs Fleurs",,12.0566,-61.6869,Grenada,GD,GRD,"Saint David","Saint David",GD-02,parish,,351.0,,,3,America/Grenada,FALSE,1308615359
"Plaisance Land Settlement","Plaisance Land Settlement",,12.1476,-61.6906,Grenada,GD,GRD,"Saint John","Saint John",GD-04,parish,,193.2,,,4,America/Grenada,FALSE,1308135241
"Mount Carmel","Mount Carmel","Mont Carmel",12.0918,-61.6398,Grenada,GD,GRD,"Saint Andrew","Saint Andrew",GD-01,parish,,270.4,,,3,America/Grenada,FALSE,1308071107
"Castle Hill","Castle Hill",,12.1996,-61.6732,Grenada,GD,GRD,"Saint Mark","Saint Mark",GD-05,parish,,185.2,,,4,America/Grenada,FALSE,1308663703
Panorama,Panorama,,12.2173,-61.6515,Grenada,GD,GRD,"Saint Patrick","Saint Patrick",GD-06,parish,,211.8,,,3,America/Grenada,FALSE,1308226419
Simon,Simon,,12.1385,-61.6204,Grenada,GD,GRD,"Saint Andrew","Saint Andrew",GD-01,parish,,270.4,,,3,America/Grenada,FALSE,1308501186
"The Lance","The Lance",,12.1674,-61.7295,Grenada,GD,GRD,"Saint John","Saint John",GD-04,parish,,189.3,,,4,America/Grenada,FALSE,1308752298
Mahot,Mahot,,12.0623,-61.6382,Grenada,GD,GRD,"Saint Andrew","Saint Andrew",GD-01,parish,,270.4,,,3,America/Grenada,FALSE,1308654639
"La Filette","La Filette",,12.1405,-61.6397,Grenada,GD,GRD,"Saint Andrew","Saint Andrew",GD-01,parish,,270.4,,,3,America/Grenada,FALSE,1308231191
Springs,Springs,,12.0409,-61.7442,Grenada,GD,GRD,"Saint George","Saint George",GD-03,parish,,492.7,,,3,America/Grenada,FALSE,1308600779
"Petit Balthazar","Petit Balthazar",,12.1018,-61.6670,Grenada,GD,GRD,"Saint Andrew","Saint Andrew",GD-01,parish,,270.4,,,3,America/Grenada,FALSE,1308831533
Bogles,Bogles,,12.5000,-61.4333,Grenada,GD,GRD,,,,,,130.3,,,4,America/Grenada,FALSE,1308570516
Thebaide,Thebaide,Thebaid,12.0530,-61.6707,Grenada,GD,GRD,"Saint David","Saint David",GD-02,parish,,351.0,,,3,America/Grenada,FALSE,1308710626
Marli,Marli,,12.2204,-61.6414,Grenada,GD,GRD,"Saint Patrick","Saint Patrick",GD-06,parish,,211.8,,,3,America/Grenada,FALSE,1308232332
"Mont Tout","Mont Tout",,12.0235,-61.7547,Grenada,GD,GRD,"Saint George","Saint George",GD-03,parish,,492.7,,,3,America/Grenada,FALSE,1308607846
Union,Union,,12.2090,-61.6578,Grenada,GD,GRD,"Saint Patrick","Saint Patrick",GD-06,parish,,211.8,,,3,America/Grenada,FALSE,1308688862
"Sans Souci","Sans Souci",,12.0568,-61.7455,Grenada,GD,GRD,"Saint George","Saint George",GD-03,parish,,492.7,,,3,America/Grenada,FALSE,1308581805
Chadeau,Chadeau,,12.1384,-61.6876,Grenada,GD,GRD,"Saint John","Saint John",GD-04,parish,,231.3,,,3,America/Grenada,FALSE,1308358417
"White Gun","White Gun",,12.0520,-61.7388,Grenada,GD,GRD,"Saint George","Saint George",GD-03,parish,,492.7,,,3,America/Grenada,FALSE,1308716700
"Post Royal","Post Royal",,12.0998,-61.6365,Grenada,GD,GRD,"Saint Andrew","Saint Andrew",GD-01,parish,,270.4,,,3,America/Grenada,FALSE,1308475162
Molinière,Moliniere,Maliniere,12.0862,-61.7579,Grenada,GD,GRD,"Saint George","Saint George",GD-03,parish,,492.7,,,3,America/Grenada,FALSE,1308071572
"Clarkes Court","Clarkes Court",,12.0333,-61.7333,Grenada,GD,GRD,"Saint George","Saint George",GD-03,parish,,492.7,,,3,America/Grenada,FALSE,1308833970
Trevellan,Trevellan,,12.2170,-61.6376,Grenada,GD,GRD,"Saint Patrick","Saint Patrick",GD-06,parish,,211.8,,,3,America/Grenada,FALSE,1308775876
"Upper La Tante","Upper La Tante",,12.0500,-61.6500,Grenada,GD,GRD,"Saint David","Saint David",GD-02,parish,,331.3,,,3,America/Grenada,FALSE,1308518207
Waltham,Waltham,,12.2005,-61.7011,Grenada,GD,GRD,"Saint Mark","Saint Mark",GD-05,parish,,170.7,,,4,America/Grenada,FALSE,1308965944
Mirabeau,Mirabeau,Merebeau,12.1274,-61.6462,Grenada,GD,GRD,"Saint Andrew","Saint Andrew",GD-01,parish,,270.4,,,3,America/Grenada,FALSE,1308748972
Granton,Granton,,12.0925,-61.7248,Grenada,GD,GRD,"Saint George","Saint George",GD-03,parish,,492.7,,,3,America/Grenada,FALSE,1308891693
Ravine,Ravine,,12.0626,-61.7360,Grenada,GD,GRD,"Saint George","Saint George",GD-03,parish,,492.7,,,3,America/Grenada,FALSE,1308779978
Syracuse,Syracuse,,12.0345,-61.6816,Grenada,GD,GRD,"Saint David","Saint David",GD-02,parish,,351.0,,,3,America/Grenada,FALSE,1308529080
"Saint Cyr","Saint Cyr",,12.1144,-61.6832,Grenada,GD,GRD,"Saint Andrew","Saint Andrew",GD-01,parish,,270.4,,,3,America/Grenada,FALSE,1308157280
"La Digue","La Digue","La Didue",12.1127,-61.6462,Grenada,GD,GRD,"Saint Andrew","Saint Andrew",GD-01,parish,,270.4,,,3,America/Grenada,FALSE,1308472470
"Harford Village","Harford Village",,12.1176,-61.6352,Grenada,GD,GRD,"Saint Andrew","Saint Andrew",GD-01,parish,,270.4,,,3,America/Grenada,FALSE,1308630049
"Mount Rose","Mount Rose",,12.1883,-61.6277,Grenada,GD,GRD,"Saint Patrick","Saint Patrick",GD-06,parish,,211.8,,,3,America/Grenada,FALSE,1308145418
Beauregard,Beauregard,,12.1123,-61.6749,Grenada,GD,GRD,"Saint Andrew","Saint Andrew",GD-01,parish,,270.4,,,3,America/Grenada,FALSE,1308365296
"Morne Jaloux Ridge","Morne Jaloux Ridge",,12.0333,-61.7333,Grenada,GD,GRD,"Saint George","Saint George",GD-03,parish,,492.7,,,3,America/Grenada,FALSE,1308684160
"Mount Cenis","Mount Cenis",,12.1729,-61.7070,Grenada,GD,GRD,"Saint John","Saint John",GD-04,parish,,180.5,,,4,America/Grenada,FALSE,1308604270
"Mount Pleasant","Mount Pleasant",,12.4667,-61.4333,Grenada,GD,GRD,,,,,,130.3,,,4,America/Grenada,FALSE,1308616645
Parade,Parade,,12.0489,-61.7358,Grenada,GD,GRD,"Saint George","Saint George",GD-03,parish,,492.7,,,3,America/Grenada,FALSE,1308064770
"Richmond Hill","Richmond Hill",,12.0501,-61.7396,Grenada,GD,GRD,"Saint George","Saint George",GD-03,parish,,492.7,,,3,America/Grenada,FALSE,1308773843
Calivigny,Calivigny,,12.0167,-61.7333,Grenada,GD,GRD,"Saint George","Saint George",GD-03,parish,,492.7,,,3,America/Grenada,FALSE,1308606637
"Petit Étang","Petit Etang",,12.0644,-61.6870,Grenada,GD,GRD,"Saint David","Saint David",GD-02,parish,,351.0,,,3,America/Grenada,FALSE,1308762199
"Arthur Seat","Arthur Seat",,12.1775,-61.6456,Grenada,GD,GRD,"Saint Patrick","Saint Patrick",GD-06,parish,,211.8,,,3,America/Grenada,FALSE,1308980680
"Des Isles","Des Isles",,12.2167,-61.6667,Grenada,GD,GRD,"Saint Patrick","Saint Patrick",GD-06,parish,,211.8,,,3,America/Grenada,FALSE,1308219451
"Saint Omer","Saint Omer",,12.1406,-61.6795,Grenada,GD,GRD,"Saint Andrew","Saint Andrew",GD-01,parish,,270.4,,,3,America/Grenada,FALSE,1308724836
Castaigne,Castaigne,,12.1251,-61.6723,Grenada,GD,GRD,"Saint Andrew","Saint Andrew",GD-01,parish,,270.4,,,3,America/Grenada,FALSE,1308089935
Bellevue,Bellevue,,12.0527,-61.6625,Grenada,GD,GRD,"Saint David","Saint David",GD-02,parish,,351.0,,,3,America/Grenada,FALSE,1308776588
"Mount Pleasant","Mount Pleasant",,12.0498,-61.7135,Grenada,GD,GRD,"Saint David","Saint David",GD-02,parish,,478.6,,,3,America/Grenada,FALSE,1308386820
"Grand Bras","Grand Bras",,12.1224,-61.6366,Grenada,GD,GRD,"Saint Andrew","Saint Andrew",GD-01,parish,,270.4,,,3,America/Grenada,FALSE,1308247440
Union,Union,,12.2000,-61.6667,Grenada,GD,GRD,"Saint Mark","Saint Mark",GD-05,parish,,188.2,,,4,America/Grenada,FALSE,1308742163
Industry,Industry,,12.2181,-61.6792,Grenada,GD,GRD,"Saint Mark","Saint Mark",GD-05,parish,,200.8,,,3,America/Grenada,FALSE,1308791447
Montreuil,Montreuil,,12.1894,-61.6465,Grenada,GD,GRD,"Saint Patrick","Saint Patrick",GD-06,parish,,211.8,,,3,America/Grenada,FALSE,1308300609
Horne,Horne,,12.0000,-61.7500,Grenada,GD,GRD,"Saint George","Saint George",GD-03,parish,,492.7,,,3,America/Grenada,FALSE,1308304393
Hermon,Hermon,,12.1565,-61.6270,Grenada,GD,GRD,"Saint Andrew","Saint Andrew",GD-01,parish,,270.4,,,3,America/Grenada,FALSE,1308354572
"Pierre Marie","Pierre Marie",,12.0658,-61.6511,Grenada,GD,GRD,"Saint Andrew","Saint Andrew",GD-01,parish,,307.8,,,3,America/Grenada,FALSE,1308509959
"Peggy’s Whim","Peggy's Whim","Peggys Whim",12.1744,-61.6403,Grenada,GD,GRD,"Saint Patrick","Saint Patrick",GD-06,parish,,231.6,,,3,America/Grenada,FALSE,1308140565
Bamboo,Bamboo,,12.0004,-61.7868,Grenada,GD,GRD,"Saint George","Saint George",GD-03,parish,,492.7,,,3,America/Grenada,FALSE,1308391974
Mabouya,Mabouya,,12.1556,-61.7334,Grenada,GD,GRD,"Saint John","Saint John",GD-04,parish,,189.3,,,4,America/Grenada,FALSE,1308558900
"Terre Cannes","Terre Cannes",,12.0686,-61.6738,Grenada,GD,GRD,"Saint David","Saint David",GD-02,parish,,327.8,,,3,America/Grenada,FALSE,1308317825
Egmont,Egmont,,12.0048,-61.7215,Grenada,GD,GRD,"Saint George","Saint George",GD-03,parish,,492.7,,,3,America/Grenada,FALSE,1308531406
Calliste,Calliste,"Calliste Land Settlement",12.0088,-61.7746,Grenada,GD,GRD,"Saint George","Saint George",GD-03,parish,,492.7,,,3,America/Grenada,FALSE,1308142323
"Lower Woburn","Lower Woburn","Mount Desir",12.0137,-61.7355,Grenada,GD,GRD,"Saint George","Saint George",GD-03,parish,,492.7,,,3,America/Grenada,FALSE,1308008165
"Lance aux Épines","Lance aux Epines",,11.9944,-61.7561,Grenada,GD,GRD,"Saint George","Saint George",GD-03,parish,,492.7,,,3,America/Grenada,FALSE,1308022300
Munich,Munich,,12.0832,-61.6448,Grenada,GD,GRD,"Saint Andrew","Saint Andrew",GD-01,parish,,270.4,,,3,America/Grenada,FALSE,1308212042
Tempé,Tempe,Temple|Tempe,12.0564,-61.7367,Grenada,GD,GRD,"Saint George","Saint George",GD-03,parish,,492.7,,,3,America/Grenada,FALSE,1308136344
"Westerhall Point","Westerhall Point",Westerhall,12.0107,-61.7056,Grenada,GD,GRD,"Saint David","Saint David",GD-02,parish,,351.0,,,3,America/Grenada,FALSE,1308342310
"Mount Horne","Mount Horne",,12.1444,-61.6439,Grenada,GD,GRD,"Saint Andrew","Saint Andrew",GD-01,parish,,270.4,,,3,America/Grenada,FALSE,1308214950
Marquis,Marquis,,12.0833,-61.6167,Grenada,GD,GRD,"Saint Andrew","Saint Andrew",GD-01,parish,,270.4,,,3,America/Grenada,FALSE,1308299730
Pyrénées,Pyrenees,,12.1375,-61.6739,Grenada,GD,GRD,"Saint Andrew","Saint Andrew",GD-01,parish,,270.4,,,3,America/Grenada,FALSE,1308116494
"Snug Corner","Snug Corner",,12.0760,-61.7298,Grenada,GD,GRD,"Saint George","Saint George",GD-03,parish,,492.7,,,3,America/Grenada,FALSE,1308171288
Café,Cafe,,12.0374,-61.7449,Grenada,GD,GRD,"Saint George","Saint George",GD-03,parish,,492.7,,,3,America/Grenada,FALSE,1308241441
"Epping Forest","Epping Forest",,12.0458,-61.7027,Grenada,GD,GRD,"Saint David","Saint David",GD-02,parish,,351.7,,,3,America/Grenada,FALSE,1308291570
"Hope Bacolet","Hope Bacolet",,12.0333,-61.6833,Grenada,GD,GRD,"Saint Andrew","Saint Andrew",GD-01,parish,,270.4,,,3,America/Grenada,FALSE,1308862027
Dothan,Dothan,,12.1376,-61.7430,Grenada,GD,GRD,"Saint John","Saint John",GD-04,parish,,189.3,,,4,America/Grenada,FALSE,1308421254
Plaisance,Plaisance,,12.0982,-61.6435,Grenada,GD,GRD,"Saint Andrew","Saint Andrew",GD-01,parish,,270.4,,,3,America/Grenada,FALSE,1308581547
"Upper Pearls","Upper Pearls","Upper Pearl",12.1500,-61.6167,Grenada,GD,GRD,"Saint Andrew","Saint Andrew",GD-01,parish,,270.4,,,3,America/Grenada,FALSE,1308652985
Moya,Moya,,12.1535,-61.6232,Grenada,GD,GRD,"Saint Andrew","Saint Andrew",GD-01,parish,,270.4,,,3,America/Grenada,FALSE,1308530641
"Mount Craven","Mount Craven",,12.2167,-61.6500,Grenada,GD,GRD,"Saint Patrick","Saint Patrick",GD-06,parish,,211.8,,,3,America/Grenada,FALSE,1308031044
L’Espérance,L'Esperance,L’Esperance,12.1810,-61.7102,Grenada,GD,GRD,"Saint Mark","Saint Mark",GD-05,parish,,170.7,,,4,America/Grenada,FALSE,1308280639
Radix,Radix,,12.0617,-61.7261,Grenada,GD,GRD,"Saint George","Saint George",GD-03,parish,,492.7,,,3,America/Grenada,FALSE,1308011336
"Mount Cassell Land Settlement","Mount Cassell Land Settlement",,12.0686,-61.6553,Grenada,GD,GRD,"Saint Andrew","Saint Andrew",GD-01,parish,,270.4,,,3,America/Grenada,FALSE,1308181600
Retreat,Retreat,,12.0767,-61.7178,Grenada,GD,GRD,"Saint George","Saint George",GD-03,parish,,492.7,,,3,America/Grenada,FALSE,1308004740
Retreat,Retreat,,12.0660,-61.6600,Grenada,GD,GRD,"Saint David","Saint David",GD-02,parish,,348.0,,,3,America/Grenada,FALSE,1308861899
Barrow,Barrow,,12.0497,-61.7048,Grenada,GD,GRD,"Saint David","Saint David",GD-02,parish,,351.7,,,3,America/Grenada,FALSE,1308345404
"Mount Rose","Mount Rose",,12.0460,-61.7090,Grenada,GD,GRD,"Saint David","Saint David",GD-02,parish,,478.6,,,3,America/Grenada,FALSE,1308487744
"Upper La Taste","Upper La Taste","La Taste",12.1833,-61.6167,Grenada,GD,GRD,"Saint Patrick","Saint Patrick",GD-06,parish,,211.8,,,3,America/Grenada,FALSE,1308826149
"Lower Capitol","Lower Capitol",,12.1197,-61.6694,Grenada,GD,GRD,"Saint Andrew","Saint Andrew",GD-01,parish,,270.4,,,3,America/Grenada,FALSE,1308218175
"Mount Fann","Mount Fann",,12.0909,-61.6257,Grenada,GD,GRD,"Saint Andrew","Saint Andrew",GD-01,parish,,270.4,,,3,America/Grenada,FALSE,1308620967
L’Esterre,L'Esterre,,12.4667,-61.4833,Grenada,GD,GRD,,,,,,130.3,,,4,America/Grenada,FALSE,1308998121
Duquesne,Duquesne,,12.2095,-61.6701,Grenada,GD,GRD,"Saint Mark","Saint Mark",GD-05,parish,,202.2,,,3,America/Grenada,FALSE,1308589297
Maran,Maran,,12.1744,-61.7236,Grenada,GD,GRD,"Saint John","Saint John",GD-04,parish,,189.3,,,4,America/Grenada,FALSE,1308876200
Hermitage,Hermitage,,12.0823,-61.7401,Grenada,GD,GRD,"Saint George","Saint George",GD-03,parish,,492.7,,,3,America/Grenada,FALSE,1308558348
Belmont,Belmont,,12.1875,-61.6909,Grenada,GD,GRD,"Saint Mark","Saint Mark",GD-05,parish,,170.7,,,4,America/Grenada,FALSE,1308424401
Hermitage,Hermitage,,12.1765,-61.6336,Grenada,GD,GRD,"Saint Patrick","Saint Patrick",GD-06,parish,,211.8,,,3,America/Grenada,FALSE,1308892245
Beaton,Beaton,,12.0348,-61.6959,Grenada,GD,GRD,"Saint David","Saint David",GD-02,parish,,351.0,,,3,America/Grenada,FALSE,1308583971
"Mamma Cannes","Mamma Cannes",,12.0667,-61.6500,Grenada,GD,GRD,"Saint Andrew","Saint Andrew",GD-01,parish,,270.4,,,3,America/Grenada,FALSE,1308430969
L’Étage,L'Etage,L’Etage,12.1862,-61.6345,Grenada,GD,GRD,"Saint Patrick","Saint Patrick",GD-06,parish,,211.8,,,3,America/Grenada,FALSE,1308700158
Crochu,Crochu,,12.0500,-61.6500,Grenada,GD,GRD,"Saint Andrew","Saint Andrew",GD-01,parish,,272.1,,,3,America/Grenada,FALSE,1308218723
"Mount Helicon","Mount Helicon",,12.0547,-61.7392,Grenada,GD,GRD,"Saint George","Saint George",GD-03,parish,,492.7,,,3,America/Grenada,FALSE,1308364024
Pêcher,Pecher,,12.1199,-61.6839,Grenada,GD,GRD,"Saint Andrew","Saint Andrew",GD-01,parish,,270.4,,,3,America/Grenada,FALSE,1308227431
"Mount Moritz Land Settlement","Mount Moritz Land Settlement",,12.0839,-61.7465,Grenada,GD,GRD,"Saint George","Saint George",GD-03,parish,,492.7,,,3,America/Grenada,FALSE,1308809694
Carrière,Carriere,Carriere,12.1665,-61.6350,Grenada,GD,GRD,"Saint Andrew","Saint Andrew",GD-01,parish,,270.4,,,3,America/Grenada,FALSE,1308985732
"Brandon Hall","Brandon Hall",,12.1147,-61.6420,Grenada,GD,GRD,"Saint Andrew","Saint Andrew",GD-01,parish,,270.4,,,3,America/Grenada,FALSE,1308295456
"Petit Bacaye","Petit Bacaye",,12.0184,-61.6947,Grenada,GD,GRD,"Saint David","Saint David",GD-02,parish,,351.0,,,3,America/Grenada,FALSE,1308189384
Telescope,Telescope,,12.1288,-61.6204,Grenada,GD,GRD,"Saint Andrew","Saint Andrew",GD-01,parish,,270.4,,,3,America/Grenada,FALSE,1308019949
"Morne Jaloux","Morne Jaloux",,12.0167,-61.7333,Grenada,GD,GRD,"Saint George","Saint George",GD-03,parish,,492.7,,,3,America/Grenada,FALSE,1308698036
"Grand Bay","Grand Bay",,12.4833,-61.4333,Grenada,GD,GRD,,,,,,130.3,,,4,America/Grenada,FALSE,1308027482
"Morne Jaloux","Morne Jaloux",,12.1394,-61.6945,Grenada,GD,GRD,"Saint John","Saint John",GD-04,parish,,189.3,,,4,America/Grenada,FALSE,1308956495
"Morne Fendue","Morne Fendue","Morne Fondue",12.2000,-61.6333,Grenada,GD,GRD,"Saint Patrick","Saint Patrick",GD-06,parish,,211.8,,,3,America/Grenada,FALSE,1308529796
"Mount Moritz","Mount Moritz","Mont Moritz|Mount Marice|Mount Morice",12.0833,-61.7500,Grenada,GD,GRD,"Saint George","Saint George",GD-03,parish,,492.7,,,3,America/Grenada,FALSE,1308243279
"Windsor Forest","Windsor Forest",,12.0561,-61.6934,Grenada,GD,GRD,"Saint David","Saint David",GD-02,parish,,351.0,,,3,America/Grenada,FALSE,1308680811
Pearls,Pearls,,12.1495,-61.6234,Grenada,GD,GRD,"Saint Andrew","Saint Andrew",GD-01,parish,,270.4,,,3,America/Grenada,FALSE,1308324798
Conference,Conference,"Upper Conference",12.1500,-61.6167,Grenada,GD,GRD,"Saint Andrew","Saint Andrew",GD-01,parish,,270.4,,,3,America/Grenada,FALSE,1308782626
Boca,Boca,,12.0753,-61.7230,Grenada,GD,GRD,"Saint George","Saint George",GD-03,parish,,492.7,,,3,America/Grenada,FALSE,1308715086
"Petit Calivigny","Petit Calivigny",,12.0131,-61.7290,Grenada,GD,GRD,"Saint George","Saint George",GD-03,parish,,492.7,,,3,America/Grenada,FALSE,1308080807
Belair,Belair,,12.4833,-61.4333,Grenada,GD,GRD,,,,,,130.3,,,4,America/Grenada,FALSE,1308561557
Marlmount,Marlmount,,12.0514,-61.6540,Grenada,GD,GRD,"Saint David","Saint David",GD-02,parish,,351.0,,,3,America/Grenada,FALSE,1308566937
Perdmontemps,Perdmontemps,,12.0477,-61.7009,Grenada,GD,GRD,"Saint David","Saint David",GD-02,parish,,351.7,,,3,America/Grenada,FALSE,1308168029
"Morne Longue","Morne Longue",,12.1167,-61.6833,Grenada,GD,GRD,"Saint Andrew","Saint Andrew",GD-01,parish,,270.4,,,3,America/Grenada,FALSE,1308758375
Victoria,Victoria,"Grand Pauvre|Saint Mark Village|Saint Mark|Saint Marks|Grand Pauve",12.1833,-61.7000,Grenada,GD,GRD,"Saint Mark","Saint Mark",GD-05,parish,,170.7,,,4,America/Grenada,FALSE,1308018581
"Elie Hall","Elie Hall",,12.2000,-61.6333,Grenada,GD,GRD,"Saint Patrick","Saint Patrick",GD-06,parish,,211.8,,,3,America/Grenada,FALSE,1308219664
Richmond,Richmond,,12.1060,-61.6469,Grenada,GD,GRD,"Saint Andrew","Saint Andrew",GD-01,parish,,270.4,,,3,America/Grenada,FALSE,1308830303
Paraclete,Paraclete,,12.1483,-61.6273,Grenada,GD,GRD,"Saint Andrew","Saint Andrew",GD-01,parish,,270.4,,,3,America/Grenada,FALSE,1308990600
"Mount Stanhope","Mount Stanhope",,12.1858,-61.6846,Grenada,GD,GRD,"Saint Mark","Saint Mark",GD-05,parish,,170.7,,,4,America/Grenada,FALSE,1308620960
"Belle Isle","Belle Isle",,12.0388,-61.6557,Grenada,GD,GRD,"Saint David","Saint David",GD-02,parish,,351.0,,,3,America/Grenada,FALSE,1308817852
Clabony,Clabony,,12.1333,-61.6667,Grenada,GD,GRD,"Saint Andrew","Saint Andrew",GD-01,parish,,270.4,,,3,America/Grenada,FALSE,1308300463
Argyle,Argyle,,12.4500,-61.4833,Grenada,GD,GRD,,,,,,130.3,,,4,America/Grenada,FALSE,1308036927
"Battle Hill","Battle Hill",,12.1023,-61.6255,Grenada,GD,GRD,"Saint Andrew","Saint Andrew",GD-01,parish,,270.4,,,3,America/Grenada,FALSE,1308581896
"Upper Capitol","Upper Capitol",,12.1167,-61.6667,Grenada,GD,GRD,"Saint Andrew","Saint Andrew",GD-01,parish,,270.4,,,3,America/Grenada,FALSE,1308844206
"The Cliff","The Cliff",,12.0263,-61.7345,Grenada,GD,GRD,"Saint George","Saint George",GD-03,parish,,492.7,,,3,America/Grenada,FALSE,1308205716
"Happy Hill","Happy Hill",,12.0894,-61.7560,Grenada,GD,GRD,"Saint George","Saint George",GD-03,parish,,492.7,,,3,America/Grenada,FALSE,1308802069
Adelphi,Adelphi,Adelphia,12.1099,-61.6766,Grenada,GD,GRD,"Saint Andrew","Saint Andrew",GD-01,parish,,270.4,,,3,America/Grenada,FALSE,1308619813
Brizan,Brizan,Brisant,12.1029,-61.7521,Grenada,GD,GRD,"Saint George","Saint George",GD-03,parish,,492.7,,,3,America/Grenada,FALSE,1308475067
Belmont,Belmont,,12.1664,-61.6336,Grenada,GD,GRD,"Saint Patrick","Saint Patrick",GD-06,parish,,238.1,,,3,America/Grenada,FALSE,1308068233
Fairfield,Fairfield,,12.0559,-61.6610,Grenada,GD,GRD,"Saint David","Saint David",GD-02,parish,,351.0,,,3,America/Grenada,FALSE,1308159750
"The Park","The Park",,12.0528,-61.7172,Grenada,GD,GRD,"Saint George","Saint George",GD-03,parish,,492.7,,,3,America/Grenada,FALSE,1308620899
"River Sallee","River Sallee","Rivière Sallee",12.1985,-61.6146,Grenada,GD,GRD,"Saint Patrick","Saint Patrick",GD-06,parish,,211.8,,,3,America/Grenada,FALSE,1308695930
Beaulieu,Beaulieu,,12.0706,-61.7362,Grenada,GD,GRD,"Saint George","Saint George",GD-03,parish,,492.7,,,3,America/Grenada,FALSE,1308488581
Vendôme,Vendome,,12.0802,-61.7163,Grenada,GD,GRD,"Saint George","Saint George",GD-03,parish,,492.7,,,3,America/Grenada,FALSE,1308722095
Marian,Marian,,12.0222,-61.7261,Grenada,GD,GRD,"Saint George","Saint George",GD-03,parish,,492.7,,,3,America/Grenada,FALSE,1308269685
"La Mode","La Mode",,12.0670,-61.7341,Grenada,GD,GRD,"Saint George","Saint George",GD-03,parish,,492.7,,,3,America/Grenada,FALSE,1308681049
"Saint James","Saint James",,12.1147,-61.6583,Grenada,GD,GRD,"Saint Andrew","Saint Andrew",GD-01,parish,,270.4,,,3,America/Grenada,FALSE,1308400646
"La Mode","La Mode",,12.2162,-61.6405,Grenada,GD,GRD,"Saint Patrick","Saint Patrick",GD-06,parish,,211.8,,,3,America/Grenada,FALSE,1308830873
Maulti,Maulti,,12.0333,-61.6667,Grenada,GD,GRD,"Saint David","Saint David",GD-02,parish,,351.0,,,3,America/Grenada,FALSE,1308000000
"Windsor Castle","Windsor Castle",,12.0452,-61.6988,Grenada,GD,GRD,"Saint David","Saint David",GD-02,parish,,351.0,,,3,America/Grenada,FALSE,1308322194
"Grand Anse","Grand Anse","Grand Ance",12.0302,-61.7516,Grenada,GD,GRD,"Saint George","Saint George",GD-03,parish,,492.7,,,3,America/Grenada,FALSE,1308468215
"Fort Jeudy","Fort Jeudy",,12.0044,-61.7110,Grenada,GD,GRD,"Saint George","Saint George",GD-03,parish,,492.7,,,3,America/Grenada,FALSE,1308881966
"Morne Docteur","Morne Docteur",,12.1000,-61.7500,Grenada,GD,GRD,"Saint George","Saint George",GD-03,parish,,492.7,,,3,America/Grenada,FALSE,1308236890
"Belle Plain","Belle Plain",,12.0438,-61.7140,Grenada,GD,GRD,"Saint David","Saint David",GD-02,parish,,478.6,,,3,America/Grenada,FALSE,1308767853
"Charlotte Vale","Charlotte Vale",,12.0434,-61.7053,Grenada,GD,GRD,"Saint David","Saint David",GD-02,parish,,351.7,,,3,America/Grenada,FALSE,1308714926
"Pomme Rose","Pomme Rose",,12.0564,-61.6546,Grenada,GD,GRD,"Saint David","Saint David",GD-02,parish,,351.0,,,3,America/Grenada,FALSE,1308601950
"Gwa Kay","Gwa Kay",,12.0202,-61.7711,Grenada,GD,GRD,"Saint George","Saint George",GD-03,parish,,492.7,,,3,America/Grenada,FALSE,1308025375
"The Lime","The Lime",,12.0167,-61.7607,Grenada,GD,GRD,"Saint George","Saint George",GD-03,parish,,492.7,,,3,America/Grenada,FALSE,1308175525
"Saint John","Saint John",,12.1167,-61.6333,Grenada,GD,GRD,"Saint Andrew","Saint Andrew",GD-01,parish,,270.4,,,3,America/Grenada,FALSE,1308874735
Belmont,Belmont,,12.0412,-61.7497,Grenada,GD,GRD,"Saint George","Saint George",GD-03,parish,,492.7,,,3,America/Grenada,FALSE,1308983389
Helvellyn,Helvellyn,,12.2241,-61.6313,Grenada,GD,GRD,"Saint Patrick","Saint Patrick",GD-06,parish,,211.8,,,3,America/Grenada,FALSE,1308024780
Frequente,Frequente,,12.0132,-61.7689,Grenada,GD,GRD,"Saint George","Saint George",GD-03,parish,,492.7,,,3,America/Grenada,FALSE,1308569485
"Mount Agnes","Mount Agnes",,12.0694,-61.6674,Grenada,GD,GRD,"Saint David","Saint David",GD-02,parish,,327.8,,,3,America/Grenada,FALSE,1308885576
Fontenoy,Fontenoy,,12.0690,-61.7526,Grenada,GD,GRD,"Saint George","Saint George",GD-03,parish,,492.7,,,3,America/Grenada,FALSE,1308017035
"Gretna Green","Gretna Green",,12.0579,-61.7499,Grenada,GD,GRD,"Saint George","Saint George",GD-03,parish,,492.7,,,3,America/Grenada,FALSE,1308070944
Belair,Belair,,12.1602,-61.6260,Grenada,GD,GRD,"Saint Andrew","Saint Andrew",GD-01,parish,,270.4,,,3,America/Grenada,FALSE,1308526366
Dumfries,Dumfries,,12.4667,-61.4667,Grenada,GD,GRD,,,,,,130.3,,,4,America/Grenada,FALSE,1308144716
"Lower Pearls","Lower Pearls","Lower Pearl",12.1412,-61.6138,Grenada,GD,GRD,"Saint Andrew","Saint Andrew",GD-01,parish,,270.4,,,3,America/Grenada,FALSE,1308980240
"Baillies Bacolet","Baillies Bacolet",,12.0326,-61.6833,Grenada,GD,GRD,"Saint David","Saint David",GD-02,parish,,351.0,,,3,America/Grenada,FALSE,1308814230
Tivoli,Tivoli,,12.1667,-61.6167,Grenada,GD,GRD,"Saint Andrew","Saint Andrew",GD-01,parish,,247.5,,,3,America/Grenada,FALSE,1308527007
Nonpareil,Nonpareil,Crayfish,12.2117,-61.6903,Grenada,GD,GRD,"Saint Mark","Saint Mark",GD-05,parish,,170.7,,,4,America/Grenada,FALSE,1308827948
"Grand Mal","Grand Mal",,12.0774,-61.7526,Grenada,GD,GRD,"Saint George","Saint George",GD-03,parish,,492.7,,,3,America/Grenada,FALSE,1308021374
Vineyard,Vineyard,,12.0536,-61.6996,Grenada,GD,GRD,"Saint David","Saint David",GD-02,parish,,351.0,,,3,America/Grenada,FALSE,1308048625
"Mount Gay","Mount Gay",,12.0601,-61.7392,Grenada,GD,GRD,"Saint George","Saint George",GD-03,parish,,492.7,,,3,America/Grenada,FALSE,1308683098
Mardigras,Mardigras,,12.0558,-61.7151,Grenada,GD,GRD,"Saint David","Saint David",GD-02,parish,,492.7,,,3,America/Grenada,FALSE,1308654127
"Mon Repos","Mon Repos",,12.0462,-61.6781,Grenada,GD,GRD,"Saint David","Saint David",GD-02,parish,,351.0,,,3,America/Grenada,FALSE,1308937804
Providence,Providence,,12.0522,-61.6745,Grenada,GD,GRD,"Saint David","Saint David",GD-02,parish,,351.0,,,3,America/Grenada,FALSE,1308646764
"Six Roads","Six Roads",,12.4667,-61.4500,Grenada,GD,GRD,,,,,,130.3,,,4,America/Grenada,FALSE,1308728896
"Saint Cloud","Saint Cloud",,12.1251,-61.6359,Grenada,GD,GRD,"Saint Andrew","Saint Andrew",GD-01,parish,,270.4,,,3,America/Grenada,FALSE,1308758132
Laura,Laura,,12.0380,-61.6976,Grenada,GD,GRD,"Saint David","Saint David",GD-02,parish,,351.0,,,3,America/Grenada,FALSE,1308079356
Levera,Levera,,12.2223,-61.6322,Grenada,GD,GRD,"Saint Patrick","Saint Patrick",GD-06,parish,,211.8,,,3,America/Grenada,FALSE,1308254857
Dunfermline,Dunfermline,Dumfermline,12.1372,-61.6274,Grenada,GD,GRD,"Saint Andrew","Saint Andrew",GD-01,parish,,270.4,,,3,America/Grenada,FALSE,1308683317
Windward,Windward,,12.5167,-61.4333,Grenada,GD,GRD,,,,,,130.3,,,4,America/Grenada,FALSE,1308684679
Content,Content,,12.0360,-61.6658,Grenada,GD,GRD,"Saint David","Saint David",GD-02,parish,,351.0,,,3,America/Grenada,FALSE,1308489406
"Saint Paul’s","Saint Paul's",,12.0468,-61.7291,Grenada,GD,GRD,"Saint George","Saint George",GD-03,parish,,492.7,,,3,America/Grenada,FALSE,1308891520
Blaize,Blaize,,12.1588,-61.6461,Grenada,GD,GRD,"Saint Andrew","Saint Andrew",GD-01,parish,,270.4,,,3,America/Grenada,FALSE,1308267600
D’Arbeau,D'Arbeau,,12.0612,-61.7509,Grenada,GD,GRD,"Saint George","Saint George",GD-03,parish,,492.7,,,3,America/Grenada,FALSE,1308417366
"Saint Margaret","Saint Margaret",,12.1014,-61.6833,Grenada,GD,GRD,"Saint Andrew","Saint Andrew",GD-01,parish,,270.4,,,3,America/Grenada,FALSE,1308790019
"Mount Rich","Mount Rich",,12.1940,-61.6463,Grenada,GD,GRD,"Saint Patrick","Saint Patrick",GD-06,parish,,211.8,,,3,America/Grenada,FALSE,1308437647
"Rose Hill","Rose Hill",,12.2109,-61.6247,Grenada,GD,GRD,"Saint Patrick","Saint Patrick",GD-06,parish,,211.8,,,3,America/Grenada,FALSE,1308445864
"New Hampshire","New Hampshire",,12.0838,-61.7255,Grenada,GD,GRD,"Saint George","Saint George",GD-03,parish,,492.7,,,3,America/Grenada,FALSE,1308056226
Woburn,Woburn,Woborn,12.0212,-61.7351,Grenada,GD,GRD,"Saint George","Saint George",GD-03,parish,,492.7,,,3,America/Grenada,FALSE,1308064027
Rosemont,Rosemont,,12.1548,-61.7072,Grenada,GD,GRD,"Saint John","Saint John",GD-04,parish,,189.3,,,4,America/Grenada,FALSE,1308697842
L’Esterre,L'Esterre,,12.1187,-61.6416,Grenada,GD,GRD,"Saint Andrew","Saint Andrew",GD-01,parish,,270.4,,,3,America/Grenada,FALSE,1308330803
"Birch Grove","Birch Grove",,12.1140,-61.6722,Grenada,GD,GRD,"Saint Andrew","Saint Andrew",GD-01,parish,,270.4,,,3,America/Grenada,FALSE,1308917483
"Après Tout","Apres Tout",,12.0500,-61.6667,Grenada,GD,GRD,"Saint David","Saint David",GD-02,parish,,351.0,,,3,America/Grenada,FALSE,1308195056
Concord,Concord,,12.1186,-61.7396,Grenada,GD,GRD,"Saint John","Saint John",GD-04,parish,,189.3,,,4,America/Grenada,FALSE,1308910878
"La Poterie","La Poterie",,12.1720,-61.6092,Grenada,GD,GRD,"Saint Andrew","Saint Andrew",GD-01,parish,,247.5,,,3,America/Grenada,FALSE,1308946645
"Mon Plaisir","Mon Plaisir",,12.1309,-61.7291,Grenada,GD,GRD,"Saint John","Saint John",GD-04,parish,,189.3,,,4,America/Grenada,FALSE,1308889288
Falege,Falege,Falaise,12.0365,-61.7545,Grenada,GD,GRD,"Saint George","Saint George",GD-03,parish,,492.7,,,3,America/Grenada,FALSE,1308172281
