city,city_ascii,city_alt,lat,lng,country,iso2,iso3,admin_name,admin_name_ascii,admin_code,admin_type,capital,density,population,population_proper,ranking,timezone,same_name,id
Mamoudzou,Mamoudzou,Mamoutzou|Mamutzu|Mambutzou,-12.7806,45.2278,Mayotte,YT,MYT,,,,,primary,1516.7,71437,71437,1,Indian/Mayotte,FALSE,1175099654
Koungou,Koungou,Kongo,-12.7385,45.2071,Mayotte,YT,MYT,,,,,,1395.7,32156,32156,3,Indian/Mayotte,FALSE,1175080353
Dembeni,Dembeni,Debeney|Debenay|Dembéni,-12.8339,45.1725,Mayotte,YT,MYT,,,,,,359.0,15848,15848,3,Indian/Mayotte,FALSE,1175648104
Bandraboua,Bandraboua,M’Gombani|Bandaboa|Bandaboi,-12.7254,45.1072,Mayotte,YT,MYT,,,,,,389.3,13989,13989,3,Indian/Mayotte,FALSE,1175364380
Tsingoni,Tsingoni,,-12.7858,45.1113,Mayotte,YT,MYT,,,,,,382.0,13934,13934,3,Indian/Mayotte,FALSE,1175234033
Sada,Sada,,-12.8511,45.0997,Mayotte,YT,MYT,,,,,,1190.8,11156,11156,3,Indian/Mayotte,FALSE,1175438368
Bandrele,Bandrele,Bandrélé|Bandele|Bandeli|Bandélé,-12.9092,45.1944,Mayotte,YT,MYT,,,,,,271.1,10282,10282,3,Indian/Mayotte,FALSE,1175425508
Ouangani,Ouangani,,-12.8487,45.1446,Mayotte,YT,MYT,,,,,,852.1,10203,10203,3,Indian/Mayotte,FALSE,1175238215
Chirongui,Chirongui,,-12.9344,45.1511,Mayotte,YT,MYT,,,,,,369.0,8920,8920,3,Indian/Mayotte,FALSE,1175000178
Chiconi,Chiconi,,-12.8331,45.1144,Mayotte,YT,MYT,,,,,,911.8,8295,8295,3,Indian/Mayotte,FALSE,1175286709
Mtsamboro,Mtsamboro,Mtzamboro|M’Zambourou|M’Zambaurou|M’Zamburu|M’Zamboro,-12.7010,45.0680,Mayotte,YT,MYT,,,,,,480.0,7705,7705,3,Indian/Mayotte,FALSE,1175122240
M’Tsangamouji,M'Tsangamouji,Mtsamgamouji,-12.7597,45.0827,Mayotte,YT,MYT,,,,,,320.1,6432,6432,3,Indian/Mayotte,FALSE,1175562089
Bouéni,Boueni,Boeni,-12.9061,45.0781,Mayotte,YT,MYT,,,,,,482.1,6189,6189,3,Indian/Mayotte,FALSE,1175755079
Kani-Kéli,Kani-Keli,"Cani-Kely|Kani Kele|Cani",-12.9569,45.1056,Mayotte,YT,MYT,,,,,,272.1,5507,5507,3,Indian/Mayotte,FALSE,1175604638
Acoua,Acoua,Accua,-12.7225,45.0564,Mayotte,YT,MYT,,,,,,347.7,5192,5192,3,Indian/Mayotte,FALSE,1175837322
Choungui,Choungui,,-12.9594,45.1244,Mayotte,YT,MYT,,,,,,248.5,772,772,3,Indian/Mayotte,FALSE,1175422038
Handréma,Handrema,Andréma,-12.6814,45.1004,Mayotte,YT,MYT,,,,,,389.3,,,3,Indian/Mayotte,FALSE,1175923508
Doujani,Doujani,,-12.7935,45.2134,Mayotte,YT,MYT,,,,,,1516.7,,,3,Indian/Mayotte,FALSE,1175077100
Longoni,Longoni,,-12.7347,45.1633,Mayotte,YT,MYT,,,,,,1395.7,,,3,Indian/Mayotte,FALSE,1175478214
Hamouro,Hamouro,Amoro,-12.8817,45.2147,Mayotte,YT,MYT,,,,,,283.2,,,3,Indian/Mayotte,FALSE,1175702270
Tanaraki,Tanaraki,,-12.7591,45.0701,Mayotte,YT,MYT,,,,,,320.1,,,3,Indian/Mayotte,FALSE,1175755986
Komojou,Komojou,,-12.8549,45.1004,Mayotte,YT,MYT,,,,,,1190.8,,,3,Indian/Mayotte,FALSE,1175748315
Kahani,Kahani,,-12.8238,45.1316,Mayotte,YT,MYT,,,,,,852.1,,,3,Indian/Mayotte,FALSE,1175029232
Bandamagi,Bandamagi,,-12.7667,45.1667,Mayotte,YT,MYT,,,,,,815.7,,,3,Indian/Mayotte,FALSE,1175694619
M’Zioizie,M'Zioizie,,-12.9333,45.1333,Mayotte,YT,MYT,,,,,,453.3,,,3,Indian/Mayotte,FALSE,1175980044
Mtsangachéhi,Mtsangachehi,,-12.8860,45.1312,Mayotte,YT,MYT,,,,,,1092.5,,,3,Indian/Mayotte,FALSE,1175101039
"La Convalescence","La Convalescence",Convalescence,-12.7766,45.2227,Mayotte,YT,MYT,,,,,,1516.7,,,3,Indian/Mayotte,FALSE,1175761105
Hanyoundrou,Hanyoundrou,,-12.9044,45.1014,Mayotte,YT,MYT,,,,,,482.1,,,3,Indian/Mayotte,FALSE,1175284361
Dzoumonyé,Dzoumonye,Dzoumogne|Dzumogne,-12.7172,45.1128,Mayotte,YT,MYT,,,,,,389.3,,,3,Indian/Mayotte,FALSE,1175040857
Malamani,Malamani,,-12.9208,45.1583,Mayotte,YT,MYT,,,,,,348.7,,,3,Indian/Mayotte,FALSE,1175975949
Miambani,Miambani,,-12.9500,45.2000,Mayotte,YT,MYT,,,,,,271.1,,,3,Indian/Mayotte,FALSE,1175746759
Courtomel,Courtomel,,-12.7915,45.1633,Mayotte,YT,MYT,,,,,,904.3,,,3,Indian/Mayotte,FALSE,1175881724
Hamjago,Hamjago,,-12.6858,45.0719,Mayotte,YT,MYT,,,,,,480.0,,,3,Indian/Mayotte,FALSE,1175467298
Florence,Florence,,-12.8618,45.1946,Mayotte,YT,MYT,,,,,,359.0,,,3,Indian/Mayotte,FALSE,1175213442
Mtsahara,Mtsahara,M’Tsahara|M’Tsara,-12.6815,45.0835,Mayotte,YT,MYT,,,,,,480.0,,,3,Indian/Mayotte,FALSE,1175545911
Mbouini,Mbouini,,-12.9900,45.1369,Mayotte,YT,MYT,,,,,,248.5,,,3,Indian/Mayotte,FALSE,1175839193
Mitséni,Mitseni,,-12.7386,45.1457,Mayotte,YT,MYT,,,,,,506.4,,,3,Indian/Mayotte,FALSE,1175906916
"Ironi Bé","Ironi Be",,-12.8321,45.1928,Mayotte,YT,MYT,,,,,,359.0,,,3,Indian/Mayotte,FALSE,1175790710
"Kwalé Légion","Kwale Legion",Koualé-Légion,-12.7974,45.1881,Mayotte,YT,MYT,,,,,,1516.7,,,3,Indian/Mayotte,FALSE,1175949039
"Mouroni Sanga","Mouroni Sanga",,-13.0000,45.1667,Mayotte,YT,MYT,,,,,,271.1,,,3,Indian/Mayotte,FALSE,1175530154
Bandrani,Bandrani,,-12.8473,45.1046,Mayotte,YT,MYT,,,,,,1190.8,,,3,Indian/Mayotte,FALSE,1175635690
Mouanatrindri,Mouanatrindri,Mouanatrindi,-12.8997,45.0978,Mayotte,YT,MYT,,,,,,482.1,,,3,Indian/Mayotte,FALSE,1175669907
Saziley,Saziley,Sazilé,-12.9844,45.1812,Mayotte,YT,MYT,,,,,,271.1,,,3,Indian/Mayotte,FALSE,1175559061
Hajangoua,Hajangoua,Ajangua,-12.8678,45.1957,Mayotte,YT,MYT,,,,,,359.0,,,3,Indian/Mayotte,FALSE,1175303206
Anguebacao,Anguebacao,,-12.8833,45.2333,Mayotte,YT,MYT,,,,,,308.9,,,3,Indian/Mayotte,FALSE,1175526956
Combani,Combani,,-12.7880,45.1341,Mayotte,YT,MYT,,,,,,382.0,,,3,Indian/Mayotte,FALSE,1175924765
Nyambadao,Nyambadao,,-12.8935,45.2021,Mayotte,YT,MYT,,,,,,271.1,,,3,Indian/Mayotte,FALSE,1175481440
Bouyouni,Bouyouni,Bouilloni,-12.7346,45.1391,Mayotte,YT,MYT,,,,,,389.3,,,3,Indian/Mayotte,FALSE,1175128882
"Ironi Kely","Ironi Kely",Ironi-Be,-12.8333,45.2167,Mayotte,YT,MYT,,,,,,1516.7,,,3,Indian/Mayotte,FALSE,1175234558
"Mréréni Bé","Mrereni Be",,-12.9058,45.1552,Mayotte,YT,MYT,,,,,,369.0,,,3,Indian/Mayotte,FALSE,1175424181
Ngouja,Ngouja,,-12.9616,45.0845,Mayotte,YT,MYT,,,,,,339.7,,,3,Indian/Mayotte,FALSE,1175160217
M’Ferrolliet,M'Ferrolliet,,-12.7667,45.1333,Mayotte,YT,MYT,,,,,,382.0,,,3,Indian/Mayotte,FALSE,1175679700
Poroani,Poroani,Proani,-12.8925,45.1417,Mayotte,YT,MYT,,,,,,369.0,,,3,Indian/Mayotte,FALSE,1175493000
Kangani,Kangani,,-12.7305,45.1871,Mayotte,YT,MYT,,,,,,1395.7,,,3,Indian/Mayotte,FALSE,1175897195
Mronyombéni,Mronyombeni,,-12.7879,45.2644,Mayotte,YT,MYT,,,,,,1859.8,,,3,Indian/Mayotte,FALSE,1175048702
"Tsoundzou Un","Tsoundzou Un",Trotrondjéou,-12.8063,45.2055,Mayotte,YT,MYT,,,,,,1516.7,,,3,Indian/Mayotte,FALSE,1175788292
Tsararano,Tsararano,,-12.8369,45.1744,Mayotte,YT,MYT,,,,,,359.0,,,3,Indian/Mayotte,FALSE,1175389512
Miréréni,Mirereni,,-12.9058,45.1544,Mayotte,YT,MYT,,,,,,382.0,,,3,Indian/Mayotte,FALSE,1175961763
Hachénoua,Hachenoua,,-12.7883,45.1130,Mayotte,YT,MYT,,,,,,382.0,,,3,Indian/Mayotte,FALSE,1175726410
Foungoujou,Foungoujou,,-12.7865,45.2616,Mayotte,YT,MYT,,,,,,1859.8,,,3,Indian/Mayotte,FALSE,1175831929
Maboungani,Maboungani,,-12.8724,45.1998,Mayotte,YT,MYT,,,,,,359.0,,,3,Indian/Mayotte,FALSE,1175632497
Kavani,Kavani,,-12.7831,45.2211,Mayotte,YT,MYT,,,,,,910.2,,,3,Indian/Mayotte,FALSE,1175551971
Coconi,Coconi,,-12.8346,45.1369,Mayotte,YT,MYT,,,,,,833.1,,,3,Indian/Mayotte,FALSE,1175515157
Mgnambani,Mgnambani,Mounyambani,-12.9359,45.1664,Mayotte,YT,MYT,,,,,,311.9,,,3,Indian/Mayotte,FALSE,1175094090
Chembényoumba,Chembenyoumba,Chembénioumba,-12.7647,45.0779,Mayotte,YT,MYT,,,,,,320.1,,,3,Indian/Mayotte,FALSE,1175844493
Mramadoudou,Mramadoudou,Mouramedoudou,-12.9283,45.1536,Mayotte,YT,MYT,,,,,,369.0,,,3,Indian/Mayotte,FALSE,1175562200
M’Tsahara,M'Tsahara,M’Tsara,-12.6833,45.1167,Mayotte,YT,MYT,,,,,,389.3,,,3,Indian/Mayotte,FALSE,1175135038
M’Samouni,M'Samouni,,-12.8833,45.1667,Mayotte,YT,MYT,,,,,,354.6,,,3,Indian/Mayotte,FALSE,1175337817
Tsimkoura,Tsimkoura,,-12.9394,45.1386,Mayotte,YT,MYT,,,,,,369.0,,,3,Indian/Mayotte,FALSE,1175646448
Kwalé,Kwale,Koualé,-12.8051,45.1974,Mayotte,YT,MYT,,,,,,1516.7,,,3,Indian/Mayotte,FALSE,1175036073
Trévani,Trevani,Trivani,-12.7344,45.1989,Mayotte,YT,MYT,,,,,,1395.7,,,3,Indian/Mayotte,FALSE,1175905396
Bouchini,Bouchini,,-12.6900,45.1053,Mayotte,YT,MYT,,,,,,389.3,,,3,Indian/Mayotte,FALSE,1175305087
"Kani Bé","Kani Be",,-12.9646,45.1117,Mayotte,YT,MYT,,,,,,248.5,,,3,Indian/Mayotte,FALSE,1175460490
Mtsatoundou,Mtsatoundou,"Musicale Plage|Moutsatoundou",-12.9179,45.1849,Mayotte,YT,MYT,,,,,,271.1,,,3,Indian/Mayotte,FALSE,1175948501
Mzouazia,Mzouazia,,-12.9278,45.1039,Mayotte,YT,MYT,,,,,,482.1,,,3,Indian/Mayotte,FALSE,1175053118
Zoumougine,Zoumougine,,-12.7333,45.1333,Mayotte,YT,MYT,,,,,,389.3,,,3,Indian/Mayotte,FALSE,1175776599
"Bambo Est","Bambo Est",,-12.9289,45.1767,Mayotte,YT,MYT,,,,,,271.1,,,3,Indian/Mayotte,FALSE,1175958459
Mtsamoudou,Mtsamoudou,M’Samoudou|Moutsamoudou,-12.9092,45.1944,Mayotte,YT,MYT,,,,,,271.1,,,3,Indian/Mayotte,FALSE,1175901263
"Bambo Ouest","Bambo Ouest",,-12.9243,45.0899,Mayotte,YT,MYT,,,,,,482.1,,,3,Indian/Mayotte,FALSE,1175172985
"Choungui Kéli","Choungui Keli",,-12.9686,45.1308,Mayotte,YT,MYT,,,,,,248.5,,,3,Indian/Mayotte,FALSE,1175000000
"Majikavo Lamir","Majikavo Lamir","Majikavo Un",-12.7553,45.2297,Mayotte,YT,MYT,,,,,,1425.0,,,3,Indian/Mayotte,FALSE,1175966861
Ongojou,Ongojou,Ongoujou|Angouzou,-12.8381,45.1586,Mayotte,YT,MYT,,,,,,359.0,,,3,Indian/Mayotte,FALSE,1175448818
Mraféni,Mrafeni,,-12.8925,45.2059,Mayotte,YT,MYT,,,,,,271.1,,,3,Indian/Mayotte,FALSE,1175005868
Sakouli,Sakouli,,-12.8906,45.2108,Mayotte,YT,MYT,,,,,,271.1,,,3,Indian/Mayotte,FALSE,1175079424
Iloni,Iloni,,-12.8438,45.1909,Mayotte,YT,MYT,,,,,,359.0,,,3,Indian/Mayotte,FALSE,1175177270
Dapani,Dapani,,-12.9714,45.1608,Mayotte,YT,MYT,,,,,,271.1,,,3,Indian/Mayotte,FALSE,1175293746
Mronabéja,Mronabeja,"Mouroni Abeja",-12.9794,45.1183,Mayotte,YT,MYT,,,,,,248.5,,,3,Indian/Mayotte,FALSE,1175057693
Mrowalé,Mrowale,,-12.7889,45.1278,Mayotte,YT,MYT,,,,,,382.0,,,3,Indian/Mayotte,FALSE,1175817175
Vahibé,Vahibe,Vahibéni,-12.7902,45.1771,Mayotte,YT,MYT,,,,,,1516.7,,,3,Indian/Mayotte,FALSE,1175642790
Bandrajou,Bandrajou,,-12.7483,45.2205,Mayotte,YT,MYT,,,,,,1395.7,,,3,Indian/Mayotte,FALSE,1175936456
Mtsangadoua,Mtsangadoua,M’Tsangadoi,-12.7117,45.0511,Mayotte,YT,MYT,,,,,,348.1,,,3,Indian/Mayotte,FALSE,1175017172
Sohoa,Sohoa,,-12.8223,45.1055,Mayotte,YT,MYT,,,,,,910.2,,,3,Indian/Mayotte,FALSE,1175928179
"Rampe Cannelle","Rampe Cannelle",,-12.9392,45.1427,Mayotte,YT,MYT,,,,,,369.0,,,3,Indian/Mayotte,FALSE,1175782013
Chingoni,Chingoni,,-12.8000,45.1333,Mayotte,YT,MYT,,,,,,382.0,,,3,Indian/Mayotte,FALSE,1175064252
Mliha,Mliha,Moliha,-12.7497,45.0561,Mayotte,YT,MYT,,,,,,320.1,,,3,Indian/Mayotte,FALSE,1175907563
Passamaïnti,Passamainti,Passamenti,-12.8011,45.2089,Mayotte,YT,MYT,,,,,,1516.7,,,3,Indian/Mayotte,FALSE,1175407136
Mtsangamboua,Mtsangamboua,M’Tsangamboi,-12.6903,45.1097,Mayotte,YT,MYT,,,,,,389.3,,,3,Indian/Mayotte,FALSE,1175076111
Pamandzi,Pamandzi,"Pamanzi Be|Pamanzi",-12.7991,45.2745,Mayotte,YT,MYT,,,,,,2362.1,,,2,Indian/Mayotte,FALSE,1175360721
"Majikavo Koropa","Majikavo Koropa","Majikavo Deux",-12.7464,45.2203,Mayotte,YT,MYT,,,,,,1395.7,,,3,Indian/Mayotte,FALSE,1175181442
"Passi Kéli","Passi Keli",,-12.9861,45.1272,Mayotte,YT,MYT,,,,,,248.5,,,3,Indian/Mayotte,FALSE,1175487510
Balembo,Balembo,,-12.9833,45.1833,Mayotte,YT,MYT,,,,,,271.1,,,3,Indian/Mayotte,FALSE,1175434955
Mounadzini,Mounadzini,,-12.8954,45.1422,Mayotte,YT,MYT,,,,,,369.0,,,3,Indian/Mayotte,FALSE,1175337187
Keledjou,Keledjou,,-12.9833,45.2167,Mayotte,YT,MYT,,,,,,271.1,,,3,Indian/Mayotte,FALSE,1175102508
Angoro,Angoro,Angaro,-12.7500,45.2333,Mayotte,YT,MYT,,,,,,1395.7,,,3,Indian/Mayotte,FALSE,1175460021
Barakani,Barakani,,-12.8350,45.1281,Mayotte,YT,MYT,,,,,,852.1,,,3,Indian/Mayotte,FALSE,1175797060
Nyambo,Nyambo,M’Jago|Gnambo,-12.7094,45.1230,Mayotte,YT,MYT,,,,,,389.3,,,3,Indian/Mayotte,FALSE,1175587629
"La Palmeraie","La Palmeraie",,-12.8192,45.1953,Mayotte,YT,MYT,,,,,,1207.7,,,3,Indian/Mayotte,FALSE,1175065665
Kawéni,Kaweni,Kaouéni,-12.7714,45.2236,Mayotte,YT,MYT,,,,,,1516.7,,,3,Indian/Mayotte,FALSE,1175974725
Mouanamanga,Mouanamanga,,-12.9109,45.0808,Mayotte,YT,MYT,,,,,,482.1,,,3,Indian/Mayotte,FALSE,1175761121
Labattoir,Labattoir,,-12.7883,45.2728,Mayotte,YT,MYT,,,,,,1862.0,,,3,Indian/Mayotte,FALSE,1175661554
Mbouanasta,Mbouanasta,Mbouéanatsa,-12.9444,45.1019,Mayotte,YT,MYT,,,,,,455.1,,,3,Indian/Mayotte,FALSE,1175546837
Majiméouni,Majimeouni,,-12.9251,45.1069,Mayotte,YT,MYT,,,,,,482.1,,,3,Indian/Mayotte,FALSE,1175175632
Moutsoumbatsou,Moutsoumbatsou,,-12.7513,45.0496,Mayotte,YT,MYT,,,,,,320.1,,,3,Indian/Mayotte,FALSE,1175191127
"Tsoundzou Deux","Tsoundzou Deux",,-12.8155,45.1994,Mayotte,YT,MYT,,,,,,1516.7,,,3,Indian/Mayotte,FALSE,1175756379
Mangajou,Mangajou,,-12.8447,45.1167,Mayotte,YT,MYT,,,,,,1131.6,,,3,Indian/Mayotte,FALSE,1175802252
Djivani,Djivani,,-12.8334,45.1233,Mayotte,YT,MYT,,,,,,920.6,,,3,Indian/Mayotte,FALSE,1175832516
