city,city_ascii,city_alt,lat,lng,country,iso2,iso3,admin_name,admin_name_ascii,admin_code,admin_type,capital,density,population,population_proper,ranking,timezone,same_name,id
Weno,Weno,Moen,7.4417,151.8583,"Micronesia, Federated States of",FM,FSM,Chuuk,Chuuk,FM-TRK,state,admin,744.9,13856,13856,2,Pacific/Chuuk,FALSE,1583964118
Palikir,Palikir,Pallikir,6.9172,158.1589,"Micronesia, Federated States of",FM,FSM,Pohnpei,Pohnpei,FM-PNI,state,primary,217.8,6227,6227,1,Pacific/Pohnpei,FALSE,1583008885
Kolonia,Kolonia,"Koronia|Mesieng|Koronie|Koroni|Colony Koronia|Ponape|Colony Town|Ponape Town|Kolonie",6.9639,158.2081,"Micronesia, Federated States of",FM,FSM,Pohnpei,Pohnpei,FM-PNI,state,admin,3301.1,6074,6074,2,Pacific/Pohnpei,FALSE,1583881416
Colonia,Colonia,Yappu|Korronii|Kolonie|Yaptown|Doanguuc|Yap,9.5167,138.1333,"Micronesia, Federated States of",FM,FSM,Yap,Yap,FM-YAP,state,admin,392.5,3126,3126,2,Pacific/Chuuk,FALSE,1583511563
Tofol,Tofol,,5.3258,163.0086,"Micronesia, Federated States of",FM,FSM,Kosrae,Kosrae,FM-KSA,state,admin,21.9,2591,2591,2,Pacific/Kosrae,FALSE,1583000000
Maap,Maap,,9.6010,138.1650,"Micronesia, Federated States of",FM,FSM,Yap,Yap,FM-YAP,state,,55.6,592,592,3,Pacific/Chuuk,FALSE,1583491220
Penienuk,Penienuk,,7.3706,151.8928,"Micronesia, Federated States of",FM,FSM,Chuuk,Chuuk,FM-TRK,state,,487.1,,,3,Pacific/Chuuk,FALSE,1583796316
Dechumur,Dechumur,,9.5167,138.1667,"Micronesia, Federated States of",FM,FSM,Yap,Yap,FM-YAP,state,,123.4,,,4,Pacific/Chuuk,FALSE,1583048570
Baleabaat’,Baleabaat',Valavat|Balebat’|Barabado|Velabat|Balebatt|Balabat|Barabato,9.5031,138.1283,"Micronesia, Federated States of",FM,FSM,Yap,Yap,FM-YAP,state,,161.9,,,4,Pacific/Chuuk,FALSE,1583064660
Balelach,Balelach,Blelatsch,9.5167,138.1333,"Micronesia, Federated States of",FM,FSM,Yap,Yap,FM-YAP,state,,952.8,,,3,Pacific/Chuuk,FALSE,1583957490
Tomwarahlong,Tomwarahlong,Tamwarahlong|Tomara|Tomorolong,6.8425,158.1572,"Micronesia, Federated States of",FM,FSM,Pohnpei,Pohnpei,FM-PNI,state,,117.5,,,4,Pacific/Pohnpei,FALSE,1583311235
Qamun,Qamun,Umung|Amun,9.5514,138.1847,"Micronesia, Federated States of",FM,FSM,Yap,Yap,FM-YAP,state,,107.2,,,4,Pacific/Chuuk,FALSE,1583372075
Firigqaaw,Firigqaaw,Frig’aw|Frigaau|Firigaaw|Faregaaw|Firigau,9.4833,138.0667,"Micronesia, Federated States of",FM,FSM,Yap,Yap,FM-YAP,state,,73.6,,,4,Pacific/Chuuk,FALSE,1583170241
Neiwe,Neiwe,,7.4167,151.8333,"Micronesia, Federated States of",FM,FSM,Chuuk,Chuuk,FM-TRK,state,,1339.5,,,3,Pacific/Chuuk,FALSE,1583960231
Wininis,Wininis,Wininin,7.3558,151.8481,"Micronesia, Federated States of",FM,FSM,Chuuk,Chuuk,FM-TRK,state,,250.2,,,3,Pacific/Chuuk,FALSE,1583846983
Mutunte,Mutunte,Tafonsak,5.3658,162.9892,"Micronesia, Federated States of",FM,FSM,Kosrae,Kosrae,FM-KSA,state,,289.0,,,3,Pacific/Kosrae,FALSE,1583815324
Gitaem,Gitaem,,9.5053,138.1108,"Micronesia, Federated States of",FM,FSM,Yap,Yap,FM-YAP,state,,287.5,,,3,Pacific/Chuuk,FALSE,1583824718
Woriiläg,Woriilag,Uvilee|Orile|Orira|Orila|Vorile,9.5825,138.1556,"Micronesia, Federated States of",FM,FSM,Yap,Yap,FM-YAP,state,,57.6,,,4,Pacific/Chuuk,FALSE,1583719915
"Nan Uh","Nan Uh","U|U Mura",6.9703,158.2575,"Micronesia, Federated States of",FM,FSM,Pohnpei,Pohnpei,FM-PNI,state,,220.7,,,3,Pacific/Pohnpei,FALSE,1583267375
Petiw,Petiw,Beitiu|Peytiu|Peitiu|Peyitiw|Peitu,7.4381,151.8717,"Micronesia, Federated States of",FM,FSM,Chuuk,Chuuk,FM-TRK,state,,74.7,,,4,Pacific/Chuuk,FALSE,1583365404
Oumoar,Oumoar,Oaunoar|Aumar|Aumoar|Aumaru|Oarmoar|Oaumoar,6.9353,158.1681,"Micronesia, Federated States of",FM,FSM,Pohnpei,Pohnpei,FM-PNI,state,,86.8,,,4,Pacific/Pohnpei,FALSE,1583310443
Tarqaaw,Tarqaaw,"Tar’ aw",9.4769,138.0722,"Micronesia, Federated States of",FM,FSM,Yap,Yap,FM-YAP,state,,73.6,,,4,Pacific/Chuuk,FALSE,1583947396
Munien,Munien,Muliefl,7.3197,151.6119,"Micronesia, Federated States of",FM,FSM,Chuuk,Chuuk,FM-TRK,state,,170.4,,,4,Pacific/Chuuk,FALSE,1583471022
Qokaaw,Qokaaw,Okau,9.5333,138.1000,"Micronesia, Federated States of",FM,FSM,Yap,Yap,FM-YAP,state,,40.9,,,4,Pacific/Chuuk,FALSE,1583736910
Salong,Salong,Schaulon|Sallong,6.8508,158.3164,"Micronesia, Federated States of",FM,FSM,Pohnpei,Pohnpei,FM-PNI,state,,64.2,,,4,Pacific/Pohnpei,FALSE,1583457826
Pieis,Pieis,,7.3594,151.8386,"Micronesia, Federated States of",FM,FSM,Chuuk,Chuuk,FM-TRK,state,,181.5,,,4,Pacific/Chuuk,FALSE,1583721255
Numnung,Numnung,Numunung|Numnum|Numenun,9.5456,138.1103,"Micronesia, Federated States of",FM,FSM,Yap,Yap,FM-YAP,state,,34.3,,,4,Pacific/Chuuk,FALSE,1583073031
Madalaay’,Madalaay',Madlay|Madalay’|Madalai,9.5367,138.1789,"Micronesia, Federated States of",FM,FSM,Yap,Yap,FM-YAP,state,,81.8,,,4,Pacific/Chuuk,FALSE,1583503579
Wapparu,Wapparu,Onean,6.8206,158.2753,"Micronesia, Federated States of",FM,FSM,Pohnpei,Pohnpei,FM-PNI,state,,41.6,,,4,Pacific/Pohnpei,FALSE,1583397164
Keeng,Keeng,"Weeloay District|Keng",9.5167,138.1333,"Micronesia, Federated States of",FM,FSM,Yap,Yap,FM-YAP,state,,952.8,,,3,Pacific/Chuuk,FALSE,1583442145
Tafunsak,Tafunsak,Saventiac|Tafonsak|Tahonsaku,5.3675,162.9871,"Micronesia, Federated States of",FM,FSM,Kosrae,Kosrae,FM-KSA,state,,275.1,,,3,Pacific/Kosrae,FALSE,1583154102
Sapoer,Sapoer,,7.3333,151.8500,"Micronesia, Federated States of",FM,FSM,Chuuk,Chuuk,FM-TRK,state,,212.2,,,3,Pacific/Chuuk,FALSE,1583750802
Tamworohi,Tamworohi,Tamuroi|Tamureu|Tamoroi,6.8419,158.3044,"Micronesia, Federated States of",FM,FSM,Pohnpei,Pohnpei,FM-PNI,state,,106.7,,,4,Pacific/Pohnpei,FALSE,1583223141
Bugol,Bugol,Yugol|Bogul,9.5167,138.1500,"Micronesia, Federated States of",FM,FSM,Yap,Yap,FM-YAP,state,,141.3,,,3,Pacific/Chuuk,FALSE,1583127337
Diadi,Diadi,Teate|Tiati,6.8614,158.3233,"Micronesia, Federated States of",FM,FSM,Pohnpei,Pohnpei,FM-PNI,state,,88.8,,,4,Pacific/Pohnpei,FALSE,1583314070
Diadi,Diadi,,6.8233,158.1558,"Micronesia, Federated States of",FM,FSM,Pohnpei,Pohnpei,FM-PNI,state,,74.0,,,4,Pacific/Pohnpei,TRUE,1583713970
Tunnuk,Tunnuk,Tungunbinaw,7.3833,151.7500,"Micronesia, Federated States of",FM,FSM,Chuuk,Chuuk,FM-TRK,state,,355.0,,,3,Pacific/Chuuk,FALSE,1583695833
Waaloo,Waaloo,Werua|Ueroi|Ucloj|Uelei|Ueloy|Waalooy|Weroi|Ueloi|Waloy,9.5321,138.1054,"Micronesia, Federated States of",FM,FSM,Yap,Yap,FM-YAP,state,,44.1,,,3,Pacific/Chuuk,FALSE,1583963085
Teab,Teab,Teb,9.5200,138.1533,"Micronesia, Federated States of",FM,FSM,Yap,Yap,FM-YAP,state,,171.2,,,4,Pacific/Chuuk,FALSE,1583387430
Ruuq,Ruuq,Ru’|Ruu,9.5428,138.1769,"Micronesia, Federated States of",FM,FSM,Yap,Yap,FM-YAP,state,,97.8,,,4,Pacific/Chuuk,FALSE,1583743889
Fanbatear,Fanbatear,Woruworu|Wurwo’|Woruworu|Worowa|Vorvor|Orowoo|Vorovo|Worwoq|Woarowoq|Worwor|Uoruuoru,9.5092,138.1283,"Micronesia, Federated States of",FM,FSM,Yap,Yap,FM-YAP,state,,392.5,,,3,Pacific/Chuuk,FALSE,1583813058
Qayirëch,Qayirech,Ayrech|Ayrach|Ayirech|Airetj|Eirech|Airech,9.5808,138.1292,"Micronesia, Federated States of",FM,FSM,Yap,Yap,FM-YAP,state,,27.9,,,4,Pacific/Chuuk,FALSE,1583524425
Sapitiw,Sapitiw,,7.3833,151.6000,"Micronesia, Federated States of",FM,FSM,Chuuk,Chuuk,FM-TRK,state,,44.0,,,4,Pacific/Chuuk,FALSE,1583662296
Biloechaang,Biloechaang,Bulochang|Buloochang|Blochang,9.5500,138.1267,"Micronesia, Federated States of",FM,FSM,Yap,Yap,FM-YAP,state,,120.8,,,4,Pacific/Chuuk,FALSE,1583141740
Chorong,Chorong,Corog,7.4097,151.6644,"Micronesia, Federated States of",FM,FSM,Chuuk,Chuuk,FM-TRK,state,,1116.9,,,3,Pacific/Chuuk,FALSE,1583096021
Kanif,Kanif,,9.5250,138.0902,"Micronesia, Federated States of",FM,FSM,Yap,Yap,FM-YAP,state,,32.2,,,3,Pacific/Chuuk,FALSE,1583806138
Bruggemann,Bruggemann,,9.6000,138.1667,"Micronesia, Federated States of",FM,FSM,Yap,Yap,FM-YAP,state,,79.9,,,4,Pacific/Chuuk,FALSE,1583348785
Beenik,Beenik,Benik|Benig,9.4992,138.1200,"Micronesia, Federated States of",FM,FSM,Yap,Yap,FM-YAP,state,,161.9,,,4,Pacific/Chuuk,FALSE,1583069854
"Enipeihn Powe","Enipeihn Powe","Enipein Pah|Anipein Powe",6.8111,158.2236,"Micronesia, Federated States of",FM,FSM,Pohnpei,Pohnpei,FM-PNI,state,,45.4,,,4,Pacific/Pohnpei,FALSE,1583880542
Weenfaraq,Weenfaraq,Uenfura|Uenfra|Weach,9.6183,138.1653,"Micronesia, Federated States of",FM,FSM,Yap,Yap,FM-YAP,state,,6.5,,,4,Pacific/Chuuk,FALSE,1583626254
Qanooth,Qanooth,Anoz|Anoth,9.4431,138.0675,"Micronesia, Federated States of",FM,FSM,Yap,Yap,FM-YAP,state,,127.4,,,4,Pacific/Chuuk,FALSE,1583897912
Aun,Aun,Upen|Auun,7.3328,151.8464,"Micronesia, Federated States of",FM,FSM,Chuuk,Chuuk,FM-TRK,state,,195.7,,,4,Pacific/Chuuk,FALSE,1583970960
Faraq,Faraq,Fara|Fra,9.4842,138.0758,"Micronesia, Federated States of",FM,FSM,Yap,Yap,FM-YAP,state,,45.7,,,4,Pacific/Chuuk,FALSE,1583026950
Bechyal,Bechyal,Bechiyel|Bechiel,9.6153,138.1708,"Micronesia, Federated States of",FM,FSM,Yap,Yap,FM-YAP,state,,87.9,,,3,Pacific/Chuuk,FALSE,1583021395
Malawaay,Malawaay,Malanaj|Volouai|Maloai|Molouai|Moroai|Molousi|Maroai|Moloai,9.5619,138.1325,"Micronesia, Federated States of",FM,FSM,Yap,Yap,FM-YAP,state,,87.8,,,4,Pacific/Chuuk,FALSE,1583211030
Mechitiw,Mechitiw,Metitiu|Metediu|Mezitiu|Mechitiu,7.4581,151.8558,"Micronesia, Federated States of",FM,FSM,Chuuk,Chuuk,FM-TRK,state,,776.8,,,3,Pacific/Chuuk,FALSE,1583881686
Pwok,Pwok,Pokku|Pok,6.8181,158.1969,"Micronesia, Federated States of",FM,FSM,Pohnpei,Pohnpei,FM-PNI,state,,27.5,,,4,Pacific/Pohnpei,FALSE,1583254402
Taalguw,Taalguw,Talaguu|Talagu|Talegu|Talguw,9.5214,138.1067,"Micronesia, Federated States of",FM,FSM,Yap,Yap,FM-YAP,state,,148.9,,,4,Pacific/Chuuk,FALSE,1583559959
Areu,Areu,Aruu|Aru,6.9258,158.3094,"Micronesia, Federated States of",FM,FSM,Pohnpei,Pohnpei,FM-PNI,state,,110.0,,,4,Pacific/Pohnpei,FALSE,1583452880
Leap,Leap,,5.3078,162.9153,"Micronesia, Federated States of",FM,FSM,Kosrae,Kosrae,FM-KSA,state,,6.8,,,5,Pacific/Kosrae,FALSE,1583367016
Nepononong,Nepononong,Lebonolong|Neponolong,7.2992,151.8858,"Micronesia, Federated States of",FM,FSM,Chuuk,Chuuk,FM-TRK,state,,514.5,,,3,Pacific/Chuuk,FALSE,1583921273
Mulröq,Mulroq,Mulroo|Mulro’,9.5139,138.1183,"Micronesia, Federated States of",FM,FSM,Yap,Yap,FM-YAP,state,,746.2,,,3,Pacific/Chuuk,FALSE,1583672101
Sapun,Sapun,Sabun|Sobou,7.3667,151.8833,"Micronesia, Federated States of",FM,FSM,Chuuk,Chuuk,FM-TRK,state,,255.2,,,3,Pacific/Chuuk,FALSE,1583858731
Manaio,Manaio,Malaio,7.3419,151.5689,"Micronesia, Federated States of",FM,FSM,Chuuk,Chuuk,FM-TRK,state,,82.0,,,4,Pacific/Chuuk,FALSE,1583979945
"Pukusruk Te","Pukusruk Te","Pukusrik Te",5.3514,163.0200,"Micronesia, Federated States of",FM,FSM,Kosrae,Kosrae,FM-KSA,state,,93.9,,,4,Pacific/Kosrae,FALSE,1583282524
Panitiw,Panitiw,Panitu|Panutiw,7.3000,151.8833,"Micronesia, Federated States of",FM,FSM,Chuuk,Chuuk,FM-TRK,state,,486.7,,,3,Pacific/Chuuk,FALSE,1583449825
Kepinpwel,Kepinpwel,,6.9833,158.1833,"Micronesia, Federated States of",FM,FSM,Pohnpei,Pohnpei,FM-PNI,state,,109.2,,,4,Pacific/Pohnpei,FALSE,1583572288
Tonof,Tonof,Dublon,7.3856,151.8639,"Micronesia, Federated States of",FM,FSM,Chuuk,Chuuk,FM-TRK,state,,327.4,,,3,Pacific/Chuuk,FALSE,1583040476
Faal,Faal,Fal|Unefaraa,9.6217,138.1661,"Micronesia, Federated States of",FM,FSM,Yap,Yap,FM-YAP,state,,6.5,,,5,Pacific/Chuuk,FALSE,1583638965
Notu,Notu,,7.3394,151.8481,"Micronesia, Federated States of",FM,FSM,Chuuk,Chuuk,FM-TRK,state,,241.3,,,3,Pacific/Chuuk,FALSE,1583852734
Guruung,Guruung,,9.5500,138.1000,"Micronesia, Federated States of",FM,FSM,Yap,Yap,FM-YAP,state,,28.8,,,4,Pacific/Chuuk,FALSE,1583366131
Ngariy,Ngariy,,9.4500,138.0667,"Micronesia, Federated States of",FM,FSM,Yap,Yap,FM-YAP,state,,132.3,,,4,Pacific/Chuuk,FALSE,1583525400
Fanqaliiliy,Fanqaliiliy,Fanalili|Fanaliliy|Fenealiliy,9.5031,138.0989,"Micronesia, Federated States of",FM,FSM,Yap,Yap,FM-YAP,state,,78.8,,,4,Pacific/Chuuk,FALSE,1583198615
Taman,Taman,Temwen|Tamon,6.8667,158.3333,"Micronesia, Federated States of",FM,FSM,Pohnpei,Pohnpei,FM-PNI,state,,88.8,,,4,Pacific/Pohnpei,FALSE,1583466789
Tabeelaeng,Tabeelaeng,,9.5500,138.1000,"Micronesia, Federated States of",FM,FSM,Yap,Yap,FM-YAP,state,,28.8,,,4,Pacific/Chuuk,FALSE,1583008946
Tabnifiy,Tabnifiy,Tabunifi,9.4686,138.0761,"Micronesia, Federated States of",FM,FSM,Yap,Yap,FM-YAP,state,,43.4,,,4,Pacific/Chuuk,FALSE,1583717165
Nanpohnsapw,Nanpohnsapw,Nijon|Napondschap|Nanponjap,6.9619,158.2189,"Micronesia, Federated States of",FM,FSM,Pohnpei,Pohnpei,FM-PNI,state,,258.4,,,3,Pacific/Pohnpei,FALSE,1583074056
Upwein,Upwein,Oboen|Upwein,7.3336,151.8367,"Micronesia, Federated States of",FM,FSM,Chuuk,Chuuk,FM-TRK,state,,239.3,,,3,Pacific/Chuuk,FALSE,1583670360
Binaew,Binaew,Vinau|Binau|Binaw,9.5397,138.1864,"Micronesia, Federated States of",FM,FSM,Yap,Yap,FM-YAP,state,,83.0,,,4,Pacific/Chuuk,FALSE,1583084013
Finolof,Finolof,,5.3408,162.9597,"Micronesia, Federated States of",FM,FSM,Kosrae,Kosrae,FM-KSA,state,,18.5,,,4,Pacific/Kosrae,FALSE,1583774355
Yin,Yin,Yn|Yuin|Jin,9.5806,138.1233,"Micronesia, Federated States of",FM,FSM,Yap,Yap,FM-YAP,state,,27.9,,,4,Pacific/Chuuk,FALSE,1583552121
Raeng,Raeng,,9.5500,138.1000,"Micronesia, Federated States of",FM,FSM,Yap,Yap,FM-YAP,state,,28.8,,,4,Pacific/Chuuk,FALSE,1583529148
Palaaw,Palaaw,,9.5667,138.1500,"Micronesia, Federated States of",FM,FSM,Yap,Yap,FM-YAP,state,,54.0,,,4,Pacific/Chuuk,FALSE,1583918827
Meseiku,Meseiku,,7.3167,151.8333,"Micronesia, Federated States of",FM,FSM,Chuuk,Chuuk,FM-TRK,state,,169.5,,,4,Pacific/Chuuk,FALSE,1583388137
Kadaay,Kadaay,Kaday,9.5333,138.1000,"Micronesia, Federated States of",FM,FSM,Yap,Yap,FM-YAP,state,,40.9,,,4,Pacific/Chuuk,FALSE,1583241315
Pelusrik,Pelusrik,,5.4000,162.9636,"Micronesia, Federated States of",FM,FSM,Kosrae,Kosrae,FM-KSA,state,,430.1,,,3,Pacific/Kosrae,FALSE,1583440505
Leebinaew,Leebinaew,Rebinao|Lebnaw|Lebnaw|Lebinaw|Lebinao|Lebinau|Lebnan|Levinau,9.5275,138.1833,"Micronesia, Federated States of",FM,FSM,Yap,Yap,FM-YAP,state,,83.0,,,4,Pacific/Chuuk,FALSE,1583694210
Monowe,Monowe,Monowa|Molove|Molower,7.3667,151.7000,"Micronesia, Federated States of",FM,FSM,Chuuk,Chuuk,FM-TRK,state,,587.6,,,3,Pacific/Chuuk,FALSE,1583461535
Pohrasapw,Pohrasapw,,6.8078,158.2389,"Micronesia, Federated States of",FM,FSM,Pohnpei,Pohnpei,FM-PNI,state,,57.3,,,4,Pacific/Pohnpei,FALSE,1583064205
"Awak Pah","Awak Pah",Ipuak,6.9589,158.2458,"Micronesia, Federated States of",FM,FSM,Pohnpei,Pohnpei,FM-PNI,state,,171.2,,,4,Pacific/Pohnpei,FALSE,1583490753
Mal’aay,Mal'aay,Mal’ay|Milai|Mala,9.4611,138.0650,"Micronesia, Federated States of",FM,FSM,Yap,Yap,FM-YAP,state,,94.5,,,4,Pacific/Chuuk,FALSE,1583481258
Yepan,Yepan,Lejut|Motanrikku|Matanluk|Leijut,5.3408,163.0311,"Micronesia, Federated States of",FM,FSM,Kosrae,Kosrae,FM-KSA,state,,761.9,,,3,Pacific/Kosrae,FALSE,1583720021
Pohniak,Pohniak,Tauenpil,6.8667,158.2925,"Micronesia, Federated States of",FM,FSM,Pohnpei,Pohnpei,FM-PNI,state,,42.2,,,4,Pacific/Pohnpei,FALSE,1583756077
Saporänong,Saporanong,Soborelong,7.3333,151.8333,"Micronesia, Federated States of",FM,FSM,Chuuk,Chuuk,FM-TRK,state,,239.3,,,3,Pacific/Chuuk,FALSE,1583083421
Laay,Laay,Ley|Lei|Lai|Lahy,9.4536,138.0742,"Micronesia, Federated States of",FM,FSM,Yap,Yap,FM-YAP,state,,132.3,,,4,Pacific/Chuuk,FALSE,1583251631
Tamil,Tamil,Gagil|Tomil|Tomiru,9.5167,138.1500,"Micronesia, Federated States of",FM,FSM,Yap,Yap,FM-YAP,state,,171.2,,,4,Pacific/Chuuk,FALSE,1583931321
Fanip,Fanip,Neawachang,7.3603,151.7819,"Micronesia, Federated States of",FM,FSM,Chuuk,Chuuk,FM-TRK,state,,135.7,,,4,Pacific/Chuuk,FALSE,1583718818
Neel,Neel,Nel|Nei,9.4767,138.0736,"Micronesia, Federated States of",FM,FSM,Yap,Yap,FM-YAP,state,,73.6,,,4,Pacific/Chuuk,FALSE,1583427380
Chukuram,Chukuram,,7.3472,151.5958,"Micronesia, Federated States of",FM,FSM,Chuuk,Chuuk,FM-TRK,state,,137.3,,,4,Pacific/Chuuk,FALSE,1583637739
Nimaar,Nimaar,Nimar,9.5172,138.1247,"Micronesia, Federated States of",FM,FSM,Yap,Yap,FM-YAP,state,,292.7,,,3,Pacific/Chuuk,FALSE,1583864893
"Sekeren Iap","Sekeren Iap",,6.8144,158.1642,"Micronesia, Federated States of",FM,FSM,Pohnpei,Pohnpei,FM-PNI,state,,44.2,,,4,Pacific/Pohnpei,FALSE,1583477554
Qatliw,Qatliw,Atell|Atliw|Atiliw|Atelu|Ateliw|Ateliu|Aleru|Ateru|Atiliu,9.5503,138.1094,"Micronesia, Federated States of",FM,FSM,Yap,Yap,FM-YAP,state,,30.0,,,4,Pacific/Chuuk,FALSE,1583950429
Mochon,Mochon,Machon,7.3078,151.8786,"Micronesia, Federated States of",FM,FSM,Chuuk,Chuuk,FM-TRK,state,,486.7,,,3,Pacific/Chuuk,FALSE,1583060485
Mineef,Mineef,Mini|Minei’|Minniy,9.5381,138.1072,"Micronesia, Federated States of",FM,FSM,Yap,Yap,FM-YAP,state,,25.4,,,4,Pacific/Chuuk,FALSE,1583065083
Qaaf,Qaaf,Af,9.5150,138.1592,"Micronesia, Federated States of",FM,FSM,Yap,Yap,FM-YAP,state,,141.3,,,4,Pacific/Chuuk,FALSE,1583278801
Lugav,Lugav,Rugau|Ruugau,7.3592,149.1983,"Micronesia, Federated States of",FM,FSM,Chuuk,Chuuk,FM-TRK,state,,107.0,,,4,Pacific/Chuuk,FALSE,1583000267
Sapotiw,Sapotiw,Sabotiu,7.3000,151.8833,"Micronesia, Federated States of",FM,FSM,Chuuk,Chuuk,FM-TRK,state,,486.7,,,3,Pacific/Chuuk,FALSE,1583698007
Thool,Thool,Thol|Zol,9.5333,138.1725,"Micronesia, Federated States of",FM,FSM,Yap,Yap,FM-YAP,state,,76.7,,,4,Pacific/Chuuk,FALSE,1583753033
Maseesin,Maseesin,Masesin,9.4631,138.0642,"Micronesia, Federated States of",FM,FSM,Yap,Yap,FM-YAP,state,,94.5,,,4,Pacific/Chuuk,FALSE,1583608127
Toeruw,Toeruw,Toruw|Toley,9.6078,138.1825,"Micronesia, Federated States of",FM,FSM,Yap,Yap,FM-YAP,state,,63.0,,,4,Pacific/Chuuk,FALSE,1583741831
Fason,Fason,,7.3389,151.6294,"Micronesia, Federated States of",FM,FSM,Chuuk,Chuuk,FM-TRK,state,,373.4,,,3,Pacific/Chuuk,FALSE,1583876596
Fason,Fason,,7.3519,151.8489,"Micronesia, Federated States of",FM,FSM,Chuuk,Chuuk,FM-TRK,state,,250.2,,,3,Pacific/Chuuk,TRUE,1583873805
Dugor,Dugor,,9.5325,138.1236,"Micronesia, Federated States of",FM,FSM,Yap,Yap,FM-YAP,state,,98.0,,,4,Pacific/Chuuk,FALSE,1583077616
Qaringeel,Qaringeel,Aringeru|Aringel|Arinel|Aringiru|Aringell,9.5206,138.0861,"Micronesia, Federated States of",FM,FSM,Yap,Yap,FM-YAP,state,,39.8,,,4,Pacific/Chuuk,FALSE,1583232276
Yabach,Yabach,Yevotj|Yeboch|Yaboch,9.4964,138.0742,"Micronesia, Federated States of",FM,FSM,Yap,Yap,FM-YAP,state,,55.3,,,4,Pacific/Chuuk,FALSE,1583082420
Rörö,Roro,Reere|Rere|Rara,7.3775,151.8750,"Micronesia, Federated States of",FM,FSM,Chuuk,Chuuk,FM-TRK,state,,259.9,,,3,Pacific/Chuuk,FALSE,1583846748
Guroor,Guroor,Gorror,9.4461,138.0736,"Micronesia, Federated States of",FM,FSM,Yap,Yap,FM-YAP,state,,127.4,,,4,Pacific/Chuuk,FALSE,1583989234
Taafniith,Taafniith,Tafunis|Tafnith,9.4886,138.0714,"Micronesia, Federated States of",FM,FSM,Yap,Yap,FM-YAP,state,,73.7,,,4,Pacific/Chuuk,FALSE,1583963233
Wonip,Wonip,Onip|Olip,7.3317,151.6067,"Micronesia, Federated States of",FM,FSM,Chuuk,Chuuk,FM-TRK,state,,343.7,,,3,Pacific/Chuuk,FALSE,1583925145
Rekisou,Rekisou,Rekisau|Rekeeshi,6.9667,158.2000,"Micronesia, Federated States of",FM,FSM,Pohnpei,Pohnpei,FM-PNI,state,,3200.5,,,2,Pacific/Pohnpei,FALSE,1583535302
Nepos,Nepos,,7.3908,151.6017,"Micronesia, Federated States of",FM,FSM,Chuuk,Chuuk,FM-TRK,state,,102.9,,,4,Pacific/Chuuk,FALSE,1583803086
Nechocho,Nechocho,,7.3250,151.6231,"Micronesia, Federated States of",FM,FSM,Chuuk,Chuuk,FM-TRK,state,,158.1,,,4,Pacific/Chuuk,FALSE,1583560839
Ueroru,Ueroru,,7.3500,151.7833,"Micronesia, Federated States of",FM,FSM,Chuuk,Chuuk,FM-TRK,state,,135.7,,,4,Pacific/Chuuk,FALSE,1583190181
Maabuuq,Maabuuq,Mayu|Mabuu|Mabu’,9.5222,138.1167,"Micronesia, Federated States of",FM,FSM,Yap,Yap,FM-YAP,state,,292.7,,,3,Pacific/Chuuk,FALSE,1583818139
Meseran,Meseran,Meseiren|Mesieiren,7.3847,151.8817,"Micronesia, Federated States of",FM,FSM,Chuuk,Chuuk,FM-TRK,state,,361.7,,,3,Pacific/Chuuk,FALSE,1583325009
Chukienu,Chukienu,,7.3486,151.6183,"Micronesia, Federated States of",FM,FSM,Chuuk,Chuuk,FM-TRK,state,,247.1,,,3,Pacific/Chuuk,FALSE,1583501564
Relong,Relong,Reeron|Reron,7.3619,149.1969,"Micronesia, Federated States of",FM,FSM,Chuuk,Chuuk,FM-TRK,state,,107.0,,,4,Pacific/Chuuk,FALSE,1583392431
Ngoof,Ngoof,Ngof,9.4753,138.0769,"Micronesia, Federated States of",FM,FSM,Yap,Yap,FM-YAP,state,,43.4,,,4,Pacific/Chuuk,FALSE,1583499175
Faro,Faro,,7.3167,151.6167,"Micronesia, Federated States of",FM,FSM,Chuuk,Chuuk,FM-TRK,state,,153.3,,,4,Pacific/Chuuk,FALSE,1583376222
Magachgil,Magachgil,Magachagiiru|Madadjagil|Magachaguill,9.4425,138.0711,"Micronesia, Federated States of",FM,FSM,Yap,Yap,FM-YAP,state,,127.4,,,4,Pacific/Chuuk,FALSE,1583629734
Rueechayaam,Rueechayaam,Ruechayam,9.5867,138.1333,"Micronesia, Federated States of",FM,FSM,Yap,Yap,FM-YAP,state,,27.9,,,4,Pacific/Chuuk,FALSE,1583963181
Elielwi,Elielwi,Elielliwi|Pihs,6.8833,158.3000,"Micronesia, Federated States of",FM,FSM,Pohnpei,Pohnpei,FM-PNI,state,,45.0,,,4,Pacific/Pohnpei,FALSE,1583595961
Malsu,Malsu,,5.3672,162.9961,"Micronesia, Federated States of",FM,FSM,Kosrae,Kosrae,FM-KSA,state,,212.8,,,3,Pacific/Kosrae,FALSE,1583584182
Dachangar,Dachangar,Detianar|Dachngar,9.5144,138.1122,"Micronesia, Federated States of",FM,FSM,Yap,Yap,FM-YAP,state,,516.3,,,3,Pacific/Chuuk,FALSE,1583188894
Penia,Penia,Pelia,7.3892,151.7053,"Micronesia, Federated States of",FM,FSM,Chuuk,Chuuk,FM-TRK,state,,286.5,,,3,Pacific/Chuuk,FALSE,1583927644
Ewes,Ewes,Ewashi,7.3469,151.8531,"Micronesia, Federated States of",FM,FSM,Chuuk,Chuuk,FM-TRK,state,,250.8,,,3,Pacific/Chuuk,FALSE,1583420939
Micheew,Micheew,Mocheu|Micheu|Michew,9.5803,138.1642,"Micronesia, Federated States of",FM,FSM,Yap,Yap,FM-YAP,state,,45.9,,,4,Pacific/Chuuk,FALSE,1583418892
Etiemar,Etiemar,Etiermar,7.3736,151.5886,"Micronesia, Federated States of",FM,FSM,Chuuk,Chuuk,FM-TRK,state,,43.4,,,4,Pacific/Chuuk,FALSE,1583671657
Saponong,Saponong,Sapotiu,7.3667,151.8833,"Micronesia, Federated States of",FM,FSM,Chuuk,Chuuk,FM-TRK,state,,255.2,,,3,Pacific/Chuuk,FALSE,1583972084
Tonokas,Tonokas,Ras,7.3689,151.6039,"Micronesia, Federated States of",FM,FSM,Chuuk,Chuuk,FM-TRK,state,,41.6,,,4,Pacific/Chuuk,FALSE,1583476760
N’eef,N'eef,Nifu|Nif,9.4733,138.0708,"Micronesia, Federated States of",FM,FSM,Yap,Yap,FM-YAP,state,,53.6,,,4,Pacific/Chuuk,FALSE,1583428736
Gael’,Gael',,9.4500,138.0500,"Micronesia, Federated States of",FM,FSM,Yap,Yap,FM-YAP,state,,125.4,,,4,Pacific/Chuuk,FALSE,1583351637
Opun,Opun,Supur,7.3525,151.7817,"Micronesia, Federated States of",FM,FSM,Chuuk,Chuuk,FM-TRK,state,,135.7,,,4,Pacific/Chuuk,FALSE,1583683503
Rimiit,Rimiit,Rimit,9.5828,138.1703,"Micronesia, Federated States of",FM,FSM,Yap,Yap,FM-YAP,state,,44.1,,,4,Pacific/Chuuk,FALSE,1583898936
Malaf,Malaf,,9.5944,138.1622,"Micronesia, Federated States of",FM,FSM,Yap,Yap,FM-YAP,state,,48.5,,,4,Pacific/Chuuk,FALSE,1583572093
Nemwan,Nemwan,,7.3833,151.8833,"Micronesia, Federated States of",FM,FSM,Chuuk,Chuuk,FM-TRK,state,,259.9,,,3,Pacific/Chuuk,FALSE,1583163412
Pohnmangahng,Pohnmangahng,Panpinshappu,6.9667,158.2333,"Micronesia, Federated States of",FM,FSM,Pohnpei,Pohnpei,FM-PNI,state,,308.6,,,3,Pacific/Pohnpei,FALSE,1583155882
Foup,Foup,,7.3689,151.6203,"Micronesia, Federated States of",FM,FSM,Chuuk,Chuuk,FM-TRK,state,,177.7,,,4,Pacific/Chuuk,FALSE,1583773243
Peniemuan,Peniemuan,Faut,7.3617,151.7914,"Micronesia, Federated States of",FM,FSM,Chuuk,Chuuk,FM-TRK,state,,135.7,,,4,Pacific/Chuuk,FALSE,1583034030
Tonoas,Tonoas,"Natsu|Dublon Town",7.3727,151.8717,"Micronesia, Federated States of",FM,FSM,Chuuk,Chuuk,FM-TRK,state,,383.9,,,3,Pacific/Chuuk,FALSE,1583151716
Poükechau,Poukechau,Poukachau,7.3736,151.5833,"Micronesia, Federated States of",FM,FSM,Chuuk,Chuuk,FM-TRK,state,,160.0,,,4,Pacific/Chuuk,FALSE,1583613540
Fankachau,Fankachau,,7.3814,151.8800,"Micronesia, Federated States of",FM,FSM,Chuuk,Chuuk,FM-TRK,state,,259.9,,,3,Pacific/Chuuk,FALSE,1583940076
Feeduqör,Feeduqor,,9.5000,138.0667,"Micronesia, Federated States of",FM,FSM,Yap,Yap,FM-YAP,state,,25.3,,,4,Pacific/Chuuk,FALSE,1583410467
Kukuwu,Kukuwu,Kukue|Kukku,7.3269,151.8356,"Micronesia, Federated States of",FM,FSM,Chuuk,Chuuk,FM-TRK,state,,172.3,,,4,Pacific/Chuuk,FALSE,1583787872
Peniesene,Peniesene,Peliesele|Peliysale|Peliesole,7.4500,151.8667,"Micronesia, Federated States of",FM,FSM,Chuuk,Chuuk,FM-TRK,state,,438.5,,,3,Pacific/Chuuk,FALSE,1583032139
Alauso,Alauso,Shiyainowaru|Alaujo|Alaudscho,6.8292,158.1528,"Micronesia, Federated States of",FM,FSM,Pohnpei,Pohnpei,FM-PNI,state,,121.5,,,4,Pacific/Pohnpei,FALSE,1583378853
Manukun,Manukun,Malekun,7.3075,151.8711,"Micronesia, Federated States of",FM,FSM,Chuuk,Chuuk,FM-TRK,state,,275.2,,,3,Pacific/Chuuk,FALSE,1583766776
Ununo,Ununo,"Wununno|Unun en Unum",7.3642,151.8153,"Micronesia, Federated States of",FM,FSM,Chuuk,Chuuk,FM-TRK,state,,109.4,,,4,Pacific/Chuuk,FALSE,1583164857
Yinuuf,Yinuuf,Yunuf|Inufu|Inuf,9.4908,138.1022,"Micronesia, Federated States of",FM,FSM,Yap,Yap,FM-YAP,state,,49.5,,,4,Pacific/Chuuk,FALSE,1583911621
Finfoko,Finfoko,,5.3672,162.9917,"Micronesia, Federated States of",FM,FSM,Kosrae,Kosrae,FM-KSA,state,,212.8,,,3,Pacific/Kosrae,FALSE,1583223372
Messa,Messa,Mesa,7.3536,151.8492,"Micronesia, Federated States of",FM,FSM,Chuuk,Chuuk,FM-TRK,state,,250.2,,,3,Pacific/Chuuk,FALSE,1583599543
Numdul,Numdul,,9.5878,138.1758,"Micronesia, Federated States of",FM,FSM,Yap,Yap,FM-YAP,state,,45.7,,,4,Pacific/Chuuk,FALSE,1583377552
Wanyaan,Wanyaan,"Wan Utwa|Uonean|Uanajan",9.5472,138.1969,"Micronesia, Federated States of",FM,FSM,Yap,Yap,FM-YAP,state,,130.2,,,4,Pacific/Chuuk,FALSE,1583994022
"Taf Te","Taf Te",,5.2717,162.9772,"Micronesia, Federated States of",FM,FSM,Kosrae,Kosrae,FM-KSA,state,,768.8,,,3,Pacific/Kosrae,FALSE,1583101987
Leang,Leang,,9.5339,138.1919,"Micronesia, Federated States of",FM,FSM,Yap,Yap,FM-YAP,state,,83.0,,,4,Pacific/Chuuk,FALSE,1583100675
Tapak,Tapak,Tamak,6.9667,158.3000,"Micronesia, Federated States of",FM,FSM,Pohnpei,Pohnpei,FM-PNI,state,,42.1,,,4,Pacific/Pohnpei,FALSE,1583751207
Gilfith,Gilfith,Gillifitz,9.5667,138.1167,"Micronesia, Federated States of",FM,FSM,Yap,Yap,FM-YAP,state,,27.9,,,4,Pacific/Chuuk,FALSE,1583828797
Fein,Fein,"Oror en Fein|Feyin",7.3475,151.8342,"Micronesia, Federated States of",FM,FSM,Chuuk,Chuuk,FM-TRK,state,,309.0,,,3,Pacific/Chuuk,FALSE,1583066004
Wuluuq,Wuluuq,Wuluu|Ulu|Wulu’,9.5733,138.1358,"Micronesia, Federated States of",FM,FSM,Yap,Yap,FM-YAP,state,,74.9,,,4,Pacific/Chuuk,FALSE,1583581675
Sapou,Sapou,Sopou|Sobou,7.3861,151.8892,"Micronesia, Federated States of",FM,FSM,Chuuk,Chuuk,FM-TRK,state,,405.6,,,3,Pacific/Chuuk,FALSE,1583876187
Sapou,Sapou,,7.2833,151.8667,"Micronesia, Federated States of",FM,FSM,Chuuk,Chuuk,FM-TRK,state,,248.3,,,3,Pacific/Chuuk,TRUE,1583215648
Sapou,Sapou,,7.3322,151.5675,"Micronesia, Federated States of",FM,FSM,Chuuk,Chuuk,FM-TRK,state,,68.5,,,4,Pacific/Chuuk,TRUE,1583175885
Nepon,Nepon,Leabon,7.2833,151.8833,"Micronesia, Federated States of",FM,FSM,Chuuk,Chuuk,FM-TRK,state,,452.1,,,3,Pacific/Chuuk,FALSE,1583623625
Ennin,Ennin,,7.3667,151.9000,"Micronesia, Federated States of",FM,FSM,Chuuk,Chuuk,FM-TRK,state,,383.9,,,3,Pacific/Chuuk,FALSE,1583079944
Insiaf,Insiaf,Inshiappu|Mwot|Mwoht,5.3125,162.9169,"Micronesia, Federated States of",FM,FSM,Kosrae,Kosrae,FM-KSA,state,,6.8,,,4,Pacific/Kosrae,FALSE,1583709388
Rohnkiti,Rohnkiti,"Mauvais Accueil|Ronkite|Ronkiti|Ronkichi|Dschakarenkap",6.8169,158.1667,"Micronesia, Federated States of",FM,FSM,Pohnpei,Pohnpei,FM-PNI,state,,39.1,,,4,Pacific/Pohnpei,FALSE,1583099595
Ruun’uw,Ruun'uw,Runu’w|Rudnu|Runu,9.5844,138.1342,"Micronesia, Federated States of",FM,FSM,Yap,Yap,FM-YAP,state,,27.9,,,4,Pacific/Chuuk,FALSE,1583281632
Sapata,Sapata,Sapota,7.3444,151.8431,"Micronesia, Federated States of",FM,FSM,Chuuk,Chuuk,FM-TRK,state,,218.7,,,3,Pacific/Chuuk,FALSE,1583829291
Danipei,Danipei,Tanepei,6.9756,158.1925,"Micronesia, Federated States of",FM,FSM,Pohnpei,Pohnpei,FM-PNI,state,,800.5,,,3,Pacific/Pohnpei,FALSE,1583861373
Daabach,Daabach,Dabach|Davotj|Deboch,9.5383,138.1497,"Micronesia, Federated States of",FM,FSM,Yap,Yap,FM-YAP,state,,31.8,,,4,Pacific/Chuuk,FALSE,1583360395
"Enipeihn Pah","Enipeihn Pah","Anipen|Anipein Pah|Enipein Pah",6.8108,158.2106,"Micronesia, Federated States of",FM,FSM,Pohnpei,Pohnpei,FM-PNI,state,,47.1,,,4,Pacific/Pohnpei,FALSE,1583270254
Tawoowaay,Tawoowaay,Touway|Tououay|Toovai|Towoway|Towai,9.4461,138.0639,"Micronesia, Federated States of",FM,FSM,Yap,Yap,FM-YAP,state,,125.5,,,4,Pacific/Chuuk,FALSE,1583085016
Poatoapoat,Poatoapoat,Paatoapoat|Poatopoat,6.8275,158.1528,"Micronesia, Federated States of",FM,FSM,Pohnpei,Pohnpei,FM-PNI,state,,121.5,,,4,Pacific/Pohnpei,FALSE,1583470369
Maqweach,Maqweach,Maawech,9.5258,138.1303,"Micronesia, Federated States of",FM,FSM,Yap,Yap,FM-YAP,state,,100.0,,,4,Pacific/Chuuk,FALSE,1583281008
Epin,Epin,,7.3714,151.5689,"Micronesia, Federated States of",FM,FSM,Chuuk,Chuuk,FM-TRK,state,,228.2,,,3,Pacific/Chuuk,FALSE,1583832036
Wachngal,Wachngal,,9.5950,138.1853,"Micronesia, Federated States of",FM,FSM,Yap,Yap,FM-YAP,state,,45.7,,,4,Pacific/Chuuk,FALSE,1583932003
Meay,Meay,Umun|Mujun|Umungu|Umung,9.5567,138.1919,"Micronesia, Federated States of",FM,FSM,Yap,Yap,FM-YAP,state,,130.2,,,4,Pacific/Chuuk,FALSE,1583096201
Muanon,Muanon,Moron|Moalol|Monon,7.3736,151.8703,"Micronesia, Federated States of",FM,FSM,Chuuk,Chuuk,FM-TRK,state,,236.5,,,3,Pacific/Chuuk,FALSE,1583971829
Nesarau,Nesarau,,7.3000,151.8833,"Micronesia, Federated States of",FM,FSM,Chuuk,Chuuk,FM-TRK,state,,486.7,,,3,Pacific/Chuuk,FALSE,1583604654
Sounting,Sounting,"Jountin|Dschountin Handel Station|Soh Nting",6.9706,158.2192,"Micronesia, Federated States of",FM,FSM,Pohnpei,Pohnpei,FM-PNI,state,,299.7,,,3,Pacific/Pohnpei,FALSE,1583517765
Sapota,Sapota,Sabota|Sobota,7.3000,151.8833,"Micronesia, Federated States of",FM,FSM,Chuuk,Chuuk,FM-TRK,state,,486.7,,,3,Pacific/Chuuk,FALSE,1583984851
Sapota,Sapota,Sabota,7.3811,151.5831,"Micronesia, Federated States of",FM,FSM,Chuuk,Chuuk,FM-TRK,state,,171.6,,,4,Pacific/Chuuk,TRUE,1583574518
Gaqnaqun,Gaqnaqun,Kanoon|Kanaun|Canaun|Gaanaun,9.6331,138.1633,"Micronesia, Federated States of",FM,FSM,Yap,Yap,FM-YAP,state,,6.5,,,4,Pacific/Chuuk,FALSE,1583329480
Thabeeth,Thabeeth,Saveth|Thabeth|Zabez,9.4533,138.0653,"Micronesia, Federated States of",FM,FSM,Yap,Yap,FM-YAP,state,,128.1,,,4,Pacific/Chuuk,FALSE,1583217928
"Putuk Te","Putuk Te",Tutukte,5.3475,163.0211,"Micronesia, Federated States of",FM,FSM,Kosrae,Kosrae,FM-KSA,state,,97.0,,,4,Pacific/Kosrae,FALSE,1583493209
Nankomw,Nankomw,Nanukum,6.9667,158.2167,"Micronesia, Federated States of",FM,FSM,Pohnpei,Pohnpei,FM-PNI,state,,299.7,,,3,Pacific/Pohnpei,FALSE,1583244641
Dulkaan,Dulkaan,Dulkan,9.4625,138.0756,"Micronesia, Federated States of",FM,FSM,Yap,Yap,FM-YAP,state,,43.4,,,4,Pacific/Chuuk,FALSE,1583352186
Meqruur,Meqruur,Maeruru|Maerur|Tav|Merur,9.5203,138.1492,"Micronesia, Federated States of",FM,FSM,Yap,Yap,FM-YAP,state,,209.9,,,3,Pacific/Chuuk,FALSE,1583612294
Maaq,Maaq,Ma|Datjmur|Maa,9.5250,138.1686,"Micronesia, Federated States of",FM,FSM,Yap,Yap,FM-YAP,state,,76.7,,,4,Pacific/Chuuk,FALSE,1583340989
Fanömö,Fanomo,Fanama|Faloma,7.3825,151.7156,"Micronesia, Federated States of",FM,FSM,Chuuk,Chuuk,FM-TRK,state,,353.7,,,3,Pacific/Chuuk,FALSE,1583537999
Mwanitiw,Mwanitiw,Manitiu|Maletiu,7.3786,151.7019,"Micronesia, Federated States of",FM,FSM,Chuuk,Chuuk,FM-TRK,state,,453.5,,,3,Pacific/Chuuk,FALSE,1583836331
Sopuo,Sopuo,,7.3125,151.8372,"Micronesia, Federated States of",FM,FSM,Chuuk,Chuuk,FM-TRK,state,,166.8,,,4,Pacific/Chuuk,FALSE,1583746692
Lukunlulem,Lukunlulem,,5.2906,162.9125,"Micronesia, Federated States of",FM,FSM,Kosrae,Kosrae,FM-KSA,state,,6.5,,,5,Pacific/Kosrae,FALSE,1583261325
Dariikaan,Dariikaan,Darikan|Derikan,9.4914,138.7000,"Micronesia, Federated States of",FM,FSM,Yap,Yap,FM-YAP,state,,0,,,5,Pacific/Chuuk,FALSE,1583042090
Rumuug,Rumuug,Rumuuq|Rumo|Rumu,9.6263,138.1519,"Micronesia, Federated States of",FM,FSM,Yap,Yap,FM-YAP,state,,42.5,,,3,Pacific/Chuuk,FALSE,1583334772
Pwene,Pwene,Boenne|Pone,7.3653,151.8625,"Micronesia, Federated States of",FM,FSM,Chuuk,Chuuk,FM-TRK,state,,294.2,,,3,Pacific/Chuuk,FALSE,1583792951
Talangith,Talangith,Talngith|Talangiz,9.5886,138.1619,"Micronesia, Federated States of",FM,FSM,Yap,Yap,FM-YAP,state,,56.6,,,4,Pacific/Chuuk,FALSE,1583782109
Moongael,Moongael,Mongal,9.6119,138.1672,"Micronesia, Federated States of",FM,FSM,Yap,Yap,FM-YAP,state,,87.9,,,4,Pacific/Chuuk,FALSE,1583861963
Lele,Lele,"Lele Village|Leilei|Lolo|Dorf Lele|Dorf Lolo|Dorf Lela|Lelo",5.3322,163.0228,"Micronesia, Federated States of",FM,FSM,Kosrae,Kosrae,FM-KSA,state,,626.0,,,3,Pacific/Kosrae,FALSE,1583214197
Peniata,Peniata,,7.3922,151.5950,"Micronesia, Federated States of",FM,FSM,Chuuk,Chuuk,FM-TRK,state,,142.3,,,4,Pacific/Chuuk,FALSE,1583728248
Finpukal,Finpukal,,5.3417,163.0186,"Micronesia, Federated States of",FM,FSM,Kosrae,Kosrae,FM-KSA,state,,97.0,,,4,Pacific/Kosrae,FALSE,1583595524
Tomwara,Tomwara,Tomora|Tomu,6.8964,158.1322,"Micronesia, Federated States of",FM,FSM,Pohnpei,Pohnpei,FM-PNI,state,,86.9,,,4,Pacific/Pohnpei,FALSE,1583832275
"Lohd Pah","Lohd Pah",Rottopaa,6.7939,158.2875,"Micronesia, Federated States of",FM,FSM,Pohnpei,Pohnpei,FM-PNI,state,,34.4,,,4,Pacific/Pohnpei,FALSE,1583013278
Neirenom,Neirenom,,7.3239,151.5875,"Micronesia, Federated States of",FM,FSM,Chuuk,Chuuk,FM-TRK,state,,112.6,,,4,Pacific/Chuuk,FALSE,1583487940
Meilap,Meilap,Meilop|Tean,6.8889,158.1500,"Micronesia, Federated States of",FM,FSM,Pohnpei,Pohnpei,FM-PNI,state,,102.9,,,4,Pacific/Pohnpei,FALSE,1583388349
Riikeen,Riikeen,Rikuan|Rikwan|Riquen|Riken|Rikan,9.5603,138.1969,"Micronesia, Federated States of",FM,FSM,Yap,Yap,FM-YAP,state,,122.8,,,4,Pacific/Chuuk,FALSE,1583817593
Paata,Paata,Pata|Pada,7.3861,151.8733,"Micronesia, Federated States of",FM,FSM,Chuuk,Chuuk,FM-TRK,state,,266.9,,,3,Pacific/Chuuk,FALSE,1583201150
Meechoqol,Meechoqol,Meechögöl|Mechol,9.6175,138.1572,"Micronesia, Federated States of",FM,FSM,Yap,Yap,FM-YAP,state,,6.5,,,5,Pacific/Chuuk,FALSE,1583197117
Tagaam,Tagaam,Tagamu|Tagam,9.6269,138.1567,"Micronesia, Federated States of",FM,FSM,Yap,Yap,FM-YAP,state,,6.5,,,5,Pacific/Chuuk,FALSE,1583378161
Wonpiepi,Wonpiepi,Wonpiedi,7.3839,151.8792,"Micronesia, Federated States of",FM,FSM,Chuuk,Chuuk,FM-TRK,state,,361.7,,,3,Pacific/Chuuk,FALSE,1583459916
Gachalaaw,Gachalaaw,Gachalaw|Gachalan|Gatjalau,9.4581,138.0697,"Micronesia, Federated States of",FM,FSM,Yap,Yap,FM-YAP,state,,132.3,,,4,Pacific/Chuuk,FALSE,1583813029
"Nan Angesek","Nan Angesek",Rioyo,6.9319,158.1347,"Micronesia, Federated States of",FM,FSM,Pohnpei,Pohnpei,FM-PNI,state,,73.1,,,4,Pacific/Pohnpei,FALSE,1583462170
Wugeem,Wugeem,Wgem|Ugem|Wugem,9.4508,138.0692,"Micronesia, Federated States of",FM,FSM,Yap,Yap,FM-YAP,state,,132.3,,,4,Pacific/Chuuk,FALSE,1583688603
Neton,Neton,,7.3422,151.5844,"Micronesia, Federated States of",FM,FSM,Chuuk,Chuuk,FM-TRK,state,,95.3,,,4,Pacific/Chuuk,FALSE,1583086466
"Utwa Ma","Utwa Ma",Utwa,5.2749,162.9764,"Micronesia, Federated States of",FM,FSM,Kosrae,Kosrae,FM-KSA,state,,5.8,,,3,Pacific/Kosrae,FALSE,1583155211
Tepat,Tepat,,5.3539,162.9428,"Micronesia, Federated States of",FM,FSM,Kosrae,Kosrae,FM-KSA,state,,19.2,,,4,Pacific/Kosrae,FALSE,1583644080
Malem,Malem,Malam|Matam|Mealem|Maremu|Matem|Makam,5.2890,163.0240,"Micronesia, Federated States of",FM,FSM,Kosrae,Kosrae,FM-KSA,state,,163.1,,,4,Pacific/Kosrae,FALSE,1583458694
Waraqyal,Waraqyal,,9.6000,138.1667,"Micronesia, Federated States of",FM,FSM,Yap,Yap,FM-YAP,state,,79.9,,,4,Pacific/Chuuk,FALSE,1583466475
Madargil,Madargil,Madarigil|Madragil,9.4700,138.0761,"Micronesia, Federated States of",FM,FSM,Yap,Yap,FM-YAP,state,,43.4,,,4,Pacific/Chuuk,FALSE,1583754828
Nanpil,Nanpil,Nanipiru|Nanipil|Nanepil|Nanpilo,6.9139,158.2111,"Micronesia, Federated States of",FM,FSM,Pohnpei,Pohnpei,FM-PNI,state,,16.5,,,4,Pacific/Pohnpei,FALSE,1583860451
Baqanimaqut,Baqanimaqut,Baanimut|Baanmaut|Baanimaut|Baanimuut,9.5044,138.1142,"Micronesia, Federated States of",FM,FSM,Yap,Yap,FM-YAP,state,,287.5,,,3,Pacific/Chuuk,FALSE,1583111440
Ninlus,Ninlus,Madschidscho|Majishou|Mesihou|Mesihsou|Majijo,6.9344,158.1856,"Micronesia, Federated States of",FM,FSM,Pohnpei,Pohnpei,FM-PNI,state,,237.8,,,3,Pacific/Pohnpei,FALSE,1583287856
Muyuub,Muyuub,Muyub,9.5553,138.1894,"Micronesia, Federated States of",FM,FSM,Yap,Yap,FM-YAP,state,,107.2,,,4,Pacific/Chuuk,FALSE,1583116129
Nluul,Nluul,,9.6000,138.1667,"Micronesia, Federated States of",FM,FSM,Yap,Yap,FM-YAP,state,,79.9,,,4,Pacific/Chuuk,FALSE,1583979931
"Lohd Powe","Lohd Powe",,6.8033,158.2892,"Micronesia, Federated States of",FM,FSM,Pohnpei,Pohnpei,FM-PNI,state,,39.7,,,4,Pacific/Pohnpei,FALSE,1583541242
Rohi,Rohi,,6.8106,158.2542,"Micronesia, Federated States of",FM,FSM,Pohnpei,Pohnpei,FM-PNI,state,,72.8,,,4,Pacific/Pohnpei,FALSE,1583449361
Mwan,Mwan,Moen|Mwaan,7.3333,151.8333,"Micronesia, Federated States of",FM,FSM,Chuuk,Chuuk,FM-TRK,state,,239.3,,,3,Pacific/Chuuk,FALSE,1583272360
Chun,Chun,Ccun|Djun,7.3736,151.8611,"Micronesia, Federated States of",FM,FSM,Chuuk,Chuuk,FM-TRK,state,,262.2,,,3,Pacific/Chuuk,FALSE,1583576659
Gachpar,Gachpar,Gatchiyapuru|Gadjebar|Gochepa|Gatschapa|Gatschapar|Gachapar|Gatjapar|Gatchaparu|Gachepar,9.5397,138.1919,"Micronesia, Federated States of",FM,FSM,Yap,Yap,FM-YAP,state,,130.2,,,4,Pacific/Chuuk,FALSE,1583319399
Sialat,Sialat,,5.3675,163.0094,"Micronesia, Federated States of",FM,FSM,Kosrae,Kosrae,FM-KSA,state,,234.5,,,3,Pacific/Kosrae,FALSE,1583354867
Enipoas,Enipoas,Anipas|Anipasu|Anipoas|Anipaj|Anipadsch,6.8258,158.3019,"Micronesia, Federated States of",FM,FSM,Pohnpei,Pohnpei,FM-PNI,state,,78.7,,,4,Pacific/Pohnpei,FALSE,1583707462
Qadibweq,Qadibweq,Adibuee|Adevue|Adibue|Adibuwe’|Adubuwe’|Adibuwee,9.5444,138.1050,"Micronesia, Federated States of",FM,FSM,Yap,Yap,FM-YAP,state,,26.1,,,4,Pacific/Chuuk,FALSE,1583495231
Gargey,Gargey,Garigej|Garguet|Garguei|Garegei|Gaeregei|Garuguuei,9.5556,138.1350,"Micronesia, Federated States of",FM,FSM,Yap,Yap,FM-YAP,state,,113.5,,,4,Pacific/Chuuk,FALSE,1583384739
Doqomchuuy,Doqomchuuy,,9.5167,138.1500,"Micronesia, Federated States of",FM,FSM,Yap,Yap,FM-YAP,state,,171.2,,,4,Pacific/Chuuk,FALSE,1583908809
"Pwel Weita","Pwel Weita",Palang|Pehleng,6.8681,158.1594,"Micronesia, Federated States of",FM,FSM,Pohnpei,Pohnpei,FM-PNI,state,,136.7,,,4,Pacific/Pohnpei,FALSE,1583411840
Luweech,Luweech,Lueis|Luech,9.4861,138.0892,"Micronesia, Federated States of",FM,FSM,Yap,Yap,FM-YAP,state,,47.1,,,4,Pacific/Chuuk,FALSE,1583242027
Saladak,Saladak,Jelatak,6.9517,158.1522,"Micronesia, Federated States of",FM,FSM,Pohnpei,Pohnpei,FM-PNI,state,,7.8,,,5,Pacific/Pohnpei,FALSE,1583780430
Qamin,Qamin,Umin|Amin|Omin|Amun,9.6003,138.1653,"Micronesia, Federated States of",FM,FSM,Yap,Yap,FM-YAP,state,,68.4,,,4,Pacific/Chuuk,FALSE,1583387536
Yekula,Yekula,,5.3664,163.0039,"Micronesia, Federated States of",FM,FSM,Kosrae,Kosrae,FM-KSA,state,,235.9,,,3,Pacific/Kosrae,FALSE,1583475762
Winifei,Winifei,Wichukuna|Unifei,7.3333,151.6500,"Micronesia, Federated States of",FM,FSM,Chuuk,Chuuk,FM-TRK,state,,286.8,,,3,Pacific/Chuuk,FALSE,1583637882
Riy,Riy,Rij|Ri,9.6286,138.1656,"Micronesia, Federated States of",FM,FSM,Yap,Yap,FM-YAP,state,,6.5,,,5,Pacific/Chuuk,FALSE,1583802107
Fongen,Fongen,Fogen|Fangel,7.3547,151.8189,"Micronesia, Federated States of",FM,FSM,Chuuk,Chuuk,FM-TRK,state,,207.4,,,3,Pacific/Chuuk,FALSE,1583783967
Alohkapw,Alohkapw,Alokap|Arokappu,6.9161,158.2883,"Micronesia, Federated States of",FM,FSM,Pohnpei,Pohnpei,FM-PNI,state,,94.0,,,4,Pacific/Pohnpei,FALSE,1583248800
Rewo,Rewo,Reo,7.3533,149.1933,"Micronesia, Federated States of",FM,FSM,Chuuk,Chuuk,FM-TRK,state,,327.7,,,3,Pacific/Chuuk,FALSE,1583657917
Kuchu,Kuchu,Gudju,7.3000,151.8833,"Micronesia, Federated States of",FM,FSM,Chuuk,Chuuk,FM-TRK,state,,486.7,,,3,Pacific/Chuuk,FALSE,1583955733
Peniamwan,Peniamwan,,7.3833,151.7667,"Micronesia, Federated States of",FM,FSM,Chuuk,Chuuk,FM-TRK,state,,135.7,,,4,Pacific/Chuuk,FALSE,1583764875
Maaloon,Maaloon,Malon,9.5903,138.1672,"Micronesia, Federated States of",FM,FSM,Yap,Yap,FM-YAP,state,,45.8,,,4,Pacific/Chuuk,FALSE,1583815242
Toynim,Toynim,,5.3147,163.0036,"Micronesia, Federated States of",FM,FSM,Kosrae,Kosrae,FM-KSA,state,,23.3,,,4,Pacific/Kosrae,FALSE,1583354225
Nukanap,Nukanap,,7.3731,151.8961,"Micronesia, Federated States of",FM,FSM,Chuuk,Chuuk,FM-TRK,state,,487.1,,,3,Pacific/Chuuk,FALSE,1583962935
Lamear,Lamear,Rameru|Lamar|Lamer,9.4814,138.0836,"Micronesia, Federated States of",FM,FSM,Yap,Yap,FM-YAP,state,,43.6,,,4,Pacific/Chuuk,FALSE,1583785907
Nechap,Nechap,Neecap|Nachap,7.3775,151.8608,"Micronesia, Federated States of",FM,FSM,Chuuk,Chuuk,FM-TRK,state,,293.6,,,3,Pacific/Chuuk,FALSE,1583056972
Winisi,Winisi,Vinibau,7.4075,151.6614,"Micronesia, Federated States of",FM,FSM,Chuuk,Chuuk,FM-TRK,state,,572.9,,,3,Pacific/Chuuk,FALSE,1583011207
Ngolog,Ngolog,Nolak,9.5114,138.1203,"Micronesia, Federated States of",FM,FSM,Yap,Yap,FM-YAP,state,,746.2,,,3,Pacific/Chuuk,FALSE,1583961782
Akahk,Akahk,Akaku,6.8194,158.3011,"Micronesia, Federated States of",FM,FSM,Pohnpei,Pohnpei,FM-PNI,state,,68.7,,,4,Pacific/Pohnpei,FALSE,1583337740
Pwoaipwoai,Pwoaipwoai,Pwoipwoi|Poaipoai|Dschalapuk,6.8561,158.2083,"Micronesia, Federated States of",FM,FSM,Pohnpei,Pohnpei,FM-PNI,state,,17.0,,,4,Pacific/Pohnpei,FALSE,1583911180
Sanuk,Sanuk,,7.3000,151.8833,"Micronesia, Federated States of",FM,FSM,Chuuk,Chuuk,FM-TRK,state,,486.7,,,3,Pacific/Chuuk,FALSE,1583417047
Nukaf,Nukaf,Logaf,7.3769,151.5739,"Micronesia, Federated States of",FM,FSM,Chuuk,Chuuk,FM-TRK,state,,300.9,,,3,Pacific/Chuuk,FALSE,1583669865
Maakiy,Maakiy,Muruu|Maki|Makiy|Murru,9.5569,138.1725,"Micronesia, Federated States of",FM,FSM,Yap,Yap,FM-YAP,state,,56.3,,,4,Pacific/Chuuk,FALSE,1583860455
Tafgiif,Tafgiif,Tafgif,9.5425,138.1217,"Micronesia, Federated States of",FM,FSM,Yap,Yap,FM-YAP,state,,42.5,,,4,Pacific/Chuuk,FALSE,1583279163
Faupö,Faupo,,7.3500,151.6333,"Micronesia, Federated States of",FM,FSM,Chuuk,Chuuk,FM-TRK,state,,216.8,,,3,Pacific/Chuuk,FALSE,1583775329
"Inya Walunga","Inya Walunga",,9.6000,138.1667,"Micronesia, Federated States of",FM,FSM,Yap,Yap,FM-YAP,state,,79.9,,,4,Pacific/Chuuk,FALSE,1583368256
Makal,Makal,Mkal,9.5347,138.1294,"Micronesia, Federated States of",FM,FSM,Yap,Yap,FM-YAP,state,,51.4,,,4,Pacific/Chuuk,FALSE,1583926768
Sannuk,Sannuk,,7.3333,151.8333,"Micronesia, Federated States of",FM,FSM,Chuuk,Chuuk,FM-TRK,state,,239.3,,,3,Pacific/Chuuk,FALSE,1583033846
T’eanfaar,T'eanfaar,Teenfar|Tenfar|Teenifar|T’enifar,9.5364,138.1864,"Micronesia, Federated States of",FM,FSM,Yap,Yap,FM-YAP,state,,83.0,,,4,Pacific/Chuuk,FALSE,1583374579
Ohwa,Ohwa,Oa,6.9167,158.3147,"Micronesia, Federated States of",FM,FSM,Pohnpei,Pohnpei,FM-PNI,state,,104.2,,,4,Pacific/Pohnpei,FALSE,1583033990
Srupunyot,Srupunyot,,5.3575,162.9808,"Micronesia, Federated States of",FM,FSM,Kosrae,Kosrae,FM-KSA,state,,19.8,,,4,Pacific/Kosrae,FALSE,1583784891
Bulwol,Bulwol,,9.6300,138.1528,"Micronesia, Federated States of",FM,FSM,Yap,Yap,FM-YAP,state,,6.5,,,5,Pacific/Chuuk,FALSE,1583369019
Penior,Penior,Pelior|Perior,7.3756,151.8883,"Micronesia, Federated States of",FM,FSM,Chuuk,Chuuk,FM-TRK,state,,299.0,,,3,Pacific/Chuuk,FALSE,1583631334
Tageegiin,Tageegiin,Tagegin|Tagenen|Tagagin,9.5000,138.0875,"Micronesia, Federated States of",FM,FSM,Yap,Yap,FM-YAP,state,,42.1,,,4,Pacific/Chuuk,FALSE,1583584323
"Finkol Te","Finkol Te",,5.2769,162.9797,"Micronesia, Federated States of",FM,FSM,Kosrae,Kosrae,FM-KSA,state,,85.9,,,4,Pacific/Kosrae,FALSE,1583026434
Nukuno,Nukuno,Lukula|Lugan|Nukura|Nukan|Nukune|Neberai,7.3625,151.8700,"Micronesia, Federated States of",FM,FSM,Chuuk,Chuuk,FM-TRK,state,,249.4,,,3,Pacific/Chuuk,FALSE,1583075452
Onongoch,Onongoch,Alongot|Onongot,7.3500,151.8333,"Micronesia, Federated States of",FM,FSM,Chuuk,Chuuk,FM-TRK,state,,388.8,,,3,Pacific/Chuuk,FALSE,1583420736
Nukan,Nukan,,7.3072,151.8794,"Micronesia, Federated States of",FM,FSM,Chuuk,Chuuk,FM-TRK,state,,486.7,,,3,Pacific/Chuuk,FALSE,1583885137
Nukan,Nukan,,7.6767,151.7653,"Micronesia, Federated States of",FM,FSM,Chuuk,Chuuk,FM-TRK,state,,427.8,,,3,Pacific/Chuuk,TRUE,1583126331
Choqol,Choqol,Tjool|Chiyuru|Choru|Toal|Chol|Chool,9.5886,138.1844,"Micronesia, Federated States of",FM,FSM,Yap,Yap,FM-YAP,state,,45.7,,,4,Pacific/Chuuk,FALSE,1583779208
Peken,Peken,Beken,7.3000,151.8833,"Micronesia, Federated States of",FM,FSM,Chuuk,Chuuk,FM-TRK,state,,486.7,,,3,Pacific/Chuuk,FALSE,1583467588
"Nin Soksok","Nin Soksok",Nijow|Nidschow,6.9675,158.2200,"Micronesia, Federated States of",FM,FSM,Pohnpei,Pohnpei,FM-PNI,state,,299.7,,,3,Pacific/Pohnpei,FALSE,1583912956
Wichukuno,Wichukuno,Wichuk,7.3523,151.6085,"Micronesia, Federated States of",FM,FSM,Chuuk,Chuuk,FM-TRK,state,,192.9,,,4,Pacific/Chuuk,FALSE,1583752017
Unikappi,Unikappi,"Winakapi|Cap Oligabi|Unun en Unikopi|Unikapi",7.3333,151.5567,"Micronesia, Federated States of",FM,FSM,Chuuk,Chuuk,FM-TRK,state,,68.5,,,4,Pacific/Chuuk,FALSE,1583083777
Sroanef,Sroanef,,5.3467,163.0228,"Micronesia, Federated States of",FM,FSM,Kosrae,Kosrae,FM-KSA,state,,97.0,,,4,Pacific/Kosrae,FALSE,1583408882
Mwalok,Mwalok,Mwoalok|Uoten,6.9667,158.1936,"Micronesia, Federated States of",FM,FSM,Pohnpei,Pohnpei,FM-PNI,state,,548.1,,,3,Pacific/Pohnpei,FALSE,1583019671
Yela,Yela,Jola|Era|Hala|Berard|Berado,5.3294,162.9444,"Micronesia, Federated States of",FM,FSM,Kosrae,Kosrae,FM-KSA,state,,6.8,,,4,Pacific/Kosrae,FALSE,1583545819
Nipeimei,Nipeimei,Neipeima,6.9667,158.2167,"Micronesia, Federated States of",FM,FSM,Pohnpei,Pohnpei,FM-PNI,state,,299.7,,,3,Pacific/Pohnpei,FALSE,1583386588
Eriel,Eriel,,6.9667,158.2167,"Micronesia, Federated States of",FM,FSM,Pohnpei,Pohnpei,FM-PNI,state,,299.7,,,3,Pacific/Pohnpei,FALSE,1583013785
