city,city_ascii,city_alt,lat,lng,country,iso2,iso3,admin_name,admin_name_ascii,admin_code,admin_type,capital,density,population,population_proper,ranking,timezone,same_name,id
Achugao,Achugao,,15.2436,145.7658,"Northern Mariana Islands",MP,MNP,,,,,,344.2,,,3,Pacific/Guam,FALSE,1580428349
Afatung,Afatung,,14.1314,145.2137,"Northern Mariana Islands",MP,MNP,,,,,,24.5,,,4,Pacific/Guam,FALSE,1580480905
Afetnas,Afetnas,,15.1272,145.6982,"Northern Mariana Islands",MP,MNP,,,,,,344.2,,,3,Pacific/Guam,FALSE,1580678187
"Agatasi (Payapai)","Agatasi (Payapai)",,14.1272,145.2209,"Northern Mariana Islands",MP,MNP,,,,,,24.5,,,4,Pacific/Guam,FALSE,1580382803
Agingan,Agingan,,15.1163,145.7014,"Northern Mariana Islands",MP,MNP,,,,,,344.2,,,3,Pacific/Guam,FALSE,1580102367
Agrihan,Agrihan,,18.7710,145.6675,"Northern Mariana Islands",MP,MNP,,,,,,0,,,5,Pacific/Guam,FALSE,1580546601
Aguijan,Aguijan,,14.8524,145.5587,"Northern Mariana Islands",MP,MNP,,,,,,26.4,,,4,Pacific/Guam,FALSE,1580515879
Agusan,Agusan,,14.1904,145.2267,"Northern Mariana Islands",MP,MNP,,,,,,24.5,,,4,Pacific/Guam,FALSE,1580519339
Alaguan,Alaguan,,14.1448,145.2303,"Northern Mariana Islands",MP,MNP,,,,,,24.5,,,4,Pacific/Guam,FALSE,1580634339
Alamagan,Alamagan,,17.5997,145.8328,"Northern Mariana Islands",MP,MNP,,,,,,0,,,5,Pacific/Guam,FALSE,1580538066
"American Memorial Park","American Memorial Park",,15.2165,145.7224,"Northern Mariana Islands",MP,MNP,,,,,,344.2,,,3,Pacific/Guam,FALSE,1580725417
Anatahan,Anatahan,,16.3521,145.6773,"Northern Mariana Islands",MP,MNP,,,,,,0,,,5,Pacific/Guam,FALSE,1580261511
"Annex F","Annex F",,14.1398,145.1481,"Northern Mariana Islands",MP,MNP,,,,,,24.5,,,4,Pacific/Guam,FALSE,1580871594
Apanon,Apanon,,14.1139,145.1793,"Northern Mariana Islands",MP,MNP,,,,,,24.5,,,4,Pacific/Guam,FALSE,1580824437
"As Akina","As Akina",,15.2321,145.7652,"Northern Mariana Islands",MP,MNP,,,,,,344.2,,,3,Pacific/Guam,FALSE,1580594661
"As Akoddo","As Akoddo",,14.1537,145.1715,"Northern Mariana Islands",MP,MNP,,,,,,24.5,,,4,Pacific/Guam,FALSE,1580795679
"As Dudo","As Dudo",,14.1755,145.2802,"Northern Mariana Islands",MP,MNP,,,,,,24.5,,,4,Pacific/Guam,FALSE,1580524789
"As Falipe","As Falipe",,15.1925,145.7356,"Northern Mariana Islands",MP,MNP,,,,,,344.2,,,3,Pacific/Guam,FALSE,1580400467
"As Gonna","As Gonna",,15.1201,145.7136,"Northern Mariana Islands",MP,MNP,,,,,,344.2,,,3,Pacific/Guam,FALSE,1580833908
"As Lito","As Lito",,15.1303,145.7215,"Northern Mariana Islands",MP,MNP,,,,,,344.2,,,3,Pacific/Guam,FALSE,1580606541
"As Mahetog","As Mahetog",,15.2358,145.7560,"Northern Mariana Islands",MP,MNP,,,,,,344.2,,,3,Pacific/Guam,FALSE,1580594367
"As Matuis","As Matuis",,15.2511,145.7853,"Northern Mariana Islands",MP,MNP,,,,,,344.2,,,3,Pacific/Guam,FALSE,1580723493
"As Niebes (Nieves)","As Niebes (Nieves)",,14.1657,145.2691,"Northern Mariana Islands",MP,MNP,,,,,,24.5,,,4,Pacific/Guam,FALSE,1580363746
"As Palacios","As Palacios",,15.2154,145.7299,"Northern Mariana Islands",MP,MNP,,,,,,344.2,,,3,Pacific/Guam,FALSE,1580301478
"As Perdido","As Perdido",,15.1303,145.7069,"Northern Mariana Islands",MP,MNP,,,,,,344.2,,,3,Pacific/Guam,FALSE,1580879348
"As Rabagau","As Rabagau",,15.2183,145.7415,"Northern Mariana Islands",MP,MNP,,,,,,344.2,,,3,Pacific/Guam,FALSE,1580715266
"As Teo","As Teo",,15.1963,145.7646,"Northern Mariana Islands",MP,MNP,,,,,,344.2,,,3,Pacific/Guam,FALSE,1580409225
"As Terlaje","As Terlaje",,15.1561,145.7236,"Northern Mariana Islands",MP,MNP,,,,,,344.2,,,3,Pacific/Guam,FALSE,1580236396
Asuncion,Asuncion,,19.6914,145.4031,"Northern Mariana Islands",MP,MNP,,,,,,0,,,5,Pacific/Guam,FALSE,1580948912
Banaderu,Banaderu,,15.2794,145.8171,"Northern Mariana Islands",MP,MNP,,,,,,344.2,,,3,Pacific/Guam,FALSE,1580115284
"Bird Island","Bird Island",,15.2574,145.8135,"Northern Mariana Islands",MP,MNP,,,,,,344.2,,,3,Pacific/Guam,FALSE,1580256299
"Capitol Hill","Capitol Hill",,15.2137,145.7546,"Northern Mariana Islands",MP,MNP,,,,,primary,344.2,2500,1028,1,Pacific/Guam,FALSE,1580556972
Carolinas,Carolinas,,14.9433,145.6436,"Northern Mariana Islands",MP,MNP,,,,,,26.4,,,4,Pacific/Guam,FALSE,1580508490
"Carolinas Heights","Carolinas Heights",,14.9660,145.6508,"Northern Mariana Islands",MP,MNP,,,,,,26.4,,,4,Pacific/Guam,FALSE,1580807543
Chacha,Chacha,,15.1840,145.7648,"Northern Mariana Islands",MP,MNP,,,,,,344.2,,,3,Pacific/Guam,FALSE,1580991810
"Chalan Galaide","Chalan Galaide",,15.2078,145.7402,"Northern Mariana Islands",MP,MNP,,,,,,344.2,,,3,Pacific/Guam,FALSE,1580957658
"Chalan Kanoa I","Chalan Kanoa I",,15.1456,145.7075,"Northern Mariana Islands",MP,MNP,,,,,,344.2,,,3,Pacific/Guam,FALSE,1580528308
"Chalan Kanoa II","Chalan Kanoa II",,15.1490,145.7026,"Northern Mariana Islands",MP,MNP,,,,,,344.2,,,3,Pacific/Guam,FALSE,1580913951
"Chalan Kanoa III","Chalan Kanoa III",,15.1447,145.7039,"Northern Mariana Islands",MP,MNP,,,,,,344.2,,,3,Pacific/Guam,FALSE,1580592621
"Chalan Kanoa IV","Chalan Kanoa IV",,15.1435,145.7018,"Northern Mariana Islands",MP,MNP,,,,,,344.2,,,3,Pacific/Guam,FALSE,1580482980
"Chalan Kiya","Chalan Kiya",,15.1640,145.7200,"Northern Mariana Islands",MP,MNP,,,,,,344.2,,,3,Pacific/Guam,FALSE,1580988883
"Chalan Laulau","Chalan Laulau",,15.1762,145.7151,"Northern Mariana Islands",MP,MNP,,,,,,344.2,,,3,Pacific/Guam,FALSE,1580743409
"Chalan Piao","Chalan Piao",,15.1365,145.7014,"Northern Mariana Islands",MP,MNP,,,,,,344.2,,,3,Pacific/Guam,FALSE,1580742751
"Chalan Rueda","Chalan Rueda",,15.1770,145.7281,"Northern Mariana Islands",MP,MNP,,,,,,344.2,,,3,Pacific/Guam,FALSE,1580597649
"China Town","China Town",,15.2035,145.7224,"Northern Mariana Islands",MP,MNP,,,,,,344.2,,,3,Pacific/Guam,FALSE,1580069802
Dagu,Dagu,,15.1423,145.7268,"Northern Mariana Islands",MP,MNP,,,,,,344.2,,,3,Pacific/Guam,FALSE,1580397203
Dandan,Dandan,,15.1374,145.7357,"Northern Mariana Islands",MP,MNP,,,,,,344.2,,,3,Pacific/Guam,FALSE,1580361577
Duge,Duge,,14.1883,145.2729,"Northern Mariana Islands",MP,MNP,,,,,,24.5,,,4,Pacific/Guam,FALSE,1580522229
"Eastern Tinian (Marpo Valley)","Eastern Tinian (Marpo Valley)",,15.0036,145.6526,"Northern Mariana Islands",MP,MNP,,,,,,26.4,,,4,Pacific/Guam,FALSE,1580125754
Fananganan,Fananganan,,15.2057,145.7272,"Northern Mariana Islands",MP,MNP,,,,,,344.2,,,3,Pacific/Guam,FALSE,1580262053
Fanlagon,Fanlagon,,14.1321,145.1958,"Northern Mariana Islands",MP,MNP,,,,,,24.5,,,4,Pacific/Guam,FALSE,1580401486
Fanonchuluyan,Fanonchuluyan,,15.2583,145.8029,"Northern Mariana Islands",MP,MNP,,,,,,344.2,,,3,Pacific/Guam,FALSE,1580295131
"Farallon de Medinilla","Farallon de Medinilla",,16.0182,146.0589,"Northern Mariana Islands",MP,MNP,,,,,,0,,,5,Pacific/Guam,FALSE,1580597779
Finasisu,Finasisu,,15.1432,145.7168,"Northern Mariana Islands",MP,MNP,,,,,,344.2,,,3,Pacific/Guam,FALSE,1580443106
Finata,Finata,,14.1447,145.2217,"Northern Mariana Islands",MP,MNP,,,,,,24.5,,,4,Pacific/Guam,FALSE,1580884398
"Forbidden Island","Forbidden Island",,15.1507,145.7898,"Northern Mariana Islands",MP,MNP,,,,,,344.2,,,3,Pacific/Guam,FALSE,1580739035
Gagani,Gagani,,14.1209,145.1692,"Northern Mariana Islands",MP,MNP,,,,,,24.5,,,4,Pacific/Guam,FALSE,1580472571
Gampapa,Gampapa,,14.1759,145.2665,"Northern Mariana Islands",MP,MNP,,,,,,24.5,,,4,Pacific/Guam,FALSE,1580726197
Gaonan,Gaonan,,14.1168,145.2035,"Northern Mariana Islands",MP,MNP,,,,,,24.5,,,4,Pacific/Guam,FALSE,1580675754
Garapan,Garapan,,15.2073,145.7186,"Northern Mariana Islands",MP,MNP,,,,,,344.2,,,3,Pacific/Guam,FALSE,1580223891
"Gayaugan (Kaan)","Gayaugan (Kaan)",,14.1437,145.1585,"Northern Mariana Islands",MP,MNP,,,,,,24.5,,,4,Pacific/Guam,FALSE,1580450699
"Ginalangan (Chudan)","Ginalangan (Chudan)",,14.1537,145.2150,"Northern Mariana Islands",MP,MNP,,,,,,24.5,,,4,Pacific/Guam,FALSE,1580337418
"Gualo Rai","Gualo Rai",,15.1902,145.7250,"Northern Mariana Islands",MP,MNP,,,,,,344.2,,,3,Pacific/Guam,FALSE,1580077174
Guguan,Guguan,,17.3098,145.8413,"Northern Mariana Islands",MP,MNP,,,,,,0,,,5,Pacific/Guam,FALSE,1580707311
Hilaihai,Hilaihai,,15.1887,145.7731,"Northern Mariana Islands",MP,MNP,,,,,,344.2,,,3,Pacific/Guam,FALSE,1580292990
"I Akgak","I Akgak",,15.1927,145.7528,"Northern Mariana Islands",MP,MNP,,,,,,344.2,,,3,Pacific/Guam,FALSE,1580619706
"I Chenchon","I Chenchon",,14.1595,145.2560,"Northern Mariana Islands",MP,MNP,,,,,,24.5,,,4,Pacific/Guam,FALSE,1580516811
"I Denni","I Denni",,15.2056,145.7669,"Northern Mariana Islands",MP,MNP,,,,,,344.2,,,3,Pacific/Guam,FALSE,1580451032
"I Fadang","I Fadang",,15.1205,145.7314,"Northern Mariana Islands",MP,MNP,,,,,,344.2,,,3,Pacific/Guam,FALSE,1580853856
"I Koridot","I Koridot",,14.1536,145.2390,"Northern Mariana Islands",MP,MNP,,,,,,24.5,,,4,Pacific/Guam,FALSE,1580684629
"I Liyang","I Liyang",,15.1893,145.7173,"Northern Mariana Islands",MP,MNP,,,,,,344.2,,,3,Pacific/Guam,FALSE,1580857832
"I Maddok","I Maddok",,15.2661,145.8200,"Northern Mariana Islands",MP,MNP,,,,,,344.2,,,3,Pacific/Guam,FALSE,1580682756
"I Naftan","I Naftan",,15.1118,145.7477,"Northern Mariana Islands",MP,MNP,,,,,,344.2,,,3,Pacific/Guam,FALSE,1580634929
"I Pitot","I Pitot",,15.1995,145.7772,"Northern Mariana Islands",MP,MNP,,,,,,344.2,,,3,Pacific/Guam,FALSE,1580150798
Kagman,Kagman,,15.1731,145.7684,"Northern Mariana Islands",MP,MNP,,,,,,344.2,,,3,Pacific/Guam,FALSE,1580347988
"Kagman I","Kagman I",,15.1828,145.7763,"Northern Mariana Islands",MP,MNP,,,,,,344.2,,,3,Pacific/Guam,FALSE,1580166167
"Kagman II","Kagman II",,15.1768,145.7760,"Northern Mariana Islands",MP,MNP,,,,,,344.2,,,3,Pacific/Guam,FALSE,1580486857
"Kagman III","Kagman III",,15.1625,145.7816,"Northern Mariana Islands",MP,MNP,,,,,,344.2,,,3,Pacific/Guam,FALSE,1580288843
"Kagman IV","Kagman IV",,15.1785,145.7822,"Northern Mariana Islands",MP,MNP,,,,,,344.2,,,3,Pacific/Guam,FALSE,1580813386
Kalabera,Kalabera,,15.2392,145.8012,"Northern Mariana Islands",MP,MNP,,,,,,344.2,,,3,Pacific/Guam,FALSE,1580076549
"Kannat Tabla","Kannat Tabla",,15.1637,145.7320,"Northern Mariana Islands",MP,MNP,,,,,,344.2,,,3,Pacific/Guam,FALSE,1580146035
Koblerville,Koblerville,,15.1224,145.7046,"Northern Mariana Islands",MP,MNP,,,,,,344.2,,,3,Pacific/Guam,FALSE,1580966561
"Laulau Bay","Laulau Bay",,15.1671,145.7545,"Northern Mariana Islands",MP,MNP,,,,,,344.2,,,3,Pacific/Guam,FALSE,1580429581
Lempanai,Lempanai,,14.1329,145.1696,"Northern Mariana Islands",MP,MNP,,,,,,24.5,,,4,Pacific/Guam,FALSE,1580902347
Liyu,Liyu,,14.1334,145.1346,"Northern Mariana Islands",MP,MNP,,,,,,24.5,,,4,Pacific/Guam,FALSE,1580575684
"Lower Base","Lower Base",,15.2300,145.7440,"Northern Mariana Islands",MP,MNP,,,,,,344.2,,,3,Pacific/Guam,FALSE,1580523480
Makmak,Makmak,,14.1651,145.1966,"Northern Mariana Islands",MP,MNP,,,,,,24.5,,,4,Pacific/Guam,FALSE,1580532085
Managaha,Managaha,,15.2412,145.7123,"Northern Mariana Islands",MP,MNP,,,,,,344.2,,,3,Pacific/Guam,FALSE,1580243568
Mananana,Mananana,,14.1528,145.1899,"Northern Mariana Islands",MP,MNP,,,,,,24.5,,,4,Pacific/Guam,FALSE,1580255768
Marpi,Marpi,,15.2659,145.7938,"Northern Mariana Islands",MP,MNP,,,,,,344.2,,,3,Pacific/Guam,FALSE,1580923515
"Marpo Heights","Marpo Heights",,14.9806,145.6401,"Northern Mariana Islands",MP,MNP,,,,,,26.4,,,4,Pacific/Guam,FALSE,1580989721
Matansa,Matansa,,15.2576,145.7857,"Northern Mariana Islands",MP,MNP,,,,,,344.2,,,3,Pacific/Guam,FALSE,1580902820
Matpo,Matpo,,14.1455,145.1485,"Northern Mariana Islands",MP,MNP,,,,,,24.5,,,4,Pacific/Guam,FALSE,1580979057
"Maturana Hill","Maturana Hill",,15.2049,145.7347,"Northern Mariana Islands",MP,MNP,,,,,,344.2,,,3,Pacific/Guam,FALSE,1580874957
Maug,Maug,,20.0182,145.2113,"Northern Mariana Islands",MP,MNP,,,,,,0,,,5,Pacific/Guam,FALSE,1580414835
Mochong,Mochong,,14.1926,145.2559,"Northern Mariana Islands",MP,MNP,,,,,,24.5,,,4,Pacific/Guam,FALSE,1580916599
"Mount Sabana (Minachage)","Mount Sabana (Minachage)",,14.1402,145.1850,"Northern Mariana Islands",MP,MNP,,,,,,24.5,,,4,Pacific/Guam,FALSE,1580082496
"Mount Taipingot","Mount Taipingot",,14.1254,145.1272,"Northern Mariana Islands",MP,MNP,,,,,,24.5,,,4,Pacific/Guam,FALSE,1580320679
Nanasu,Nanasu,,15.2388,145.7854,"Northern Mariana Islands",MP,MNP,,,,,,344.2,,,3,Pacific/Guam,FALSE,1580910708
"Navy Hill","Navy Hill",,15.2125,145.7320,"Northern Mariana Islands",MP,MNP,,,,,,344.2,,,3,Pacific/Guam,FALSE,1580042693
"Northern Tinian","Northern Tinian",,15.0616,145.6315,"Northern Mariana Islands",MP,MNP,,,,,,26.4,,,4,Pacific/Guam,FALSE,1580287060
Opyan,Opyan,,15.1096,145.7231,"Northern Mariana Islands",MP,MNP,,,,,,344.2,,,3,Pacific/Guam,FALSE,1580937128
Pagan,Pagan,,18.1165,145.7667,"Northern Mariana Islands",MP,MNP,,,,,,0,,,5,Pacific/Guam,FALSE,1580679180
Papago,Papago,,15.1772,145.7482,"Northern Mariana Islands",MP,MNP,,,,,,344.2,,,3,Pacific/Guam,FALSE,1580296556
Pekngasu,Pekngasu,,14.1940,145.2420,"Northern Mariana Islands",MP,MNP,,,,,,24.5,,,4,Pacific/Guam,FALSE,1580019729
"Pidos Kahalo","Pidos Kahalo",,15.2741,145.8070,"Northern Mariana Islands",MP,MNP,,,,,,344.2,,,3,Pacific/Guam,FALSE,1580049267
"Puerto Rico","Puerto Rico",,15.2230,145.7338,"Northern Mariana Islands",MP,MNP,,,,,,344.2,,,3,Pacific/Guam,FALSE,1580618192
Sabaneta,Sabaneta,,15.2838,145.8062,"Northern Mariana Islands",MP,MNP,,,,,,344.2,,,3,Pacific/Guam,FALSE,1580857056
"Sadog Tasi","Sadog Tasi",,15.2254,145.7470,"Northern Mariana Islands",MP,MNP,,,,,,344.2,,,3,Pacific/Guam,FALSE,1580255171
"Sailigai Papa","Sailigai Papa",,14.1542,145.1567,"Northern Mariana Islands",MP,MNP,,,,,,24.5,,,4,Pacific/Guam,FALSE,1580896722
"San Antonio","San Antonio",,15.1315,145.6950,"Northern Mariana Islands",MP,MNP,,,,,,344.2,,,3,Pacific/Guam,FALSE,1580154661
"San Jose (Oleai)","San Jose (Oleai)",,15.1654,145.7125,"Northern Mariana Islands",MP,MNP,,,,,,344.2,,,3,Pacific/Guam,FALSE,1580284337
"San Jose (Tinian Municipality)","San Jose (Tinian Municipality)",,14.9702,145.6246,"Northern Mariana Islands",MP,MNP,,,,,,26.4,,,4,Pacific/Guam,FALSE,1580471023
"San Roque","San Roque",,15.2486,145.7758,"Northern Mariana Islands",MP,MNP,,,,,,344.2,,,3,Pacific/Guam,FALSE,1580577431
"San Vicente","San Vicente",,15.1535,145.7402,"Northern Mariana Islands",MP,MNP,,,,,,344.2,,,3,Pacific/Guam,FALSE,1580274944
Sarigan,Sarigan,,16.7043,145.7790,"Northern Mariana Islands",MP,MNP,,,,,,0,,,5,Pacific/Guam,FALSE,1580771924
"Sayan Gigani","Sayan Gigani",,14.1833,145.2151,"Northern Mariana Islands",MP,MNP,,,,,,24.5,,,4,Pacific/Guam,FALSE,1580316328
Sinapalo,Sinapalo,,14.1755,145.2346,"Northern Mariana Islands",MP,MNP,,,,,,24.5,,,4,Pacific/Guam,FALSE,1580819151
Songsong,Songsong,,14.1406,145.1417,"Northern Mariana Islands",MP,MNP,,,,,,24.5,,,4,Pacific/Guam,FALSE,1580043487
Susupe,Susupe,,15.1568,145.7090,"Northern Mariana Islands",MP,MNP,,,,,,344.2,,,3,Pacific/Guam,FALSE,1580391885
"Tagolo Ogso","Tagolo Ogso",,14.1451,145.1710,"Northern Mariana Islands",MP,MNP,,,,,,24.5,,,4,Pacific/Guam,FALSE,1580858373
Taimama,Taimama,,14.1572,145.1551,"Northern Mariana Islands",MP,MNP,,,,,,24.5,,,4,Pacific/Guam,FALSE,1580561944
Talafofo,Talafofo,,15.2198,145.7756,"Northern Mariana Islands",MP,MNP,,,,,,344.2,,,3,Pacific/Guam,FALSE,1580634167
Talakhaya,Talakhaya,,14.1214,145.1858,"Northern Mariana Islands",MP,MNP,,,,,,24.5,,,4,Pacific/Guam,FALSE,1580183874
Talo,Talo,,14.1661,145.2084,"Northern Mariana Islands",MP,MNP,,,,,,24.5,,,4,Pacific/Guam,FALSE,1580066299
Tanapag,Tanapag,,15.2388,145.7534,"Northern Mariana Islands",MP,MNP,,,,,,344.2,,,3,Pacific/Guam,FALSE,1580039999
Tangke,Tangke,,15.2442,145.7934,"Northern Mariana Islands",MP,MNP,,,,,,344.2,,,3,Pacific/Guam,FALSE,1580311984
Tapochao,Tapochao,,15.1974,145.7450,"Northern Mariana Islands",MP,MNP,,,,,,344.2,,,3,Pacific/Guam,FALSE,1580593724
Tatachok,Tatachok,,14.1637,145.1747,"Northern Mariana Islands",MP,MNP,,,,,,24.5,,,4,Pacific/Guam,FALSE,1580391591
Tatgua,Tatgua,,14.1739,145.2026,"Northern Mariana Islands",MP,MNP,,,,,,24.5,,,4,Pacific/Guam,FALSE,1580108346
Tenetu,Tenetu,,14.1378,145.1546,"Northern Mariana Islands",MP,MNP,,,,,,24.5,,,4,Pacific/Guam,FALSE,1580474668
Tottotville,Tottotville,,15.1277,145.7125,"Northern Mariana Islands",MP,MNP,,,,,,344.2,,,3,Pacific/Guam,FALSE,1580291776
Ugis,Ugis,,14.1571,145.1515,"Northern Mariana Islands",MP,MNP,,,,,,24.5,,,4,Pacific/Guam,FALSE,1580265305
"Uracus (Farallon de Pajaros)","Uracus (Farallon de Pajaros)",,20.5445,144.8937,"Northern Mariana Islands",MP,MNP,,,,,,0,,,5,Pacific/Guam,FALSE,1580177077
"Western Tinian","Western Tinian",,15.0118,145.6114,"Northern Mariana Islands",MP,MNP,,,,,,26.4,,,4,Pacific/Guam,FALSE,1580089910
