city,city_ascii,city_alt,lat,lng,country,iso2,iso3,admin_name,admin_name_ascii,admin_code,admin_type,capital,density,population,population_proper,ranking,timezone,same_name,id
Castries,Castries,"Port Castries",14.0167,-60.9833,"Saint Lucia",LC,LCA,Castries,Castries,LC-02,quarter,primary,886.1,70000,70000,1,America/St_Lucia,FALSE,1662922505
"Gros Islet","Gros Islet","Gros Islet Village|Gros Ilet",14.0810,-60.9530,"Saint Lucia",LC,LCA,Gros-Islet,Gros-Islet,LC-06,district,,213.3,21660,21660,3,America/St_Lucia,FALSE,1662587230
Micoud,Micoud,,13.8190,-60.9000,"Saint Lucia",LC,LCA,Micoud,Micoud,LC-08,quarter,,161.8,16620,16620,3,America/St_Lucia,FALSE,1662284739
"Vieux Fort","Vieux Fort",,13.7280,-60.9540,"Saint Lucia",LC,LCA,Vieux-Fort,Vieux-Fort,LC-11,district,,367.1,15750,15750,3,America/St_Lucia,FALSE,1662173284
Bisee,Bisee,Bisée,14.0243,-60.9744,"Saint Lucia",LC,LCA,Castries,Castries,LC-02,quarter,,621.2,12980,12980,3,America/St_Lucia,FALSE,1662015000
Choiseul,Choiseul,Choiseuil,13.7744,-61.0505,"Saint Lucia",LC,LCA,Choiseul,Choiseul,LC-03,quarter,,235.1,6323,6323,3,America/St_Lucia,FALSE,1662429093
Canaries,Canaries,"Two Friends",13.9044,-61.0669,"Saint Lucia",LC,LCA,Canaries,Canaries,LC-12,district,,116.4,1862,1862,3,America/St_Lucia,FALSE,1662817971
Saltibus,Saltibus,,13.8006,-60.9992,"Saint Lucia",LC,LCA,Laborie,Laborie,LC-07,quarter,,16.5,1690,1690,4,America/St_Lucia,FALSE,1662660901
Soufrière,Soufriere,,13.8540,-61.0592,"Saint Lucia",LC,LCA,Soufrière,Soufriere,LC-10,quarter,,186.0,1463,1463,3,America/St_Lucia,FALSE,1662299519
"Anse La Raye","Anse La Raye","La Raye",13.9401,-61.0431,"Saint Lucia",LC,LCA,Anse-la-Raye,Anse-la-Raye,LC-01,district,,212.5,1410,1410,3,America/St_Lucia,FALSE,1662612174
Laborie,Laborie,,13.7515,-60.9951,"Saint Lucia",LC,LCA,Laborie,Laborie,LC-07,quarter,,179.2,1131,1131,3,America/St_Lucia,FALSE,1662680976
"Ti Rocher","Ti Rocher",,13.8173,-60.9286,"Saint Lucia",LC,LCA,Micoud,Micoud,LC-08,quarter,,161.8,980,980,4,America/St_Lucia,FALSE,1662000122
"Berre Denis","Berre Denis",,13.9703,-60.9947,"Saint Lucia",LC,LCA,Castries,Castries,LC-02,quarter,,621.2,699,699,3,America/St_Lucia,FALSE,1662829133
Sarot,Sarot,,13.9439,-60.9869,"Saint Lucia",LC,LCA,Castries,Castries,LC-02,quarter,,621.2,690,690,3,America/St_Lucia,FALSE,1662088049
"Ti Rocher","Ti Rocher",,13.9949,-60.9711,"Saint Lucia",LC,LCA,Castries,Castries,LC-02,quarter,,621.2,647,647,3,America/St_Lucia,FALSE,1662000028
Piaye,Piaye,,13.7500,-61.0167,"Saint Lucia",LC,LCA,Laborie,Laborie,LC-07,quarter,,179.2,596,596,3,America/St_Lucia,FALSE,1662690782
"Trois Piton","Trois Piton",,13.9840,-60.9715,"Saint Lucia",LC,LCA,Castries,Castries,LC-02,quarter,,621.2,452,452,3,America/St_Lucia,FALSE,1662675716
Monchy,Monchy,,14.0532,-60.9299,"Saint Lucia",LC,LCA,Gros-Islet,Gros-Islet,LC-06,district,,319.8,416,416,3,America/St_Lucia,FALSE,1662463051
Vanard,Vanard,,13.9435,-60.9945,"Saint Lucia",LC,LCA,Castries,Castries,LC-02,quarter,,621.2,384,384,3,America/St_Lucia,FALSE,1662492351
"Morne Ciseaux","Morne Ciseaux",,13.9443,-61.0031,"Saint Lucia",LC,LCA,Castries,Castries,LC-02,quarter,,621.2,160,160,3,America/St_Lucia,FALSE,1662000100
Belmont,Belmont,,13.9497,-60.9267,"Saint Lucia",LC,LCA,Dennery,Dennery,LC-05,quarter,,179.6,,,4,America/St_Lucia,FALSE,1662564843
Lumière,Lumiere,Limere,13.9404,-60.8962,"Saint Lucia",LC,LCA,Dennery,Dennery,LC-05,quarter,,179.6,,,4,America/St_Lucia,FALSE,1662462157
"Au Leon","Au Leon",,13.9458,-60.9078,"Saint Lucia",LC,LCA,Dennery,Dennery,LC-05,quarter,,179.6,,,4,America/St_Lucia,FALSE,1662000002
Corinthe,Corinthe,,14.0453,-60.9607,"Saint Lucia",LC,LCA,Gros-Islet,Gros-Islet,LC-06,district,,319.8,,,3,America/St_Lucia,FALSE,1662038213
Ferrand,Ferrand,,13.9839,-60.9821,"Saint Lucia",LC,LCA,Castries,Castries,LC-02,quarter,,621.2,,,3,America/St_Lucia,FALSE,1662693649
"La Rivière Mitan","La Riviere Mitan",,14.0532,-60.9388,"Saint Lucia",LC,LCA,Gros-Islet,Gros-Islet,LC-06,district,,319.8,,,3,America/St_Lucia,FALSE,1662000019
Chassin,Chassin,,13.9833,-60.9167,"Saint Lucia",LC,LCA,Gros-Islet,Gros-Islet,LC-06,district,,319.8,,,3,America/St_Lucia,FALSE,1662616584
"Crown Lands","Crown Lands",,13.9590,-60.9693,"Saint Lucia",LC,LCA,Castries,Castries,LC-02,quarter,,621.2,,,3,America/St_Lucia,FALSE,1662957500
Olibo,Olibo,,13.7770,-60.9958,"Saint Lucia",LC,LCA,Laborie,Laborie,LC-07,quarter,,179.2,,,4,America/St_Lucia,FALSE,1662000087
"Ti Riviere","Ti Riviere",,13.8328,-60.9360,"Saint Lucia",LC,LCA,Micoud,Micoud,LC-08,quarter,,161.8,,,4,America/St_Lucia,FALSE,1662000109
"La Tille","La Tille",,13.8286,-60.9219,"Saint Lucia",LC,LCA,Micoud,Micoud,LC-08,quarter,,161.8,,,4,America/St_Lucia,FALSE,1662000106
"Four Roads Junction","Four Roads Junction",,13.9934,-60.9766,"Saint Lucia",LC,LCA,Castries,Castries,LC-02,quarter,,621.2,,,3,America/St_Lucia,FALSE,1662000027
Deglos,Deglos,,13.9608,-60.9742,"Saint Lucia",LC,LCA,Castries,Castries,LC-02,quarter,,621.2,,,3,America/St_Lucia,FALSE,1662927144
"Bois d’Inde","Bois d'Inde",,13.9427,-61.0087,"Saint Lucia",LC,LCA,Castries,Castries,LC-02,quarter,,529.5,,,3,America/St_Lucia,FALSE,1662000006
Careffe,Careffe,,14.0565,-60.9494,"Saint Lucia",LC,LCA,Gros-Islet,Gros-Islet,LC-06,district,,319.8,,,3,America/St_Lucia,FALSE,1662000017
Joyeux,Joyeux,,13.7841,-60.9617,"Saint Lucia",LC,LCA,Vieux-Fort,Vieux-Fort,LC-11,district,,367.1,,,3,America/St_Lucia,FALSE,1662000114
"Vieux Sucreic","Vieux Sucreic",,14.0495,-60.9461,"Saint Lucia",LC,LCA,Gros-Islet,Gros-Islet,LC-06,district,,319.8,,,3,America/St_Lucia,FALSE,1662768592
Plut,Plut,,13.7760,-60.9611,"Saint Lucia",LC,LCA,Vieux-Fort,Vieux-Fort,LC-11,district,,367.1,,,3,America/St_Lucia,FALSE,1662000117
Réduit,Reduit,Reduit,14.0687,-60.9549,"Saint Lucia",LC,LCA,Gros-Islet,Gros-Islet,LC-06,district,,319.8,,,3,America/St_Lucia,FALSE,1662453313
L’Abbayée,L'Abbayee,,13.9431,-60.9759,"Saint Lucia",LC,LCA,Castries,Castries,LC-02,quarter,,621.2,,,3,America/St_Lucia,FALSE,1662386135
Gayabois,Gayabois,,13.7854,-61.0180,"Saint Lucia",LC,LCA,Laborie,Laborie,LC-07,quarter,,182.6,,,4,America/St_Lucia,FALSE,1662000089
Americ,Americ,,14.0216,-60.9312,"Saint Lucia",LC,LCA,Gros-Islet,Gros-Islet,LC-06,district,,319.8,,,3,America/St_Lucia,FALSE,1662000033
"Moulin à Vent","Moulin a Vent",,14.0607,-60.9479,"Saint Lucia",LC,LCA,Gros-Islet,Gros-Islet,LC-06,district,,319.8,,,3,America/St_Lucia,FALSE,1662000016
"Morne Vert","Morne Vert",,13.7781,-60.9759,"Saint Lucia",LC,LCA,Vieux-Fort,Vieux-Fort,LC-11,district,,343.4,,,3,America/St_Lucia,FALSE,1662000113
"Bonne Terre","Bonne Terre",,14.0695,-60.9435,"Saint Lucia",LC,LCA,Gros-Islet,Gros-Islet,LC-06,district,,319.8,,,3,America/St_Lucia,FALSE,1662000044
"Paix Bouche","Paix Bouche",,14.0188,-60.9387,"Saint Lucia",LC,LCA,Gros-Islet,Gros-Islet,LC-06,district,,324.6,,,3,America/St_Lucia,FALSE,1662000035
"Bois Joli","Bois Joli",,13.9179,-60.8981,"Saint Lucia",LC,LCA,Dennery,Dennery,LC-05,quarter,,179.6,,,4,America/St_Lucia,FALSE,1662369781
Dubrassay,Dubrassay,,13.9833,-60.9667,"Saint Lucia",LC,LCA,Castries,Castries,LC-02,quarter,,621.2,,,3,America/St_Lucia,FALSE,1662000046
Dugard,Dugard,,13.8044,-61.0291,"Saint Lucia",LC,LCA,Choiseul,Choiseul,LC-03,quarter,,235.1,,,3,America/St_Lucia,FALSE,1662676644
Malgrétoute,Malgretoute,"Malgré Tout|Malgretoute",13.8413,-61.0609,"Saint Lucia",LC,LCA,Soufrière,Soufriere,LC-10,quarter,,186.0,,,4,America/St_Lucia,FALSE,1662616261
L’Orangerie,L'Orangerie,,13.8484,-60.9140,"Saint Lucia",LC,LCA,Micoud,Micoud,LC-08,quarter,,161.8,,,4,America/St_Lucia,FALSE,1662006818
Tourat,Tourat,,13.9736,-60.9967,"Saint Lucia",LC,LCA,Castries,Castries,LC-02,quarter,,621.2,,,3,America/St_Lucia,FALSE,1662000047
"Anse Canot","Anse Canot",Canot,13.9056,-60.8967,"Saint Lucia",LC,LCA,Dennery,Dennery,LC-05,quarter,,179.6,,,4,America/St_Lucia,FALSE,1662075944
Incommode,Incommode,,13.9879,-60.9959,"Saint Lucia",LC,LCA,Castries,Castries,LC-02,quarter,,621.2,,,3,America/St_Lucia,FALSE,1662765945
"Mont Eole","Mont Eole",,13.8590,-60.9143,"Saint Lucia",LC,LCA,Micoud,Micoud,LC-08,quarter,,161.8,,,4,America/St_Lucia,FALSE,1662000104
Delcer,Delcer,,13.7965,-61.0612,"Saint Lucia",LC,LCA,Choiseul,Choiseul,LC-03,quarter,,235.0,,,3,America/St_Lucia,FALSE,1662486280
Zenon,Zenon,,13.8577,-61.0356,"Saint Lucia",LC,LCA,Soufrière,Soufriere,LC-10,quarter,,186.0,,,4,America/St_Lucia,FALSE,1662000010
Cacao,Cacao,,13.7792,-60.9429,"Saint Lucia",LC,LCA,Vieux-Fort,Vieux-Fort,LC-11,district,,367.1,,,3,America/St_Lucia,FALSE,1662000118
Forestière,Forestiere,,13.9795,-60.9597,"Saint Lucia",LC,LCA,Castries,Castries,LC-02,quarter,,621.2,,,3,America/St_Lucia,FALSE,1662220930
Marquis,Marquis,,14.0333,-60.9167,"Saint Lucia",LC,LCA,Gros-Islet,Gros-Islet,LC-06,district,,319.8,,,3,America/St_Lucia,FALSE,1662180173
"La Pointe","La Pointe",,13.8460,-60.9024,"Saint Lucia",LC,LCA,Micoud,Micoud,LC-08,quarter,,161.8,,,4,America/St_Lucia,FALSE,1662130047
Beauséjour,Beausejour,,13.7500,-60.9667,"Saint Lucia",LC,LCA,Vieux-Fort,Vieux-Fort,LC-11,district,,367.1,,,3,America/St_Lucia,FALSE,1662765341
Mabouya,Mabouya,,13.9345,-60.9312,"Saint Lucia",LC,LCA,Dennery,Dennery,LC-05,quarter,,179.6,,,4,America/St_Lucia,FALSE,1662000093
"Ti Morne","Ti Morne",,14.0236,-60.9517,"Saint Lucia",LC,LCA,Gros-Islet,Gros-Islet,LC-06,district,,321.4,,,3,America/St_Lucia,FALSE,1662000040
"Cap Estate","Cap Estate",,14.0996,-60.9435,"Saint Lucia",LC,LCA,Gros-Islet,Gros-Islet,LC-06,district,,319.8,,,3,America/St_Lucia,FALSE,1662014398
Colombette,Colombette,,13.8664,-61.0547,"Saint Lucia",LC,LCA,Soufrière,Soufriere,LC-10,quarter,,186.0,,,4,America/St_Lucia,FALSE,1662533252
"La Resource","La Resource",Ressource,13.7446,-60.9577,"Saint Lucia",LC,LCA,Vieux-Fort,Vieux-Fort,LC-11,district,,367.1,,,3,America/St_Lucia,FALSE,1662685998
Choc,Choc,,14.0312,-60.9765,"Saint Lucia",LC,LCA,Castries,Castries,LC-02,quarter,,421.8,,,3,America/St_Lucia,FALSE,1662509022
Christopher,Christopher,,14.0088,-60.9464,"Saint Lucia",LC,LCA,Castries,Castries,LC-02,quarter,,569.3,,,3,America/St_Lucia,FALSE,1662000039
Motête,Motete,,13.8133,-61.0236,"Saint Lucia",LC,LCA,Choiseul,Choiseul,LC-03,quarter,,235.1,,,3,America/St_Lucia,FALSE,1662864787
"La Treille","La Treille",,13.9333,-61.0000,"Saint Lucia",LC,LCA,Castries,Castries,LC-02,quarter,,621.0,,,3,America/St_Lucia,FALSE,1662000099
Mongiraud,Mongiraud,,14.0620,-60.9594,"Saint Lucia",LC,LCA,Gros-Islet,Gros-Islet,LC-06,district,,319.8,,,3,America/St_Lucia,FALSE,1662275480
Bouton,Bouton,,13.8797,-61.0693,"Saint Lucia",LC,LCA,Soufrière,Soufriere,LC-10,quarter,,186.0,,,4,America/St_Lucia,FALSE,1662867918
"Bois d’Inde","Bois d'Inde",,14.0533,-60.9534,"Saint Lucia",LC,LCA,Gros-Islet,Gros-Islet,LC-06,district,,319.8,,,3,America/St_Lucia,FALSE,1662000018
"La Riche","La Riche",,13.7836,-61.0475,"Saint Lucia",LC,LCA,Choiseul,Choiseul,LC-03,quarter,,235.1,,,3,America/St_Lucia,FALSE,1662000079
"Fond Devaux","Fond Devaux",,13.8500,-60.9167,"Saint Lucia",LC,LCA,Micoud,Micoud,LC-08,quarter,,161.8,,,4,America/St_Lucia,FALSE,1662058127
"Fond Manger","Fond Manger",,13.9653,-61.0080,"Saint Lucia",LC,LCA,Castries,Castries,LC-02,quarter,,621.2,,,3,America/St_Lucia,FALSE,1662000004
Belvedere,Belvedere,,13.8920,-61.0564,"Saint Lucia",LC,LCA,Soufrière,Soufriere,LC-10,quarter,,190.7,,,4,America/St_Lucia,FALSE,1662576962
"Union Vale","Union Vale",,13.8112,-61.0561,"Saint Lucia",LC,LCA,Soufrière,Soufriere,LC-10,quarter,,198.4,,,4,America/St_Lucia,FALSE,1662417891
Vige,Vige,,13.7867,-60.9304,"Saint Lucia",LC,LCA,Micoud,Micoud,LC-08,quarter,,161.8,,,4,America/St_Lucia,FALSE,1662071971
"Château Belair","Chateau Belair",,13.8168,-61.0516,"Saint Lucia",LC,LCA,Soufrière,Soufriere,LC-10,quarter,,186.0,,,4,America/St_Lucia,FALSE,1662659916
"Fond Sabot","Fond Sabot",,13.7761,-60.9545,"Saint Lucia",LC,LCA,Vieux-Fort,Vieux-Fort,LC-11,district,,367.1,,,3,America/St_Lucia,FALSE,1662000116
"Morne Jacques","Morne Jacques",,13.8113,-61.0319,"Saint Lucia",LC,LCA,Choiseul,Choiseul,LC-03,quarter,,235.1,,,3,America/St_Lucia,FALSE,1662000073
"Fond Saint Jacques","Fond Saint Jacques","Fond Saint Jaques|Pond Saint Jacques",13.8367,-61.0259,"Saint Lucia",LC,LCA,Soufrière,Soufriere,LC-10,quarter,,186.0,,,4,America/St_Lucia,FALSE,1662992092
Malgrétoute,Malgretoute,,13.8412,-60.9039,"Saint Lucia",LC,LCA,Micoud,Micoud,LC-08,quarter,,161.8,,,4,America/St_Lucia,FALSE,1662000101
"La Pointe","La Pointe",,13.7946,-61.0656,"Saint Lucia",LC,LCA,Choiseul,Choiseul,LC-03,quarter,,235.0,,,3,America/St_Lucia,FALSE,1662567248
"La Pelle","La Pelle",,13.9398,-60.9082,"Saint Lucia",LC,LCA,Dennery,Dennery,LC-05,quarter,,179.6,,,4,America/St_Lucia,FALSE,1662000090
"Marc Marc","Marc Marc",,13.9500,-60.9667,"Saint Lucia",LC,LCA,Castries,Castries,LC-02,quarter,,621.2,,,3,America/St_Lucia,FALSE,1662557265
Martin,Martin,,13.7892,-61.0456,"Saint Lucia",LC,LCA,Choiseul,Choiseul,LC-03,quarter,,235.1,,,3,America/St_Lucia,FALSE,1662000071
Cresslands,Cresslands,,13.8539,-61.0402,"Saint Lucia",LC,LCA,Soufrière,Soufriere,LC-10,quarter,,186.0,,,4,America/St_Lucia,FALSE,1662000051
"Victoria De Ville","Victoria De Ville",,13.8100,-61.0430,"Saint Lucia",LC,LCA,Choiseul,Choiseul,LC-03,quarter,,224.7,,,3,America/St_Lucia,FALSE,1662000066
Augier,Augier,,13.7632,-60.9789,"Saint Lucia",LC,LCA,Vieux-Fort,Vieux-Fort,LC-11,district,,366.8,,,3,America/St_Lucia,FALSE,1662004896
Thomazo,Thomazo,,13.9306,-60.9421,"Saint Lucia",LC,LCA,Dennery,Dennery,LC-05,quarter,,179.6,,,4,America/St_Lucia,FALSE,1662000091
"Des Marinières","Des Marinieres",,13.8600,-60.9078,"Saint Lucia",LC,LCA,Micoud,Micoud,LC-08,quarter,,161.8,,,4,America/St_Lucia,FALSE,1662000103
Union,Union,,14.0333,-60.9667,"Saint Lucia",LC,LCA,Gros-Islet,Gros-Islet,LC-06,district,,607.7,,,3,America/St_Lucia,FALSE,1662555348
Carrière,Carriere,Carrièe,13.7815,-60.9641,"Saint Lucia",LC,LCA,Vieux-Fort,Vieux-Fort,LC-11,district,,367.1,,,3,America/St_Lucia,FALSE,1662827794
"Pays Perdu","Pays Perdu",,14.0037,-60.9338,"Saint Lucia",LC,LCA,Gros-Islet,Gros-Islet,LC-06,district,,445.9,,,3,America/St_Lucia,FALSE,1662000012
Odsan,Odsan,Wellsan,13.9742,-60.9846,"Saint Lucia",LC,LCA,Castries,Castries,LC-02,quarter,,621.2,,,3,America/St_Lucia,FALSE,1662000045
"Des Bollières","Des Bollieres",,13.9954,-60.9290,"Saint Lucia",LC,LCA,Gros-Islet,Gros-Islet,LC-06,district,,319.8,,,3,America/St_Lucia,FALSE,1662000107
Beauséjour,Beausejour,,14.0754,-60.9442,"Saint Lucia",LC,LCA,Gros-Islet,Gros-Islet,LC-06,district,,319.8,,,3,America/St_Lucia,FALSE,1662000043
Lombard,Lombard,,13.8546,-60.9106,"Saint Lucia",LC,LCA,Micoud,Micoud,LC-08,quarter,,161.8,,,4,America/St_Lucia,FALSE,1662000119
"La Haut","La Haut",,13.7905,-60.9980,"Saint Lucia",LC,LCA,Laborie,Laborie,LC-07,quarter,,179.2,,,4,America/St_Lucia,FALSE,1662901925
Mamin,Mamin,,13.8706,-61.0759,"Saint Lucia",LC,LCA,Soufrière,Soufriere,LC-10,quarter,,186.0,,,4,America/St_Lucia,FALSE,1662009316
Combat,Combat,,13.9884,-60.9466,"Saint Lucia",LC,LCA,Castries,Castries,LC-02,quarter,,621.2,,,3,America/St_Lucia,FALSE,1662000024
Bocage,Bocage,,14.0018,-60.9687,"Saint Lucia",LC,LCA,Castries,Castries,LC-02,quarter,,1603.1,,,3,America/St_Lucia,FALSE,1662000025
"Bois d’Inde","Bois d'Inde",,13.8337,-61.0348,"Saint Lucia",LC,LCA,Soufrière,Soufriere,LC-10,quarter,,186.0,,,4,America/St_Lucia,FALSE,1662000057
Plateau,Plateau,,14.0278,-60.9346,"Saint Lucia",LC,LCA,Gros-Islet,Gros-Islet,LC-06,district,,319.8,,,3,America/St_Lucia,FALSE,1662000031
"River Dorée","River Doree","Riviere Doree|Dorée",13.7637,-61.0365,"Saint Lucia",LC,LCA,Choiseul,Choiseul,LC-03,quarter,,215.5,,,3,America/St_Lucia,FALSE,1662864613
Bazile,Bazile,,13.9080,-60.9236,"Saint Lucia",LC,LCA,Dennery,Dennery,LC-05,quarter,,179.6,,,4,America/St_Lucia,FALSE,1662000095
"Morne Fond Saint Jacques","Morne Fond Saint Jacques",,13.8421,-61.0039,"Saint Lucia",LC,LCA,Soufrière,Soufriere,LC-10,quarter,,31.9,,,4,America/St_Lucia,FALSE,1662000059
"Moule à Chique","Moule a Chique",,13.7133,-60.9474,"Saint Lucia",LC,LCA,Vieux-Fort,Vieux-Fort,LC-11,district,,367.1,,,3,America/St_Lucia,FALSE,1662210929
Gouette,Gouette,,13.8105,-60.9407,"Saint Lucia",LC,LCA,Micoud,Micoud,LC-08,quarter,,161.8,,,4,America/St_Lucia,FALSE,1662000120
Calypso,Calypso,,13.8233,-60.9564,"Saint Lucia",LC,LCA,Micoud,Micoud,LC-08,quarter,,161.8,,,4,America/St_Lucia,FALSE,1662000105
Planard,Planard,,13.8093,-60.9156,"Saint Lucia",LC,LCA,Micoud,Micoud,LC-08,quarter,,161.8,,,4,America/St_Lucia,FALSE,1662122108
"Bois d’Inde Franciou","Bois d'Inde Franciou",,13.8041,-61.0549,"Saint Lucia",LC,LCA,Choiseul,Choiseul,LC-03,quarter,,235.1,,,3,America/St_Lucia,FALSE,1662000069
Debreuil,Debreuil,,13.7882,-61.0285,"Saint Lucia",LC,LCA,Choiseul,Choiseul,LC-03,quarter,,234.4,,,3,America/St_Lucia,FALSE,1662131952
Dupré,Dupre,,13.7931,-61.0261,"Saint Lucia",LC,LCA,Choiseul,Choiseul,LC-03,quarter,,235.1,,,3,America/St_Lucia,FALSE,1662000077
Daban,Daban,,13.8078,-61.0059,"Saint Lucia",LC,LCA,Laborie,Laborie,LC-07,quarter,,179.2,,,4,America/St_Lucia,FALSE,1662000082
Macdomel,Macdomel,,13.7797,-60.9854,"Saint Lucia",LC,LCA,Laborie,Laborie,LC-07,quarter,,179.2,,,4,America/St_Lucia,FALSE,1662000088
"La Pearle","La Pearle",Perle,13.8560,-61.0504,"Saint Lucia",LC,LCA,Soufrière,Soufriere,LC-10,quarter,,186.0,,,4,America/St_Lucia,FALSE,1662094965
Stonefield,Stonefield,,13.8441,-61.0597,"Saint Lucia",LC,LCA,Soufrière,Soufriere,LC-10,quarter,,186.0,,,4,America/St_Lucia,FALSE,1662000055
"La Grace","La Grace",,13.7787,-61.0006,"Saint Lucia",LC,LCA,Laborie,Laborie,LC-07,quarter,,179.2,,,4,America/St_Lucia,FALSE,1662000086
"Morne Bonin","Morne Bonin",,13.8310,-61.0313,"Saint Lucia",LC,LCA,Soufrière,Soufriere,LC-10,quarter,,186.0,,,4,America/St_Lucia,FALSE,1662000062
Mondesir,Mondesir,,13.8000,-61.0167,"Saint Lucia",LC,LCA,Choiseul,Choiseul,LC-03,quarter,,235.0,,,3,America/St_Lucia,FALSE,1662000000
Sauzay,Sauzay,,13.7759,-61.0330,"Saint Lucia",LC,LCA,Choiseul,Choiseul,LC-03,quarter,,221.1,,,3,America/St_Lucia,FALSE,1662000080
Cafeière,Cafeiere,Caféière,13.7859,-61.0355,"Saint Lucia",LC,LCA,Choiseul,Choiseul,LC-03,quarter,,235.1,,,3,America/St_Lucia,FALSE,1662457314
"Bon Air","Bon Air",,14.0484,-60.9695,"Saint Lucia",LC,LCA,Gros-Islet,Gros-Islet,LC-06,district,,319.8,,,3,America/St_Lucia,FALSE,1662037886
Girard,Girard,,13.9979,-60.9572,"Saint Lucia",LC,LCA,Castries,Castries,LC-02,quarter,,621.2,,,3,America/St_Lucia,FALSE,1662337747
Industry,Industry,,13.7903,-61.0618,"Saint Lucia",LC,LCA,Choiseul,Choiseul,LC-03,quarter,,235.1,,,3,America/St_Lucia,FALSE,1662000001
"Barre Duchaussée","Barre Duchaussee",,13.9630,-61.0006,"Saint Lucia",LC,LCA,Castries,Castries,LC-02,quarter,,621.2,,,3,America/St_Lucia,FALSE,1662000049
Carrière,Carriere,,13.8361,-60.9461,"Saint Lucia",LC,LCA,Micoud,Micoud,LC-08,quarter,,161.8,,,4,America/St_Lucia,FALSE,1662000111
"La Vaccance","La Vaccance",,14.0353,-60.9391,"Saint Lucia",LC,LCA,Gros-Islet,Gros-Islet,LC-06,district,,319.8,,,3,America/St_Lucia,FALSE,1662000015
Millet,Millet,,13.9029,-60.9949,"Saint Lucia",LC,LCA,Anse-la-Raye,Anse-la-Raye,LC-01,district,,212.5,,,3,America/St_Lucia,FALSE,1662798804
Garrand,Garrand,,14.0068,-60.9315,"Saint Lucia",LC,LCA,Gros-Islet,Gros-Islet,LC-06,district,,319.8,,,3,America/St_Lucia,FALSE,1662867300
Angere,Angere,,13.7833,-60.9167,"Saint Lucia",LC,LCA,Micoud,Micoud,LC-08,quarter,,161.8,,,4,America/St_Lucia,FALSE,1662053751
Desruisseaux,Desruisseaux,,13.8626,-61.0612,"Saint Lucia",LC,LCA,Soufrière,Soufriere,LC-10,quarter,,186.0,,,4,America/St_Lucia,FALSE,1662000003
"Riche Fond","Riche Fond",,13.9362,-60.9203,"Saint Lucia",LC,LCA,Dennery,Dennery,LC-05,quarter,,179.6,,,4,America/St_Lucia,FALSE,1662213333
Espérance,Esperance,,13.8078,-61.0470,"Saint Lucia",LC,LCA,Choiseul,Choiseul,LC-03,quarter,,235.1,,,3,America/St_Lucia,FALSE,1662000067
"Ravine Poisson","Ravine Poisson",,13.9316,-60.9685,"Saint Lucia",LC,LCA,Castries,Castries,LC-02,quarter,,621.2,,,3,America/St_Lucia,FALSE,1662000098
"Plat Pays","Plat Pays",,13.8391,-61.0560,"Saint Lucia",LC,LCA,Soufrière,Soufriere,LC-10,quarter,,186.0,,,4,America/St_Lucia,FALSE,1662000054
"Eau Piquant","Eau Piquant",,13.7584,-60.9319,"Saint Lucia",LC,LCA,Vieux-Fort,Vieux-Fort,LC-11,district,,357.2,,,3,America/St_Lucia,FALSE,1662949092
Jalousie,Jalousie,,13.8283,-61.0599,"Saint Lucia",LC,LCA,Soufrière,Soufriere,LC-10,quarter,,186.0,,,4,America/St_Lucia,FALSE,1662261020
Balembouche,Balembouche,Balambouche,13.7575,-61.0272,"Saint Lucia",LC,LCA,Laborie,Laborie,LC-07,quarter,,179.2,,,3,America/St_Lucia,FALSE,1662379532
"La Belle Vie","La Belle Vie",,13.9338,-60.9243,"Saint Lucia",LC,LCA,Dennery,Dennery,LC-05,quarter,,179.6,,,4,America/St_Lucia,FALSE,1662000092
Rouarné,Rouarne,,13.7748,-60.9184,"Saint Lucia",LC,LCA,Micoud,Micoud,LC-08,quarter,,161.8,,,4,America/St_Lucia,FALSE,1662743793
Durandeau,Durandeau,,13.9167,-60.9833,"Saint Lucia",LC,LCA,Anse-la-Raye,Anse-la-Raye,LC-01,district,,352.5,,,3,America/St_Lucia,FALSE,1662017122
Pierrot,Pierrot,,13.7711,-60.9439,"Saint Lucia",LC,LCA,Vieux-Fort,Vieux-Fort,LC-11,district,,367.1,,,3,America/St_Lucia,FALSE,1662000115
"Au Tabor","Au Tabor",,13.9461,-61.0413,"Saint Lucia",LC,LCA,Anse-la-Raye,Anse-la-Raye,LC-01,district,,212.5,,,3,America/St_Lucia,FALSE,1662413040
L’Hermitage,L'Hermitage,,14.0167,-60.9167,"Saint Lucia",LC,LCA,Gros-Islet,Gros-Islet,LC-06,district,,319.8,,,3,America/St_Lucia,FALSE,1662028135
"Anse La Verdure","Anse La Verdure","La Verdure",13.9114,-61.0562,"Saint Lucia",LC,LCA,Canaries,Canaries,LC-12,district,,214.1,,,3,America/St_Lucia,FALSE,1662513653
Ruby,Ruby,,13.8589,-61.0496,"Saint Lucia",LC,LCA,Soufrière,Soufriere,LC-10,quarter,,186.0,,,4,America/St_Lucia,FALSE,1662113149
Patience,Patience,,13.8511,-60.9095,"Saint Lucia",LC,LCA,Micoud,Micoud,LC-08,quarter,,161.8,,,4,America/St_Lucia,FALSE,1662803353
"Anse Ger","Anse Ger",,13.7978,-60.9164,"Saint Lucia",LC,LCA,Micoud,Micoud,LC-08,quarter,,161.8,,,4,America/St_Lucia,FALSE,1662394629
Dauphin,Dauphin,,14.0331,-60.8997,"Saint Lucia",LC,LCA,Gros-Islet,Gros-Islet,LC-06,district,,319.8,,,3,America/St_Lucia,FALSE,1662112694
Etangs,Etangs,,13.8193,-61.0393,"Saint Lucia",LC,LCA,Soufrière,Soufriere,LC-10,quarter,,200.2,,,3,America/St_Lucia,FALSE,1662000063
Roblot,Roblot,,13.8022,-61.0228,"Saint Lucia",LC,LCA,Choiseul,Choiseul,LC-03,quarter,,235.0,,,3,America/St_Lucia,FALSE,1662830190
Piat,Piat,,14.0366,-60.9437,"Saint Lucia",LC,LCA,Gros-Islet,Gros-Islet,LC-06,district,,319.8,,,3,America/St_Lucia,FALSE,1662000014
"Des Rameaux","Des Rameaux",,14.0418,-60.9317,"Saint Lucia",LC,LCA,Gros-Islet,Gros-Islet,LC-06,district,,319.8,,,3,America/St_Lucia,FALSE,1662000021
"Dame de Traversay","Dame de Traversay",,13.9167,-60.9833,"Saint Lucia",LC,LCA,Anse-la-Raye,Anse-la-Raye,LC-01,district,,321.2,,,3,America/St_Lucia,FALSE,1662608908
"Pointe Sable","Pointe Sable","Point Sable",13.7500,-60.9500,"Saint Lucia",LC,LCA,Vieux-Fort,Vieux-Fort,LC-11,district,,367.1,,,3,America/St_Lucia,FALSE,1662728265
"La Croix Chaubourg","La Croix Chaubourg",,14.0123,-60.9422,"Saint Lucia",LC,LCA,Castries,Castries,LC-02,quarter,,569.3,,,3,America/St_Lucia,FALSE,1662000036
Sibieux,Sibieux,,13.8930,-61.0494,"Saint Lucia",LC,LCA,Soufrière,Soufriere,LC-10,quarter,,166.6,,,4,America/St_Lucia,FALSE,1662000008
Marigot,Marigot,,13.9644,-61.0264,"Saint Lucia",LC,LCA,Castries,Castries,LC-02,quarter,,621.2,,,3,America/St_Lucia,FALSE,1662034954
Dugard,Dugard,,13.8118,-60.9129,"Saint Lucia",LC,LCA,Micoud,Micoud,LC-08,quarter,,161.8,,,4,America/St_Lucia,FALSE,1662684593
Balata,Balata,,14.0140,-60.9560,"Saint Lucia",LC,LCA,Castries,Castries,LC-02,quarter,,551.8,,,3,America/St_Lucia,FALSE,1662735493
Troumasse,Troumasse,Thoumassé,13.8167,-60.9167,"Saint Lucia",LC,LCA,Micoud,Micoud,LC-08,quarter,,161.8,,,4,America/St_Lucia,FALSE,1662024545
"La Ressource","La Ressource",,13.9467,-60.9163,"Saint Lucia",LC,LCA,Dennery,Dennery,LC-05,quarter,,179.6,,,4,America/St_Lucia,FALSE,1662129613
Dubonnet,Dubonnet,,13.9238,-60.9327,"Saint Lucia",LC,LCA,Dennery,Dennery,LC-05,quarter,,179.6,,,4,America/St_Lucia,FALSE,1662000094
"La Borne","La Borne",,14.0479,-60.9265,"Saint Lucia",LC,LCA,Gros-Islet,Gros-Islet,LC-06,district,,319.8,,,3,America/St_Lucia,FALSE,1662556645
Mocha,Mocha,,13.8351,-61.0289,"Saint Lucia",LC,LCA,Soufrière,Soufriere,LC-10,quarter,,186.0,,,4,America/St_Lucia,FALSE,1662000058
"Morne d’Or","Morne d'Or",,13.9502,-61.0066,"Saint Lucia",LC,LCA,Castries,Castries,LC-02,quarter,,621.2,,,3,America/St_Lucia,FALSE,1662656837
"La Croix Maingot","La Croix Maingot",,13.9657,-61.0058,"Saint Lucia",LC,LCA,Castries,Castries,LC-02,quarter,,621.2,,,3,America/St_Lucia,FALSE,1662346692
"Fond Berange","Fond Berange",,13.7858,-61.0022,"Saint Lucia",LC,LCA,Laborie,Laborie,LC-07,quarter,,179.2,,,4,America/St_Lucia,FALSE,1662000083
"Mal Mason","Mal Mason",Malmaison,13.8729,-61.0483,"Saint Lucia",LC,LCA,Soufrière,Soufriere,LC-10,quarter,,186.0,,,4,America/St_Lucia,FALSE,1662000125
Dennery,Dennery,,13.9118,-60.8903,"Saint Lucia",LC,LCA,Dennery,Dennery,LC-05,quarter,,179.6,,,4,America/St_Lucia,FALSE,1662402955
Descatieres,Descatieres,,13.7667,-61.0500,"Saint Lucia",LC,LCA,Choiseul,Choiseul,LC-03,quarter,,235.1,,,3,America/St_Lucia,FALSE,1662329628
"Belle Plaine","Belle Plaine","Belle Plain",13.8273,-61.0339,"Saint Lucia",LC,LCA,Soufrière,Soufriere,LC-10,quarter,,186.0,,,4,America/St_Lucia,FALSE,1662872091
"Black Bay","Black Bay",,13.7454,-60.9768,"Saint Lucia",LC,LCA,Vieux-Fort,Vieux-Fort,LC-11,district,,366.7,,,3,America/St_Lucia,FALSE,1662713749
"Coolie Town","Coolie Town",,13.7724,-60.9680,"Saint Lucia",LC,LCA,Vieux-Fort,Vieux-Fort,LC-11,district,,367.1,,,3,America/St_Lucia,FALSE,1662000112
Giraud,Giraud,,13.7923,-61.0075,"Saint Lucia",LC,LCA,Laborie,Laborie,LC-07,quarter,,179.2,,,4,America/St_Lucia,FALSE,1662000084
"Grande Ravine","Grande Ravine",,13.9417,-60.9262,"Saint Lucia",LC,LCA,Dennery,Dennery,LC-05,quarter,,179.6,,,4,America/St_Lucia,FALSE,1662172587
Migny,Migny,,13.8388,-61.0198,"Saint Lucia",LC,LCA,Soufrière,Soufriere,LC-10,quarter,,186.0,,,4,America/St_Lucia,FALSE,1662599487
"Massade Estate","Massade Estate",,14.0798,-60.9447,"Saint Lucia",LC,LCA,Gros-Islet,Gros-Islet,LC-06,district,,319.8,,,3,America/St_Lucia,FALSE,1662000042
"Bois d’Orange","Bois d'Orange",,14.0538,-60.9666,"Saint Lucia",LC,LCA,Gros-Islet,Gros-Islet,LC-06,district,,319.8,,,3,America/St_Lucia,FALSE,1662813500
Desruisseaux,Desruisseaux,Desruisseau,13.7982,-60.9351,"Saint Lucia",LC,LCA,Micoud,Micoud,LC-08,quarter,,161.8,,,4,America/St_Lucia,FALSE,1662714846
"De Mailly","De Mailly",,13.7965,-60.9515,"Saint Lucia",LC,LCA,Micoud,Micoud,LC-08,quarter,,297.7,,,3,America/St_Lucia,FALSE,1662802272
"La Fitte","La Fitte",,13.9993,-60.9657,"Saint Lucia",LC,LCA,Castries,Castries,LC-02,quarter,,621.2,,,3,America/St_Lucia,FALSE,1662000029
Annus,Annus,,13.7729,-61.0024,"Saint Lucia",LC,LCA,Laborie,Laborie,LC-07,quarter,,179.2,,,4,America/St_Lucia,FALSE,1662953491
"Fond Lloyd","Fond Lloyd",,13.8306,-61.0412,"Saint Lucia",LC,LCA,Soufrière,Soufriere,LC-10,quarter,,186.0,,,4,America/St_Lucia,FALSE,1662000060
H’Erelle,H'Erelle,,13.7565,-60.9882,"Saint Lucia",LC,LCA,Laborie,Laborie,LC-07,quarter,,191.2,,,4,America/St_Lucia,FALSE,1662742391
Monier,Monier,,14.0234,-60.9377,"Saint Lucia",LC,LCA,Gros-Islet,Gros-Islet,LC-06,district,,324.6,,,3,America/St_Lucia,FALSE,1662701217
Ponyon,Ponyon,,13.7956,-61.0449,"Saint Lucia",LC,LCA,Choiseul,Choiseul,LC-03,quarter,,235.1,,,3,America/St_Lucia,FALSE,1662000070
"La Fille","La Fille",,13.8346,-60.9346,"Saint Lucia",LC,LCA,Micoud,Micoud,LC-08,quarter,,161.8,,,4,America/St_Lucia,FALSE,1662000108
Ticolon,Ticolon,,13.9712,-61.0030,"Saint Lucia",LC,LCA,Castries,Castries,LC-02,quarter,,621.2,,,3,America/St_Lucia,FALSE,1662000048
Boguis,Boguis,,14.0167,-60.9167,"Saint Lucia",LC,LCA,Gros-Islet,Gros-Islet,LC-06,district,,319.8,,,3,America/St_Lucia,FALSE,1662000038
"La Fargue","La Fargue","La Fague",13.7733,-61.0396,"Saint Lucia",LC,LCA,Choiseul,Choiseul,LC-03,quarter,,235.1,,,3,America/St_Lucia,FALSE,1662884961
"Sulphur Springs","Sulphur Springs",,13.8358,-61.0434,"Saint Lucia",LC,LCA,Soufrière,Soufriere,LC-10,quarter,,186.0,,,4,America/St_Lucia,FALSE,1662000056
Balca,Balca,,13.7712,-61.0226,"Saint Lucia",LC,LCA,Laborie,Laborie,LC-07,quarter,,179.2,,,4,America/St_Lucia,FALSE,1662854032
"Derrière Lagoon","Derriere Lagoon",,13.9429,-61.0157,"Saint Lucia",LC,LCA,Anse-la-Raye,Anse-la-Raye,LC-01,district,,529.5,,,3,America/St_Lucia,FALSE,1662767276
"Derrière Morne","Derriere Morne",,13.7430,-60.9609,"Saint Lucia",LC,LCA,Vieux-Fort,Vieux-Fort,LC-11,district,,367.1,,,3,America/St_Lucia,FALSE,1662023251
"La Feuillet","La Feuillet",,14.0596,-60.9413,"Saint Lucia",LC,LCA,Gros-Islet,Gros-Islet,LC-06,district,,319.8,,,3,America/St_Lucia,FALSE,1662390273
"Morne Paul","Morne Paul",,13.7690,-61.0028,"Saint Lucia",LC,LCA,Laborie,Laborie,LC-07,quarter,,179.2,,,4,America/St_Lucia,FALSE,1662754950
"Morne Saint Joseph","Morne Saint Joseph",,13.9735,-61.0058,"Saint Lucia",LC,LCA,Castries,Castries,LC-02,quarter,,621.2,,,3,America/St_Lucia,FALSE,1662000009
"Marisule Estate","Marisule Estate",,14.0455,-60.9688,"Saint Lucia",LC,LCA,Gros-Islet,Gros-Islet,LC-06,district,,319.8,,,3,America/St_Lucia,FALSE,1662892004
"Saint Urbain","Saint Urbain","Saint Urban",13.7608,-60.9439,"Saint Lucia",LC,LCA,Vieux-Fort,Vieux-Fort,LC-11,district,,367.1,,,3,America/St_Lucia,FALSE,1662079881
"La Belle Vie","La Belle Vie",,13.9910,-61.0117,"Saint Lucia",LC,LCA,Castries,Castries,LC-02,quarter,,621.2,,,3,America/St_Lucia,FALSE,1662000026
Perou,Perou,,13.9561,-61.0097,"Saint Lucia",LC,LCA,Castries,Castries,LC-02,quarter,,621.2,,,3,America/St_Lucia,FALSE,1662054998
Pélouze,Pelouze,,13.8797,-60.9097,"Saint Lucia",LC,LCA,Micoud,Micoud,LC-08,quarter,,161.8,,,4,America/St_Lucia,FALSE,1662000123
"Belle Vue","Belle Vue",,13.7913,-60.9567,"Saint Lucia",LC,LCA,Vieux-Fort,Vieux-Fort,LC-11,district,,367.1,,,3,America/St_Lucia,FALSE,1662312185
"Belle Vue","Belle Vue",,13.8073,-61.0364,"Saint Lucia",LC,LCA,Soufrière,Soufriere,LC-10,quarter,,235.1,,,3,America/St_Lucia,FALSE,1662063989
"Ravine Claire","Ravine Claire",,13.8483,-61.0281,"Saint Lucia",LC,LCA,Soufrière,Soufriere,LC-10,quarter,,186.0,,,4,America/St_Lucia,FALSE,1662000052
Mamiku,Mamiku,,13.8667,-60.9000,"Saint Lucia",LC,LCA,Micoud,Micoud,LC-08,quarter,,161.8,,,3,America/St_Lucia,FALSE,1662000102
Vigie,Vigie,,14.0214,-61.0006,"Saint Lucia",LC,LCA,Castries,Castries,LC-02,quarter,,635.0,,,3,America/St_Lucia,FALSE,1662841299
Bexon,Bexon,,13.9526,-60.9778,"Saint Lucia",LC,LCA,Castries,Castries,LC-02,quarter,,621.2,,,3,America/St_Lucia,FALSE,1662837610
"Anse Noir","Anse Noir",,13.7333,-60.9833,"Saint Lucia",LC,LCA,Laborie,Laborie,LC-07,quarter,,367.1,,,3,America/St_Lucia,FALSE,1662161657
"Old Settlement","Old Settlement",,13.8833,-60.9000,"Saint Lucia",LC,LCA,Micoud,Micoud,LC-08,quarter,,161.8,,,4,America/St_Lucia,FALSE,1662158532
Talvern,Talvern,,13.9946,-60.9435,"Saint Lucia",LC,LCA,Castries,Castries,LC-02,quarter,,621.2,,,3,America/St_Lucia,FALSE,1662000013
"En Poix Doux","En Poix Doux",,13.9910,-60.9415,"Saint Lucia",LC,LCA,Castries,Castries,LC-02,quarter,,411.8,,,3,America/St_Lucia,FALSE,1662000023
Athens,Athens,,13.9054,-60.8925,"Saint Lucia",LC,LCA,Dennery,Dennery,LC-05,quarter,,179.6,,,4,America/St_Lucia,FALSE,1662000096
Palmiste,Palmiste,,13.8574,-61.0558,"Saint Lucia",LC,LCA,Soufrière,Soufriere,LC-10,quarter,,186.0,,,4,America/St_Lucia,FALSE,1662869971
"La Tourney","La Tourney",Tourney,13.7414,-60.9583,"Saint Lucia",LC,LCA,Vieux-Fort,Vieux-Fort,LC-11,district,,367.1,,,3,America/St_Lucia,FALSE,1662410463
Ciceron,Ciceron,Cicerone,13.9901,-61.0081,"Saint Lucia",LC,LCA,Castries,Castries,LC-02,quarter,,621.2,,,3,America/St_Lucia,FALSE,1662311857
Cabiche,Cabiche,,14.0040,-60.9478,"Saint Lucia",LC,LCA,Castries,Castries,LC-02,quarter,,621.2,,,3,America/St_Lucia,FALSE,1662772494
"Saint Rémy","Saint Remy",,13.8186,-61.0449,"Saint Lucia",LC,LCA,Soufrière,Soufriere,LC-10,quarter,,192.4,,,4,America/St_Lucia,FALSE,1662000064
Babonneau,Babonneau,,14.0037,-60.9432,"Saint Lucia",LC,LCA,Castries,Castries,LC-02,quarter,,621.2,,,3,America/St_Lucia,FALSE,1662600777
Banse,Banse,,13.7837,-60.9949,"Saint Lucia",LC,LCA,Laborie,Laborie,LC-07,quarter,,179.2,,,4,America/St_Lucia,FALSE,1662170258
"Mon Repos","Mon Repos",,13.8598,-60.9022,"Saint Lucia",LC,LCA,Micoud,Micoud,LC-08,quarter,,161.8,,,4,America/St_Lucia,FALSE,1662781469
"Dernière Rivière","Derniere Riviere",,13.9538,-60.9243,"Saint Lucia",LC,LCA,Dennery,Dennery,LC-05,quarter,,179.6,,,4,America/St_Lucia,FALSE,1662543016
Desbarra,Desbarra,,13.9935,-60.9090,"Saint Lucia",LC,LCA,Gros-Islet,Gros-Islet,LC-06,district,,319.8,,,3,America/St_Lucia,FALSE,1662782128
"Morne Serpent","Morne Serpent",,14.0313,-60.9577,"Saint Lucia",LC,LCA,Gros-Islet,Gros-Islet,LC-06,district,,319.8,,,3,America/St_Lucia,FALSE,1662917704
Gentil,Gentil,,13.7693,-60.9898,"Saint Lucia",LC,LCA,Laborie,Laborie,LC-07,quarter,,179.2,,,4,America/St_Lucia,FALSE,1662279534
"Morne Panache","Morne Panache",,13.9290,-60.9337,"Saint Lucia",LC,LCA,Dennery,Dennery,LC-05,quarter,,179.6,,,4,America/St_Lucia,FALSE,1662907688
"Ravine Duval","Ravine Duval",,13.8872,-61.0429,"Saint Lucia",LC,LCA,Soufrière,Soufriere,LC-10,quarter,,184.9,,,4,America/St_Lucia,FALSE,1662000007
Mongouge,Mongouge,,13.8023,-61.0443,"Saint Lucia",LC,LCA,Choiseul,Choiseul,LC-03,quarter,,235.1,,,3,America/St_Lucia,FALSE,1662552154
"Derrière Morne","Derriere Morne",,13.8049,-61.0502,"Saint Lucia",LC,LCA,Choiseul,Choiseul,LC-03,quarter,,235.1,,,3,America/St_Lucia,FALSE,1662000068
Galba,Galba,,13.8364,-60.9392,"Saint Lucia",LC,LCA,Micoud,Micoud,LC-08,quarter,,161.8,,,4,America/St_Lucia,FALSE,1662000110
Sapphire,Sapphire,,13.7525,-61.0066,"Saint Lucia",LC,LCA,Laborie,Laborie,LC-07,quarter,,179.2,,,4,America/St_Lucia,FALSE,1662427886
Hellene,Hellene,,13.7833,-60.9167,"Saint Lucia",LC,LCA,Micoud,Micoud,LC-08,quarter,,161.8,,,4,America/St_Lucia,FALSE,1662622784
Theatiste,Theatiste,,14.0152,-60.9226,"Saint Lucia",LC,LCA,Gros-Islet,Gros-Islet,LC-06,district,,319.8,,,3,America/St_Lucia,FALSE,1662000037
Soucis,Soucis,"Sans Souci|Sans Soucis",13.9833,-61.0000,"Saint Lucia",LC,LCA,Castries,Castries,LC-02,quarter,,621.2,,,3,America/St_Lucia,FALSE,1662284133
"Fond Assor","Fond Assor",,13.9955,-60.9350,"Saint Lucia",LC,LCA,Gros-Islet,Gros-Islet,LC-06,district,,428.9,,,3,America/St_Lucia,FALSE,1662416077
Pomme,Pomme,,13.7594,-60.9807,"Saint Lucia",LC,LCA,Vieux-Fort,Vieux-Fort,LC-11,district,,366.8,,,3,America/St_Lucia,FALSE,1662197322
"Morne Doudon","Morne Doudon",,14.0099,-60.9724,"Saint Lucia",LC,LCA,Castries,Castries,LC-02,quarter,,1167.3,,,3,America/St_Lucia,FALSE,1662828360
Newfield,Newfield,,13.7840,-61.0549,"Saint Lucia",LC,LCA,Choiseul,Choiseul,LC-03,quarter,,235.1,,,3,America/St_Lucia,FALSE,1662000078
"Grand Anse","Grand Anse","Grande Anse",14.0009,-60.8994,"Saint Lucia",LC,LCA,Gros-Islet,Gros-Islet,LC-06,district,,319.8,,,3,America/St_Lucia,FALSE,1662984771
Delomel,Delomel,,13.8052,-60.9324,"Saint Lucia",LC,LCA,Micoud,Micoud,LC-08,quarter,,161.8,,,4,America/St_Lucia,FALSE,1662000121
Raveneau,Raveneau,,13.8106,-61.0458,"Saint Lucia",LC,LCA,Choiseul,Choiseul,LC-03,quarter,,224.7,,,3,America/St_Lucia,FALSE,1662000065
"Mailly Motête","Mailly Motete",,13.8179,-61.0231,"Saint Lucia",LC,LCA,Choiseul,Choiseul,LC-03,quarter,,234.0,,,3,America/St_Lucia,FALSE,1662000081
"La Caye","La Caye",,13.9324,-60.9059,"Saint Lucia",LC,LCA,Dennery,Dennery,LC-05,quarter,,179.6,,,4,America/St_Lucia,FALSE,1662000097
Belair,Belair,,13.9529,-61.0004,"Saint Lucia",LC,LCA,Castries,Castries,LC-02,quarter,,621.2,,,3,America/St_Lucia,FALSE,1662629607
"Bois Verrelle","Bois Verrelle",,14.0494,-60.9376,"Saint Lucia",LC,LCA,Gros-Islet,Gros-Islet,LC-06,district,,319.8,,,3,America/St_Lucia,FALSE,1662000020
Anbre,Anbre,,13.8302,-60.9297,"Saint Lucia",LC,LCA,Micoud,Micoud,LC-08,quarter,,161.8,,,4,America/St_Lucia,FALSE,1662728934
Blanchard,Blanchard,,13.8061,-60.9463,"Saint Lucia",LC,LCA,Micoud,Micoud,LC-08,quarter,,161.8,,,4,America/St_Lucia,FALSE,1662839754
Resinard,Resinard,,13.9998,-60.9410,"Saint Lucia",LC,LCA,Castries,Castries,LC-02,quarter,,428.9,,,3,America/St_Lucia,FALSE,1662626627
Monzie,Monzie,,13.8086,-61.0220,"Saint Lucia",LC,LCA,Choiseul,Choiseul,LC-03,quarter,,235.1,,,3,America/St_Lucia,FALSE,1662000075
"Jean Baptiste","Jean Baptiste",,13.9479,-61.0142,"Saint Lucia",LC,LCA,Castries,Castries,LC-02,quarter,,529.5,,,3,America/St_Lucia,FALSE,1662377622
Jacmel,Jacmel,,13.9495,-61.0148,"Saint Lucia",LC,LCA,Castries,Castries,LC-02,quarter,,529.5,,,3,America/St_Lucia,FALSE,1662000050
"Savannes Estate","Savannes Estate",Savannes,13.7691,-60.9298,"Saint Lucia",LC,LCA,Micoud,Micoud,LC-08,quarter,,211.3,,,3,America/St_Lucia,FALSE,1662263870
Lamaze,Lamaze,,13.8061,-61.0198,"Saint Lucia",LC,LCA,Choiseul,Choiseul,LC-03,quarter,,235.0,,,3,America/St_Lucia,FALSE,1662000076
"La Gare","La Gare",,14.0214,-60.9283,"Saint Lucia",LC,LCA,Gros-Islet,Gros-Islet,LC-06,district,,319.8,,,3,America/St_Lucia,FALSE,1662000034
Fiette,Fiette,,13.7946,-61.0535,"Saint Lucia",LC,LCA,Choiseul,Choiseul,LC-03,quarter,,235.1,,,3,America/St_Lucia,FALSE,1662332538
Savannes,Savannes,,13.7741,-60.9396,"Saint Lucia",LC,LCA,Vieux-Fort,Vieux-Fort,LC-11,district,,362.8,,,3,America/St_Lucia,FALSE,1662537954
Mavay,Mavay,,13.8092,-61.0329,"Saint Lucia",LC,LCA,Choiseul,Choiseul,LC-03,quarter,,235.1,,,3,America/St_Lucia,FALSE,1662000074
Londonderry,Londonderry,,13.7801,-61.0069,"Saint Lucia",LC,LCA,Laborie,Laborie,LC-07,quarter,,179.2,,,4,America/St_Lucia,FALSE,1662538186
"Morne Sion","Morne Sion",,13.7871,-61.0564,"Saint Lucia",LC,LCA,Choiseul,Choiseul,LC-03,quarter,,235.1,,,3,America/St_Lucia,FALSE,1662452716
Mahaut,Mahaut,,13.8913,-61.0696,"Saint Lucia",LC,LCA,Soufrière,Soufriere,LC-10,quarter,,186.0,,,4,America/St_Lucia,FALSE,1662433574
Cantonement,Cantonement,,13.7526,-60.9753,"Saint Lucia",LC,LCA,Vieux-Fort,Vieux-Fort,LC-11,district,,362.3,,,3,America/St_Lucia,FALSE,1662934579
"La Point","La Point","La Pointe",13.9833,-61.0333,"Saint Lucia",LC,LCA,Castries,Castries,LC-02,quarter,,621.2,,,3,America/St_Lucia,FALSE,1662511415
"Fond Cannie","Fond Cannie",,13.9927,-60.9588,"Saint Lucia",LC,LCA,Castries,Castries,LC-02,quarter,,621.2,,,3,America/St_Lucia,FALSE,1662000030
Grace,Grace,,13.7816,-60.9686,"Saint Lucia",LC,LCA,Vieux-Fort,Vieux-Fort,LC-11,district,,367.1,,,3,America/St_Lucia,FALSE,1662443729
"Grande Rivière","Grande Riviere",,13.9326,-60.9339,"Saint Lucia",LC,LCA,Dennery,Dennery,LC-05,quarter,,179.6,,,4,America/St_Lucia,FALSE,1662188535
"Grande Rivière","Grande Riviere",,14.0325,-60.9533,"Saint Lucia",LC,LCA,Gros-Islet,Gros-Islet,LC-06,district,,319.8,,,3,America/St_Lucia,FALSE,1662000032
Belfond,Belfond,,13.8280,-61.0410,"Saint Lucia",LC,LCA,Soufrière,Soufriere,LC-10,quarter,,186.0,,,4,America/St_Lucia,FALSE,1662000061
Dacretin,Dacretin,,13.8003,-61.0378,"Saint Lucia",LC,LCA,Choiseul,Choiseul,LC-03,quarter,,235.1,,,3,America/St_Lucia,FALSE,1662000072
"Bosquet d’Or","Bosquet d'Or",,13.9325,-60.9142,"Saint Lucia",LC,LCA,Dennery,Dennery,LC-05,quarter,,179.6,,,4,America/St_Lucia,FALSE,1662225254
Gertrine,Gertrine,,13.7839,-61.0076,"Saint Lucia",LC,LCA,Laborie,Laborie,LC-07,quarter,,179.2,,,4,America/St_Lucia,FALSE,1662000085
Miné,Mine,,13.8742,-60.9110,"Saint Lucia",LC,LCA,Micoud,Micoud,LC-08,quarter,,161.8,,,4,America/St_Lucia,FALSE,1662000124
Beauséjour,Beausejour,,13.8187,-61.0647,"Saint Lucia",LC,LCA,Soufrière,Soufriere,LC-10,quarter,,186.0,,,4,America/St_Lucia,FALSE,1662398658
Massacré,Massacre,Massacre,13.9501,-61.0369,"Saint Lucia",LC,LCA,Anse-la-Raye,Anse-la-Raye,LC-01,district,,212.5,,,3,America/St_Lucia,FALSE,1662456567
Floissac,Floissac,,13.9599,-60.9620,"Saint Lucia",LC,LCA,Castries,Castries,LC-02,quarter,,621.2,,,3,America/St_Lucia,FALSE,1662074583
Despinoze,Despinoze,,13.9491,-60.9112,"Saint Lucia",LC,LCA,Dennery,Dennery,LC-05,quarter,,179.6,,,4,America/St_Lucia,FALSE,1662522178
L’Ivrogne,L'Ivrogne,Yvrogne,13.8006,-61.0670,"Saint Lucia",LC,LCA,Soufrière,Soufriere,LC-10,quarter,,186.0,,,4,America/St_Lucia,FALSE,1662759294
Theodorine,Theodorine,,13.9259,-61.0478,"Saint Lucia",LC,LCA,Canaries,Canaries,LC-12,district,,212.9,,,3,America/St_Lucia,FALSE,1662386383
"Fond Cacao","Fond Cacao",,13.9962,-60.9509,"Saint Lucia",LC,LCA,Castries,Castries,LC-02,quarter,,621.2,,,3,America/St_Lucia,FALSE,1662000022
"Marigot Bay","Marigot Bay",,13.9638,-61.0260,"Saint Lucia",LC,LCA,Castries,Castries,LC-02,quarter,,609.5,,,3,America/St_Lucia,FALSE,1662974787
"Caille Des","Caille Des",,13.9822,-60.8898,"Saint Lucia",LC,LCA,Gros-Islet,Gros-Islet,LC-06,district,,319.8,,,3,America/St_Lucia,FALSE,1662000011
Almondale,Almondale,,14.0178,-60.9624,"Saint Lucia",LC,LCA,Castries,Castries,LC-02,quarter,,589.6,,,3,America/St_Lucia,FALSE,1662000041
"La Retraite","La Retraite",,13.7568,-60.9668,"Saint Lucia",LC,LCA,Vieux-Fort,Vieux-Fort,LC-11,district,,367.1,,,3,America/St_Lucia,FALSE,1662519260
Guesneau,Guesneau,,13.9909,-60.9632,"Saint Lucia",LC,LCA,Castries,Castries,LC-02,quarter,,621.2,,,3,America/St_Lucia,FALSE,1662279019
Saphire,Saphire,,13.8487,-61.0473,"Saint Lucia",LC,LCA,Soufrière,Soufriere,LC-10,quarter,,186.0,,,4,America/St_Lucia,FALSE,1662000053
Bongalo,Bongalo,,13.7500,-61.0167,"Saint Lucia",LC,LCA,Laborie,Laborie,LC-07,quarter,,179.8,,,3,America/St_Lucia,FALSE,1662833627
Diamond,Diamond,,13.8513,-61.0468,"Saint Lucia",LC,LCA,Soufrière,Soufriere,LC-10,quarter,,186.0,,,4,America/St_Lucia,FALSE,1662758085
"Saint Phillip","Saint Phillip",,13.8398,-61.0299,"Saint Lucia",LC,LCA,Soufrière,Soufriere,LC-10,quarter,,186.0,,,4,America/St_Lucia,FALSE,1662892038
Praslin,Praslin,,13.8748,-60.8986,"Saint Lucia",LC,LCA,Micoud,Micoud,LC-08,quarter,,161.8,,,4,America/St_Lucia,FALSE,1662398847
Mahaut,Mahaut,,13.8435,-60.9595,"Saint Lucia",LC,LCA,Micoud,Micoud,LC-08,quarter,,161.8,,,4,America/St_Lucia,FALSE,1662571864
"Morne Caillandre","Morne Caillandre",,13.7743,-60.9470,"Saint Lucia",LC,LCA,Vieux-Fort,Vieux-Fort,LC-11,district,,367.1,,,3,America/St_Lucia,FALSE,1662252956
D’Aubaigon,D'Aubaigon,,13.8333,-60.9167,"Saint Lucia",LC,LCA,Micoud,Micoud,LC-08,quarter,,161.8,,,4,America/St_Lucia,FALSE,1662145284
Coolietown,Coolietown,,13.9580,-61.0140,"Saint Lucia",LC,LCA,Castries,Castries,LC-02,quarter,,621.2,,,3,America/St_Lucia,FALSE,1662000005
