city,city_ascii,city_alt,lat,lng,country,iso2,iso3,admin_name,admin_name_ascii,admin_code,admin_type,capital,density,population,population_proper,ranking,timezone,same_name,id
Apia,Apia,,-13.8333,-171.7500,Samoa,WS,WSM,Tuamasaga,Tuamasaga,WS-TU,district,primary,304.6,37708,37708,1,Pacific/Apia,FALSE,1882489296
Vaitele,Vaitele,"Vaitele Plantation",-13.8306,-171.7986,Samoa,WS,WSM,Gaga‘emauga,Gaga'emauga,WS-GE,district,,676.4,7972,7972,3,Pacific/Apia,FALSE,1882325572
Faleasiu,Faleasiu,,-13.8072,-171.9283,Samoa,WS,WSM,A‘ana,A'ana,WS-AA,district,,201.9,4177,4177,3,Pacific/Apia,FALSE,1882618537
Saleimoa,Saleimoa,,-13.7983,-171.8818,Samoa,WS,WSM,A‘ana,A'ana,WS-AA,district,,200.4,3816,3816,3,Pacific/Apia,FALSE,1882290813
Leauva‘a,Leauva`a,,-13.8000,-171.8719,Samoa,WS,WSM,A‘ana,A'ana,WS-AA,district,,627.7,3274,3274,3,Pacific/Apia,FALSE,1882665920
Vailele,Vailele,,-13.8489,-171.7269,Samoa,WS,WSM,Tuamasaga,Tuamasaga,WS-TU,district,,247.9,2869,2869,3,Pacific/Apia,FALSE,1882258394
Vaiusu,Vaiusu,Vaiasa,-13.8306,-171.7986,Samoa,WS,WSM,Gaga‘emauga,Gaga'emauga,WS-GE,district,,676.4,2686,2686,3,Pacific/Apia,FALSE,1882688157
Siusega,Siusega,,-13.8317,-171.8217,Samoa,WS,WSM,Tuamasaga,Tuamasaga,WS-TU,district,,676.4,2618,2618,3,Pacific/Apia,FALSE,1882151568
Vaimoso,Vaimoso,,-13.8333,-171.7500,Samoa,WS,WSM,Tuamasaga,Tuamasaga,WS-TU,district,,443.7,2465,2465,3,Pacific/Apia,FALSE,1882746062
Nofoali‘i,Nofoali`i,,-13.8167,-171.9667,Samoa,WS,WSM,A‘ana,A'ana,WS-AA,district,,233.9,2018,2018,3,Pacific/Apia,FALSE,1882786447
Afega,Afega,Afenga,-13.8019,-171.8217,Samoa,WS,WSM,Tuamasaga,Tuamasaga,WS-TU,district,admin,421.2,1998,1998,2,Pacific/Apia,FALSE,1882284139
Satapuala,Satapuala,,-13.8342,-172.0078,Samoa,WS,WSM,A‘ana,A'ana,WS-AA,district,,140.2,1963,1963,4,Pacific/Apia,FALSE,1882919443
Solosolo,Solosolo,,-13.8739,-171.6406,Samoa,WS,WSM,Atua,Atua,WS-AT,district,,51.6,1851,1851,4,Pacific/Apia,FALSE,1882533649
Falefa,Falefa,Naneivi|Sagapolu|Sanonu|Falifa,-13.8833,-171.5500,Samoa,WS,WSM,Atua,Atua,WS-AT,district,,103.5,1563,1563,4,Pacific/Apia,FALSE,1882055527
Tuana‘i,Tuana`i,,-13.8000,-171.8667,Samoa,WS,WSM,A‘ana,A'ana,WS-AA,district,,532.4,1407,1407,3,Pacific/Apia,FALSE,1882101893
Safotu,Safotu,,-13.4528,-172.4036,Samoa,WS,WSM,Gagaifomauga,Gagaifomauga,WS-GI,district,admin,33.3,1270,1270,2,Pacific/Apia,FALSE,1882879383
Leulumoega,Leulumoega,Leulumoenga,-13.8167,-171.9167,Samoa,WS,WSM,A‘ana,A'ana,WS-AA,district,admin,233.9,1184,1184,2,Pacific/Apia,FALSE,1882782502
Asau,Asau,,-13.5194,-172.6372,Samoa,WS,WSM,Vaisigano,Vaisigano,WS-VS,district,admin,34.7,1133,1133,2,Pacific/Apia,FALSE,1882504626
Sili,Sili,,-13.7561,-172.3778,Samoa,WS,WSM,Palauli,Palauli,WS-PA,district,,14.6,1071,1071,4,Pacific/Apia,FALSE,1882914220
Vaiala,Vaiala,,-13.8489,-171.7269,Samoa,WS,WSM,Tuamasaga,Tuamasaga,WS-TU,district,,368.9,972,972,3,Pacific/Apia,FALSE,1882310276
Lotofaga,Lotofaga,Lotofanga|Lotofago,-14.0428,-171.5697,Samoa,WS,WSM,Atua,Atua,WS-AT,district,,46.0,971,971,4,Pacific/Apia,FALSE,1882203243
Lufilufi,Lufilufi,,-13.8500,-171.5833,Samoa,WS,WSM,Atua,Atua,WS-AT,district,admin,92.1,949,949,2,Pacific/Apia,FALSE,1882092632
Sapapali’i,Sapapali'i,,-13.6892,-172.1864,Samoa,WS,WSM,Fa‘asaleleaga,Fa'asaleleaga,WS-FA,district,,61.6,896,896,4,Pacific/Apia,FALSE,1882106129
Safune,Safune,,-13.4707,-172.4245,Samoa,WS,WSM,Gagaifomauga,Gagaifomauga,WS-GI,district,,35.4,786,786,4,Pacific/Apia,FALSE,1882744890
Vailoa,Vailoa,,-13.7558,-172.3064,Samoa,WS,WSM,Palauli,Palauli,WS-PA,district,admin,33.2,784,784,2,Pacific/Apia,FALSE,1882047846
Vailima,Vailima,,-13.8598,-171.7593,Samoa,WS,WSM,Tuamasaga,Tuamasaga,WS-TU,district,,368.9,769,769,3,Pacific/Apia,FALSE,1882431652
Lalomanu,Lalomanu,,-14.0453,-171.4408,Samoa,WS,WSM,Atua,Atua,WS-AT,district,,96.6,712,712,4,Pacific/Apia,FALSE,1882384289
Patamea,Patamea,,-13.4833,-172.2667,Samoa,WS,WSM,Gaga‘emauga,Gaga'emauga,WS-GE,district,,19.4,649,649,4,Pacific/Apia,FALSE,1882282002
Sagone,Sagone,,-13.6500,-172.5833,Samoa,WS,WSM,Satupa‘itea,Satupa'itea,WS-SA,district,,34.8,625,625,4,Pacific/Apia,FALSE,1882312331
Lepea,Lepea,,-13.8333,-171.7833,Samoa,WS,WSM,Tuamasaga,Tuamasaga,WS-TU,district,,515.0,606,606,3,Pacific/Apia,FALSE,1882795598
Saleaula,Saleaula,Sale’aula,-13.4501,-172.3335,Samoa,WS,WSM,Gaga‘emauga,Gaga'emauga,WS-GE,district,admin,13.1,600,600,2,Pacific/Apia,FALSE,1882605280
Sasina,Sasina,,-13.4500,-172.4333,Samoa,WS,WSM,Gagaifomauga,Gagaifomauga,WS-GI,district,,4.9,568,568,4,Pacific/Apia,FALSE,1882564644
Faleālupo,Falealupo,Vaotupua,-13.5000,-172.8000,Samoa,WS,WSM,Vaisigano,Vaisigano,WS-VS,district,,45.5,545,545,4,Pacific/Apia,FALSE,1882087735
Auala,Auala,Amvalea,-13.5150,-172.6528,Samoa,WS,WSM,Vaisigano,Vaisigano,WS-VS,district,,34.7,507,507,4,Pacific/Apia,FALSE,1882094138
Lefagaoali’i,Lefagaoali'i,,-13.4669,-172.4211,Samoa,WS,WSM,Gagaifomauga,Gagaifomauga,WS-GI,district,,35.4,485,485,4,Pacific/Apia,FALSE,1882168531
Vaisala,Vaisala,,-13.5092,-172.6667,Samoa,WS,WSM,Vaisigano,Vaisigano,WS-VS,district,,43.8,465,465,4,Pacific/Apia,FALSE,1882459693
Falelima,Falelima,,-13.5681,-172.7364,Samoa,WS,WSM,Vaisigano,Vaisigano,WS-VS,district,,38.9,412,412,4,Pacific/Apia,FALSE,1882352948
Aopo,Aopo,,-13.4833,-172.5000,Samoa,WS,WSM,Gagaifomauga,Gagaifomauga,WS-GI,district,,4.9,383,383,4,Pacific/Apia,FALSE,1882503358
Fagamalo,Fagamalo,,-13.4333,-172.3500,Samoa,WS,WSM,Gaga‘emauga,Gaga'emauga,WS-GE,district,,29.4,383,383,4,Pacific/Apia,FALSE,1882619778
Faletagaloa,Faletagaloa,,-13.4667,-172.4333,Samoa,WS,WSM,Gagaifomauga,Gagaifomauga,WS-GI,district,,35.4,378,378,4,Pacific/Apia,FALSE,1882633561
Saumaga,Saumaga,,-13.4585,-172.4147,Samoa,WS,WSM,Gagaifomauga,Gagaifomauga,WS-GI,district,,34.3,373,373,4,Pacific/Apia,FALSE,1882341215
Eva,Eva,,-13.8794,-171.6294,Samoa,WS,WSM,Atua,Atua,WS-AT,district,,51.6,273,273,4,Pacific/Apia,FALSE,1882271893
Asaga,Asaga,,-13.5989,-172.2047,Samoa,WS,WSM,Fa‘asaleleaga,Fa'asaleleaga,WS-FA,district,,15.5,269,269,4,Pacific/Apia,FALSE,1882589783
Sato’alepai,Sato'alepai,,-13.4434,-172.3477,Samoa,WS,WSM,Gaga‘emauga,Gaga'emauga,WS-GE,district,,29.4,263,263,4,Pacific/Apia,FALSE,1882654498
Uafato,Uafato,Atoe,-13.9207,-171.4245,Samoa,WS,WSM,Va‘a-o-Fonoti,Va'a-o-Fonoti,WS-VF,district,,39.9,254,254,4,Pacific/Apia,FALSE,1882390615
Fogatuli,Fogatuli,,-13.6167,-172.6167,Samoa,WS,WSM,Satupa‘itea,Satupa'itea,WS-SA,district,,34.8,251,251,4,Pacific/Apia,FALSE,1882226172
Ulutogia,Ulutogia,,-14.0453,-171.4408,Samoa,WS,WSM,Atua,Atua,WS-AT,district,,96.6,202,202,4,Pacific/Apia,FALSE,1882619987
Fagaee,Fagaee,,-13.4687,-172.4408,Samoa,WS,WSM,Gagaifomauga,Gagaifomauga,WS-GI,district,,26.2,200,200,4,Pacific/Apia,FALSE,1882866125
Tuasivi,Tuasivi,Tuasavi,-13.6669,-172.1774,Samoa,WS,WSM,Fa‘asaleleaga,Fa'asaleleaga,WS-FA,district,,61.6,193,193,4,Pacific/Apia,FALSE,1882481293
Lepā,Lepa,,-14.0333,-171.5167,Samoa,WS,WSM,Atua,Atua,WS-AT,district,,45.9,166,166,4,Pacific/Apia,FALSE,1882065817
Mauga,Mauga,,-13.4756,-172.3156,Samoa,WS,WSM,Gaga‘emauga,Gaga'emauga,WS-GE,district,,19.4,162,162,4,Pacific/Apia,FALSE,1882000000
Manase,Manase,,-13.4467,-172.3794,Samoa,WS,WSM,Gagaifomauga,Gagaifomauga,WS-GI,district,,33.3,123,123,4,Pacific/Apia,FALSE,1882326080
Samamea,Samamea,Spitzerberg,-13.9333,-171.5333,Samoa,WS,WSM,Va‘a-o-Fonoti,Va'a-o-Fonoti,WS-VF,district,admin,39.9,45,45,2,Pacific/Apia,FALSE,1882468874
Moto‘otua,Moto`otua,,-13.8461,-171.7630,Samoa,WS,WSM,Tuamasaga,Tuamasaga,WS-TU,district,,368.9,,,3,Pacific/Apia,FALSE,1882839846
Falevao,Falevao,,-13.9207,-171.5866,Samoa,WS,WSM,Atua,Atua,WS-AT,district,,103.9,,,4,Pacific/Apia,FALSE,1882501746
Vaito‘omuli,Vaito`omuli,,-13.7500,-172.3000,Samoa,WS,WSM,Palauli,Palauli,WS-PA,district,,33.2,,,4,Pacific/Apia,FALSE,1882179290
Avao,Avao,,-13.4500,-172.3667,Samoa,WS,WSM,Gaga‘emauga,Gaga'emauga,WS-GE,district,,29.4,,,4,Pacific/Apia,FALSE,1882888087
"Le Piu Uta","Le Piu Uta",,-13.4636,-172.3814,Samoa,WS,WSM,Gagaifomauga,Gagaifomauga,WS-GI,district,,33.1,,,4,Pacific/Apia,FALSE,1882783686
Lalomalava,Lalomalava,,-13.7017,-172.2008,Samoa,WS,WSM,Fa‘asaleleaga,Fa'asaleleaga,WS-FA,district,,84.4,,,4,Pacific/Apia,FALSE,1882447053
Solaua,Solaua,"Solaua Plantation",-13.9323,-171.6297,Samoa,WS,WSM,Atua,Atua,WS-AT,district,,58.7,,,4,Pacific/Apia,FALSE,1882788851
Tafue,Tafue,,-13.8431,-171.9251,Samoa,WS,WSM,A‘ana,A'ana,WS-AA,district,,201.9,,,3,Pacific/Apia,FALSE,1882604662
Lalovaea,Lalovaea,,-13.8411,-171.7717,Samoa,WS,WSM,Tuamasaga,Tuamasaga,WS-TU,district,,368.9,,,3,Pacific/Apia,FALSE,1882509689
Sala’ilua,Sala'ilua,Salealua,-13.7163,-172.5952,Samoa,WS,WSM,Palauli,Palauli,WS-PA,district,,15.9,,,4,Pacific/Apia,FALSE,1882870890
Faleu,Faleu,,-13.8667,-172.1000,Samoa,WS,WSM,Aiga-i-le-Tai,Aiga-i-le-Tai,WS-AL,district,,230.9,,,3,Pacific/Apia,FALSE,1882223858
Fasito‘outa,Fasito`outa,Fasitouta,-13.8120,-171.9410,Samoa,WS,WSM,A‘ana,A'ana,WS-AA,district,,201.9,,,3,Pacific/Apia,FALSE,1882830243
Nuu,Nuu,,-13.8249,-171.8332,Samoa,WS,WSM,Tuamasaga,Tuamasaga,WS-TU,district,,221.4,,,3,Pacific/Apia,FALSE,1882453960
Letogo,Letogo,Letongo,-13.8525,-171.7217,Samoa,WS,WSM,Tuamasaga,Tuamasaga,WS-TU,district,,247.9,,,3,Pacific/Apia,FALSE,1882809784
Malaela,Malaela,,-14.0207,-171.4253,Samoa,WS,WSM,Atua,Atua,WS-AT,district,,66.1,,,4,Pacific/Apia,FALSE,1882285081
Falealupo-uta,Falealupo-uta,,-13.5398,-172.7347,Samoa,WS,WSM,Vaisigano,Vaisigano,WS-VS,district,,45.6,,,4,Pacific/Apia,FALSE,1882947447
Safa’atoa,Safa'atoa,,-13.9500,-171.9667,Samoa,WS,WSM,A‘ana,A'ana,WS-AA,district,,55.3,,,4,Pacific/Apia,FALSE,1882659187
Mutiatele,Mutiatele,Muliatele,-14.0151,-171.4251,Samoa,WS,WSM,Atua,Atua,WS-AT,district,,66.1,,,4,Pacific/Apia,FALSE,1882088138
Nefunefu,Nefunefu,,-13.9120,-172.0204,Samoa,WS,WSM,A‘ana,A'ana,WS-AA,district,,77.0,,,4,Pacific/Apia,FALSE,1882356559
Tulaele,Tulaele,"Tulaele Farm",-13.8378,-171.7901,Samoa,WS,WSM,Tuamasaga,Tuamasaga,WS-TU,district,,515.0,,,3,Pacific/Apia,FALSE,1882573569
Fogasavai’i,Fogasavai'i,,-13.6833,-172.6333,Samoa,WS,WSM,Satupa‘itea,Satupa'itea,WS-SA,district,,34.8,,,4,Pacific/Apia,FALSE,1882666767
Tapueleele,Tapueleele,,-13.6500,-172.2333,Samoa,WS,WSM,Fa‘asaleleaga,Fa'asaleleaga,WS-FA,district,,63.1,,,4,Pacific/Apia,FALSE,1882875557
Gagaemalae,Gagaemalae,,-13.7103,-172.5983,Samoa,WS,WSM,Palauli,Palauli,WS-PA,district,,15.9,,,4,Pacific/Apia,FALSE,1882365357
Fatausi,Fatausi,,-13.6765,-172.1788,Samoa,WS,WSM,Fa‘asaleleaga,Fa'asaleleaga,WS-FA,district,,61.6,,,4,Pacific/Apia,FALSE,1882364216
Satavae,Satavae,,-13.8167,-171.9667,Samoa,WS,WSM,A‘ana,A'ana,WS-AA,district,,233.9,,,3,Pacific/Apia,FALSE,1882881348
Salepou‘a‘e,Salepou`a`e,,-13.8036,-171.8943,Samoa,WS,WSM,A‘ana,A'ana,WS-AA,district,,200.4,,,3,Pacific/Apia,FALSE,1882998348
Namoa,Namoa,,-14.0167,-171.8000,Samoa,WS,WSM,Tuamasaga,Tuamasaga,WS-TU,district,,45.5,,,4,Pacific/Apia,FALSE,1882128159
Faleolo,Faleolo,,-13.4833,-172.7833,Samoa,WS,WSM,Vaisigano,Vaisigano,WS-VS,district,,45.5,,,4,Pacific/Apia,FALSE,1882181243
Satui,Satui,,-13.8146,-171.9449,Samoa,WS,WSM,A‘ana,A'ana,WS-AA,district,,201.9,,,3,Pacific/Apia,FALSE,1882120046
Sataua,Sataua,,-13.5178,-172.6956,Samoa,WS,WSM,Vaisigano,Vaisigano,WS-VS,district,,64.1,,,4,Pacific/Apia,FALSE,1882163145
Faleolo,Faleolo,,-13.8346,-171.9922,Samoa,WS,WSM,Aiga-i-le-Tai,Aiga-i-le-Tai,WS-AL,district,,140.2,,,4,Pacific/Apia,FALSE,1882409935
Sa’aga,Sa'aga,,-14.0284,-171.7717,Samoa,WS,WSM,Tuamasaga,Tuamasaga,WS-TU,district,,31.3,,,4,Pacific/Apia,FALSE,1882852271
Falepouma‘a,Falepouma`a,,-13.9167,-171.7000,Samoa,WS,WSM,Tuamasaga,Tuamasaga,WS-TU,district,,51.6,,,4,Pacific/Apia,FALSE,1882304816
Afiamalu,Afiamalu,,-13.9167,-171.7833,Samoa,WS,WSM,Tuamasaga,Tuamasaga,WS-TU,district,,368.9,,,3,Pacific/Apia,FALSE,1882516686
Vavau,Vavau,,-14.0167,-171.4833,Samoa,WS,WSM,Atua,Atua,WS-AT,district,,45.9,,,4,Pacific/Apia,FALSE,1882397758
Safotulafai,Safotulafai,Safotulafei|Safatulafei,-13.6817,-172.1850,Samoa,WS,WSM,Fa‘asaleleaga,Fa'asaleleaga,WS-FA,district,admin,61.6,,,2,Pacific/Apia,FALSE,1882524892
Salelavalu-uta,Salelavalu-uta,Salelavalu,-13.7202,-172.2043,Samoa,WS,WSM,Fa‘asaleleaga,Fa'asaleleaga,WS-FA,district,,84.4,,,4,Pacific/Apia,FALSE,1882355404
Ili’ili,Ili'ili,,-14.0323,-171.7041,Samoa,WS,WSM,Tuamasaga,Tuamasaga,WS-TU,district,,34.3,,,4,Pacific/Apia,FALSE,1882145336
Puipa’a,Puipa'a,"Pui Pau",-13.8032,-171.8185,Samoa,WS,WSM,Tuamasaga,Tuamasaga,WS-TU,district,,448.7,,,3,Pacific/Apia,FALSE,1882076082
Falemoa,Falemoa,,-13.8434,-172.1175,Samoa,WS,WSM,A‘ana,A'ana,WS-AA,district,,230.9,,,3,Pacific/Apia,FALSE,1882094161
Tanuoa,Tanuoa,,-13.8000,-171.9000,Samoa,WS,WSM,A‘ana,A'ana,WS-AA,district,,200.4,,,3,Pacific/Apia,FALSE,1882214290
Lanafala,Lanafala,,-13.9000,-171.7500,Samoa,WS,WSM,Tuamasaga,Tuamasaga,WS-TU,district,,343.5,,,3,Pacific/Apia,FALSE,1882839540
Vaivase,Vaivase,,-13.8452,-171.7467,Samoa,WS,WSM,Tuamasaga,Tuamasaga,WS-TU,district,,357.8,,,3,Pacific/Apia,FALSE,1882172351
Lano,Lano,Lauo,-13.6130,-172.2010,Samoa,WS,WSM,Fa‘asaleleaga,Fa'asaleleaga,WS-FA,district,,15.5,,,4,Pacific/Apia,FALSE,1882968358
Niusuatia,Niusuatia,,-13.9843,-171.8386,Samoa,WS,WSM,Tuamasaga,Tuamasaga,WS-TU,district,,50.9,,,4,Pacific/Apia,FALSE,1882150580
Siu’faga,Siu'faga,,-13.9069,-172.0392,Samoa,WS,WSM,Aiga-i-le-Tai,Aiga-i-le-Tai,WS-AL,district,,77.0,,,4,Pacific/Apia,FALSE,1882754754
Salani,Salani,,-14.0342,-171.6083,Samoa,WS,WSM,Atua,Atua,WS-AT,district,,34.3,,,4,Pacific/Apia,FALSE,1882945987
Vaiālua,Vaialua,,-13.8185,-171.9556,Samoa,WS,WSM,A‘ana,A'ana,WS-AA,district,,233.6,,,3,Pacific/Apia,FALSE,1882627429
Papalaulelei,Papalaulelei,,-13.5532,-172.2388,Samoa,WS,WSM,Gaga‘emauga,Gaga'emauga,WS-GE,district,,16.6,,,4,Pacific/Apia,FALSE,1882145721
Pesega,Pesega,,-13.8333,-171.7833,Samoa,WS,WSM,Tuamasaga,Tuamasaga,WS-TU,district,,515.0,,,3,Pacific/Apia,FALSE,1882668710
Toamua,Toamua,Tuamua,-13.8078,-171.8121,Samoa,WS,WSM,Gaga‘emauga,Gaga'emauga,WS-GE,district,,676.4,,,3,Pacific/Apia,FALSE,1882915984
Salamumu,Salamumu,,-13.9981,-171.9219,Samoa,WS,WSM,A‘ana,A'ana,WS-AA,district,,50.2,,,4,Pacific/Apia,FALSE,1882824669
Faleatiu,Faleatiu,,-13.8296,-171.9776,Samoa,WS,WSM,A‘ana,A'ana,WS-AA,district,,140.2,,,4,Pacific/Apia,FALSE,1882379798
Pagai,Pagai,,-13.8474,-172.1037,Samoa,WS,WSM,Aiga-i-le-Tai,Aiga-i-le-Tai,WS-AL,district,,230.9,,,3,Pacific/Apia,FALSE,1882254195
Nuu,Nuu,,-13.7667,-172.4333,Samoa,WS,WSM,Palauli,Palauli,WS-PA,district,,14.6,,,4,Pacific/Apia,FALSE,1882793534
Saleilua,Saleilua,,-14.0288,-171.6984,Samoa,WS,WSM,Tuamasaga,Tuamasaga,WS-TU,district,,34.3,,,4,Pacific/Apia,FALSE,1882375147
Sapunaoa,Sapunaoa,,-14.0373,-171.6270,Samoa,WS,WSM,Atua,Atua,WS-AT,district,,34.3,,,4,Pacific/Apia,FALSE,1882016690
Faga,Faga,,-13.6438,-172.1894,Samoa,WS,WSM,Fa‘asaleleaga,Fa'asaleleaga,WS-FA,district,,80.4,,,4,Pacific/Apia,FALSE,1882302960
Satuimalufilufi,Satuimalufilufi,,-13.8568,-172.0601,Samoa,WS,WSM,A‘ana,A'ana,WS-AA,district,,145.0,,,4,Pacific/Apia,FALSE,1882836879
Masalaolao,Masalaolao,,-13.7743,-172.4452,Samoa,WS,WSM,Palauli,Palauli,WS-PA,district,,14.6,,,4,Pacific/Apia,FALSE,1882250746
Fagafau,Fagafau,,-13.5833,-172.6500,Samoa,WS,WSM,Satupa‘itea,Satupa'itea,WS-SA,district,,34.8,,,4,Pacific/Apia,FALSE,1882321863
Sinamoga,Sinamoga,,-13.8508,-171.7792,Samoa,WS,WSM,Tuamasaga,Tuamasaga,WS-TU,district,,443.3,,,3,Pacific/Apia,FALSE,1882588512
Palapala,Palapala,,-13.7274,-172.5748,Samoa,WS,WSM,Palauli,Palauli,WS-PA,district,,15.9,,,4,Pacific/Apia,FALSE,1882845582
Vaipouli,Vaipouli,,-13.4645,-172.3688,Samoa,WS,WSM,Gagaifomauga,Gagaifomauga,WS-GI,district,,29.5,,,4,Pacific/Apia,FALSE,1882439909
Togitogiga,Togitogiga,,-14.0168,-171.7210,Samoa,WS,WSM,Tuamasaga,Tuamasaga,WS-TU,district,,34.0,,,4,Pacific/Apia,FALSE,1882570790
Ululoloa,Ululoloa,,-13.8568,-171.8105,Samoa,WS,WSM,Gaga‘emauga,Gaga'emauga,WS-GE,district,,676.4,,,3,Pacific/Apia,FALSE,1882852656
"Lara Lafa","Lara Lafa",,-13.8500,-171.7333,Samoa,WS,WSM,Tuamasaga,Tuamasaga,WS-TU,district,,247.9,,,3,Pacific/Apia,FALSE,1882317561
Maalauli,Maalauli,Malauli,-13.8425,-171.7291,Samoa,WS,WSM,Tuamasaga,Tuamasaga,WS-TU,district,,247.9,,,3,Pacific/Apia,FALSE,1882923847
Maasina,Maasina,Masima,-13.9430,-171.5570,Samoa,WS,WSM,Va‘a-o-Fonoti,Va'a-o-Fonoti,WS-VF,district,,39.9,,,4,Pacific/Apia,FALSE,1882336513
Vaipuna,Vaipuna,,-13.8312,-171.7537,Samoa,WS,WSM,Tuamasaga,Tuamasaga,WS-TU,district,,368.9,,,3,Pacific/Apia,FALSE,1882046245
Matāutu,Matautu,,-14.0469,-171.4405,Samoa,WS,WSM,Atua,Atua,WS-AT,district,,96.6,,,4,Pacific/Apia,FALSE,1882942259
Vaiala,Vaiala,,-13.7731,-172.3810,Samoa,WS,WSM,Palauli,Palauli,WS-PA,district,,14.6,,,4,Pacific/Apia,FALSE,1882544206
Matautu,Matautu,,-13.9132,-172.0127,Samoa,WS,WSM,A‘ana,A'ana,WS-AA,district,,77.0,,,4,Pacific/Apia,FALSE,1882213040
Matautu,Matautu,,-13.9700,-171.9500,Samoa,WS,WSM,A‘ana,A'ana,WS-AA,district,,55.3,,,4,Pacific/Apia,TRUE,1882328046
Fausaga,Fausaga,,-14.0006,-171.8244,Samoa,WS,WSM,Tuamasaga,Tuamasaga,WS-TU,district,,50.9,,,4,Pacific/Apia,FALSE,1882759291
Saina,Saina,,-13.8170,-171.8066,Samoa,WS,WSM,Gaga‘emauga,Gaga'emauga,WS-GE,district,,676.4,,,3,Pacific/Apia,FALSE,1882237137
Matanofo,Matanofo,,-13.9167,-171.9833,Samoa,WS,WSM,A‘ana,A'ana,WS-AA,district,,55.3,,,4,Pacific/Apia,FALSE,1882385304
Ma’agao,Ma'agao,Alaloa,-13.8309,-171.9054,Samoa,WS,WSM,A‘ana,A'ana,WS-AA,district,,200.4,,,3,Pacific/Apia,FALSE,1882854011
Papaoga,Papaoga,,-13.9232,-171.8026,Samoa,WS,WSM,Tuamasaga,Tuamasaga,WS-TU,district,,352.6,,,3,Pacific/Apia,FALSE,1882913947
Saletagaloa,Saletagaloa,,-13.7333,-172.2000,Samoa,WS,WSM,Fa‘asaleleaga,Fa'asaleleaga,WS-FA,district,,84.4,,,4,Pacific/Apia,FALSE,1882333430
Tafaigata,Tafaigata,,-13.8456,-171.8333,Samoa,WS,WSM,Tuamasaga,Tuamasaga,WS-TU,district,,651.4,,,3,Pacific/Apia,FALSE,1882405209
Solomea,Solomea,,-13.5174,-172.2635,Samoa,WS,WSM,Gaga‘emauga,Gaga'emauga,WS-GE,district,,19.4,,,4,Pacific/Apia,FALSE,1882928333
Matafaa,Matafaa,,-13.9424,-171.9788,Samoa,WS,WSM,A‘ana,A'ana,WS-AA,district,,55.3,,,4,Pacific/Apia,FALSE,1882889207
Satufiauta,Satufiauta,,-13.7553,-172.3523,Samoa,WS,WSM,Satupa‘itea,Satupa'itea,WS-SA,district,,36.4,,,4,Pacific/Apia,FALSE,1882808978
Sasita,Sasita,,-14.0401,-171.5610,Samoa,WS,WSM,Atua,Atua,WS-AT,district,,46.0,,,4,Pacific/Apia,FALSE,1882112983
Palauli,Palauli,,-13.7586,-172.2986,Samoa,WS,WSM,Palauli,Palauli,WS-PA,district,,33.2,,,4,Pacific/Apia,FALSE,1882263612
Vaitele-uta,Vaitele-uta,,-13.8319,-171.8102,Samoa,WS,WSM,Gaga‘emauga,Gaga'emauga,WS-GE,district,,676.4,,,3,Pacific/Apia,FALSE,1882115199
Oloiti,Oloiti,,-13.6434,-172.2144,Samoa,WS,WSM,Fa‘asaleleaga,Fa'asaleleaga,WS-FA,district,,82.6,,,4,Pacific/Apia,FALSE,1882770044
Leufisa,Leufisa,,-13.8470,-171.7641,Samoa,WS,WSM,Tuamasaga,Tuamasaga,WS-TU,district,,368.9,,,3,Pacific/Apia,FALSE,1882641993
Letui,Letui,,-13.4933,-172.4719,Samoa,WS,WSM,Gagaifomauga,Gagaifomauga,WS-GI,district,,4.9,,,5,Pacific/Apia,FALSE,1882782496
Utuloa,Utuloa,,-13.5081,-172.6353,Samoa,WS,WSM,Gagaifomauga,Gagaifomauga,WS-GI,district,,34.7,,,4,Pacific/Apia,FALSE,1882214770
Savaia,Savaia,,-13.9550,-171.9583,Samoa,WS,WSM,A‘ana,A'ana,WS-AA,district,,55.3,,,4,Pacific/Apia,FALSE,1882316165
Vailoa,Vailoa,,-13.8312,-171.7913,Samoa,WS,WSM,Tuamasaga,Tuamasaga,WS-TU,district,,503.7,,,3,Pacific/Apia,FALSE,1882429777
Saipipi,Saipipi,,-13.6167,-172.1333,Samoa,WS,WSM,Fa‘asaleleaga,Fa'asaleleaga,WS-FA,district,,75.0,,,4,Pacific/Apia,FALSE,1882489460
Alamagoto,Alamagoto,,-13.8464,-171.7759,Samoa,WS,WSM,Tuamasaga,Tuamasaga,WS-TU,district,,414.6,,,3,Pacific/Apia,FALSE,1882515674
Vaoala,Vaoala,,-13.8741,-171.7634,Samoa,WS,WSM,Tuamasaga,Tuamasaga,WS-TU,district,,368.9,,,3,Pacific/Apia,FALSE,1882963093
Utufa’alalafa,Utufa'alalafa,,-14.0037,-171.4259,Samoa,WS,WSM,Atua,Atua,WS-AT,district,,66.1,,,4,Pacific/Apia,FALSE,1882135966
Amaile,Amaile,Faleulu|Siufaga|Usoali’i,-13.9972,-171.4290,Samoa,WS,WSM,Atua,Atua,WS-AT,district,,66.1,,,4,Pacific/Apia,FALSE,1882198053
Tufutafoe,Tufutafoe,"Tutu Tafoe|Tutu Tafu",-13.4833,-172.7667,Samoa,WS,WSM,Vaisigano,Vaisigano,WS-VS,district,,38.9,,,4,Pacific/Apia,FALSE,1882002382
Magiagi,Magiagi,,-13.8497,-171.7533,Samoa,WS,WSM,Tuamasaga,Tuamasaga,WS-TU,district,,368.9,,,3,Pacific/Apia,FALSE,1882467223
Mulifanua,Mulifanua,,-13.8333,-171.9833,Samoa,WS,WSM,Aiga-i-le-Tai,Aiga-i-le-Tai,WS-AL,district,admin,203.2,,,2,Pacific/Apia,FALSE,1882029963
Safa’i,Safa'i,Safa,-13.4500,-172.3333,Samoa,WS,WSM,Gaga‘emauga,Gaga'emauga,WS-GE,district,,13.1,,,4,Pacific/Apia,FALSE,1882335038
Petesa-fou,Petesa-fou,,-13.8332,-171.8183,Samoa,WS,WSM,Tuamasaga,Tuamasaga,WS-TU,district,,676.4,,,3,Pacific/Apia,FALSE,1882030195
Papaloloa,Papaloloa,,-13.8568,-171.7546,Samoa,WS,WSM,Tuamasaga,Tuamasaga,WS-TU,district,,368.9,,,3,Pacific/Apia,FALSE,1882123613
Avatā,Avata,,-13.4933,-172.7789,Samoa,WS,WSM,Vaisigano,Vaisigano,WS-VS,district,,45.5,,,4,Pacific/Apia,FALSE,1882208910
Mosula,Mosula,,-13.7570,-172.3217,Samoa,WS,WSM,Satupa‘itea,Satupa'itea,WS-SA,district,,34.1,,,4,Pacific/Apia,FALSE,1882296816
Safua,Safua,,-13.7000,-172.2000,Samoa,WS,WSM,Fa‘asaleleaga,Fa'asaleleaga,WS-FA,district,,62.6,,,4,Pacific/Apia,FALSE,1882516172
Gautavai,Gautavai,,-13.7756,-172.3829,Samoa,WS,WSM,Palauli,Palauli,WS-PA,district,,14.6,,,4,Pacific/Apia,FALSE,1882874544
Salelavalu-tai,Salelavalu-tai,,-13.7167,-172.2000,Samoa,WS,WSM,Fa‘asaleleaga,Fa'asaleleaga,WS-FA,district,,84.4,,,4,Pacific/Apia,FALSE,1882565412
Fusi,Fusi,,-13.8864,-171.6218,Samoa,WS,WSM,Atua,Atua,WS-AT,district,,51.6,,,4,Pacific/Apia,FALSE,1882587707
Luua,Luua,,-13.6497,-172.1889,Samoa,WS,WSM,Fa‘asaleleaga,Fa'asaleleaga,WS-FA,district,,82.6,,,4,Pacific/Apia,FALSE,1882640780
Levi,Levi,,-13.7977,-171.8828,Samoa,WS,WSM,A‘ana,A'ana,WS-AA,district,,331.5,,,3,Pacific/Apia,FALSE,1882031170
Levī,Levi,,-13.9136,-172.0109,Samoa,WS,WSM,A‘ana,A'ana,WS-AA,district,,77.0,,,4,Pacific/Apia,TRUE,1882348940
Siuniu,Siuniu,,-14.0000,-171.5500,Samoa,WS,WSM,Atua,Atua,WS-AT,district,,34.3,,,4,Pacific/Apia,FALSE,1882488695
Lauli’i,Lauli'i,,-13.8500,-171.6833,Samoa,WS,WSM,Tuamasaga,Tuamasaga,WS-TU,district,,247.9,,,3,Pacific/Apia,FALSE,1882623210
Salesatele,Salesatele,,-14.0348,-171.6195,Samoa,WS,WSM,Atua,Atua,WS-AT,district,,34.3,,,4,Pacific/Apia,FALSE,1882699150
Avele,Avele,,-13.8694,-171.7626,Samoa,WS,WSM,Tuamasaga,Tuamasaga,WS-TU,district,,368.9,,,3,Pacific/Apia,FALSE,1882276778
Lalovi,Lalovi,,-13.8528,-172.0581,Samoa,WS,WSM,A‘ana,A'ana,WS-AA,district,,216.7,,,3,Pacific/Apia,FALSE,1882688049
Taga,Taga,,-13.7667,-172.4667,Samoa,WS,WSM,Palauli,Palauli,WS-PA,district,,15.9,,,4,Pacific/Apia,FALSE,1882252567
Vailavea,Vailavea,,-13.9026,-172.0537,Samoa,WS,WSM,Aiga-i-le-Tai,Aiga-i-le-Tai,WS-AL,district,,77.0,,,4,Pacific/Apia,FALSE,1882603174
Lelepa,Lelepa,,-13.4500,-172.3333,Samoa,WS,WSM,Gaga‘emauga,Gaga'emauga,WS-GE,district,,29.4,,,4,Pacific/Apia,FALSE,1882534296
Falevai,Falevai,,-13.9163,-172.0062,Samoa,WS,WSM,A‘ana,A'ana,WS-AA,district,,77.0,,,4,Pacific/Apia,FALSE,1882730147
Tanumalala,Tanumalala,,-13.8973,-171.9398,Samoa,WS,WSM,A‘ana,A'ana,WS-AA,district,,55.3,,,4,Pacific/Apia,FALSE,1882896465
Sogi,Sogi,Songi,-13.8284,-171.7737,Samoa,WS,WSM,Tuamasaga,Tuamasaga,WS-TU,district,,371.8,,,3,Pacific/Apia,FALSE,1882496845
Piu,Piu,Gaogao,-14.0231,-171.6304,Samoa,WS,WSM,Atua,Atua,WS-AT,district,,34.3,,,4,Pacific/Apia,FALSE,1882201302
Matafele,Matafele,,-13.8296,-171.7680,Samoa,WS,WSM,Tuamasaga,Tuamasaga,WS-TU,district,,371.8,,,3,Pacific/Apia,FALSE,1882895682
Sa’agafou,Sa'agafou,,-14.0105,-171.7593,Samoa,WS,WSM,Tuamasaga,Tuamasaga,WS-TU,district,,31.3,,,4,Pacific/Apia,FALSE,1882462693
Nafanua,Nafanua,,-13.8560,-171.7631,Samoa,WS,WSM,Tuamasaga,Tuamasaga,WS-TU,district,,368.9,,,3,Pacific/Apia,FALSE,1882581366
To-sua,To-sua,,-14.0409,-171.5487,Samoa,WS,WSM,Atua,Atua,WS-AT,district,,45.9,,,4,Pacific/Apia,FALSE,1882025432
Sapulu,Sapulu,,-13.7274,-172.2064,Samoa,WS,WSM,Fa‘asaleleaga,Fa'asaleleaga,WS-FA,district,,84.4,,,4,Pacific/Apia,FALSE,1882093652
Samataitai,Samataitai,Samata,-13.6454,-172.6628,Samoa,WS,WSM,Satupa‘itea,Satupa'itea,WS-SA,district,,34.8,,,4,Pacific/Apia,FALSE,1882020199
Nofoa,Nofoa,,-13.7749,-172.4319,Samoa,WS,WSM,Palauli,Palauli,WS-PA,district,,14.6,,,4,Pacific/Apia,FALSE,1882843815
Matavai,Matavai,,-14.0321,-171.6477,Samoa,WS,WSM,Atua,Atua,WS-AT,district,,34.3,,,4,Pacific/Apia,FALSE,1882720175
Olo,Olo,,-13.8541,-172.0314,Samoa,WS,WSM,A‘ana,A'ana,WS-AA,district,,226.4,,,3,Pacific/Apia,FALSE,1882627725
Tafagamanu,Tafagamanu,,-13.9392,-171.9436,Samoa,WS,WSM,A‘ana,A'ana,WS-AA,district,,55.3,,,4,Pacific/Apia,FALSE,1882016312
Magia,Magia,Mangia,-13.8289,-171.9855,Samoa,WS,WSM,A‘ana,A'ana,WS-AA,district,,140.2,,,4,Pacific/Apia,FALSE,1882559366
Vai’ula,Vai'ula,,-14.0398,-171.6611,Samoa,WS,WSM,Tuamasaga,Tuamasaga,WS-TU,district,,34.3,,,4,Pacific/Apia,FALSE,1882207828
Sataoauta,Sataoauta,,-13.9767,-171.8662,Samoa,WS,WSM,Gaga‘emauga,Gaga'emauga,WS-GE,district,,50.9,,,4,Pacific/Apia,FALSE,1882464746
Satufia,Satufia,,-13.7739,-172.3275,Samoa,WS,WSM,Satupa‘itea,Satupa'itea,WS-SA,district,,39.3,,,4,Pacific/Apia,FALSE,1882600639
Satuilagi,Satuilagi,,-13.8412,-172.1077,Samoa,WS,WSM,A‘ana,A'ana,WS-AA,district,,230.9,,,3,Pacific/Apia,FALSE,1882262423
Faleula,Faleula,Falula,-13.7946,-171.8313,Samoa,WS,WSM,Tuamasaga,Tuamasaga,WS-TU,district,,200.4,,,3,Pacific/Apia,FALSE,1882967061
Sa’anapu,Sa'anapu,,-13.9928,-171.8760,Samoa,WS,WSM,A‘ana,A'ana,WS-AA,district,,50.9,,,4,Pacific/Apia,FALSE,1882355531
Gagaifoolevao,Gagaifoolevao,,-13.9640,-171.9550,Samoa,WS,WSM,A‘ana,A'ana,WS-AA,district,,55.3,,,4,Pacific/Apia,FALSE,1882235866
Lepuia’i,Lepuia'i,,-13.8500,-172.1167,Samoa,WS,WSM,A‘ana,A'ana,WS-AA,district,,230.9,,,3,Pacific/Apia,FALSE,1882232396
Sataoa,Sataoa,Saautaua,-13.9833,-171.8333,Samoa,WS,WSM,Gaga‘emauga,Gaga'emauga,WS-GE,district,,50.9,,,4,Pacific/Apia,FALSE,1882156661
Salimu,Salimu,,-13.9323,-171.5614,Samoa,WS,WSM,Va‘a-o-Fonoti,Va'a-o-Fonoti,WS-VF,district,,40.8,,,4,Pacific/Apia,FALSE,1882515716
Papase’ea,Papase'ea,,-13.8621,-171.8063,Samoa,WS,WSM,Gaga‘emauga,Gaga'emauga,WS-GE,district,,456.0,,,3,Pacific/Apia,FALSE,1882824156
Pugaoa,Pugaoa,,-13.6187,-172.2328,Samoa,WS,WSM,Fa‘asaleleaga,Fa'asaleleaga,WS-FA,district,,15.5,,,4,Pacific/Apia,FALSE,1882508805
Aganoa,Aganoa,,-14.0307,-171.7664,Samoa,WS,WSM,Tuamasaga,Tuamasaga,WS-TU,district,,31.3,,,4,Pacific/Apia,FALSE,1882385845
Puleia,Puleia,,-13.7764,-172.3764,Samoa,WS,WSM,Palauli,Palauli,WS-PA,district,,14.6,,,4,Pacific/Apia,FALSE,1882833051
Vaiaumoe,Vaiaumoe,,-13.8985,-171.9758,Samoa,WS,WSM,A‘ana,A'ana,WS-AA,district,,77.0,,,4,Pacific/Apia,FALSE,1882689688
Salimu,Salimu,,-13.6429,-172.1912,Samoa,WS,WSM,Fa‘asaleleaga,Fa'asaleleaga,WS-FA,district,,82.6,,,4,Pacific/Apia,FALSE,1882244463
Salimu,Salimu,,-13.6500,-172.1167,Samoa,WS,WSM,Fa‘asaleleaga,Fa'asaleleaga,WS-FA,district,,0,,,5,Pacific/Apia,TRUE,1882208978
Vaotupua,Vaotupua,Vaitupua,-13.5030,-172.7908,Samoa,WS,WSM,Vaisigano,Vaisigano,WS-VS,district,,45.5,,,4,Pacific/Apia,FALSE,1882723973
Pu’apu’a,Pu'apu'a,,-13.5833,-172.2167,Samoa,WS,WSM,Fa‘asaleleaga,Fa'asaleleaga,WS-FA,district,,15.5,,,4,Pacific/Apia,FALSE,1882912696
Fai’a’ai,Fai'a'ai,,-13.6667,-172.6333,Samoa,WS,WSM,Satupa‘itea,Satupa'itea,WS-SA,district,,34.8,,,4,Pacific/Apia,FALSE,1882871107
Mulinu’u,Mulinu'u,,-13.8167,-171.7833,Samoa,WS,WSM,Tuamasaga,Tuamasaga,WS-TU,district,,388.2,,,3,Pacific/Apia,FALSE,1882930530
Vaigaga,Vaigaga,,-13.8237,-171.7948,Samoa,WS,WSM,Gaga‘emauga,Gaga'emauga,WS-GE,district,,676.4,,,3,Pacific/Apia,FALSE,1882501233
Falelatai,Falelatai,,-13.9125,-172.0160,Samoa,WS,WSM,A‘ana,A'ana,WS-AA,district,,77.0,,,4,Pacific/Apia,FALSE,1882205653
Sina,Sina,,-13.8391,-171.9948,Samoa,WS,WSM,Aiga-i-le-Tai,Aiga-i-le-Tai,WS-AL,district,,140.2,,,4,Pacific/Apia,FALSE,1882084029
Maota,Maota,,-13.7465,-172.2642,Samoa,WS,WSM,Palauli,Palauli,WS-PA,district,,33.5,,,4,Pacific/Apia,FALSE,1882156835
Vailuutai,Vailuutai,Vailutai,-13.8287,-171.9776,Samoa,WS,WSM,A‘ana,A'ana,WS-AA,district,,140.2,,,4,Pacific/Apia,FALSE,1882844073
Alafua,Alafua,,-13.8500,-171.7833,Samoa,WS,WSM,Tuamasaga,Tuamasaga,WS-TU,district,,449.5,,,3,Pacific/Apia,FALSE,1882288781
Sauniatu,Sauniatu,,-13.9249,-171.6216,Samoa,WS,WSM,Atua,Atua,WS-AT,district,,92.5,,,4,Pacific/Apia,FALSE,1882308963
Leone,Leone,,-13.8352,-171.7577,Samoa,WS,WSM,Tuamasaga,Tuamasaga,WS-TU,district,,368.9,,,3,Pacific/Apia,FALSE,1882153855
Leavaa-uta,Leavaa-uta,,-13.8534,-171.8817,Samoa,WS,WSM,A‘ana,A'ana,WS-AA,district,,200.4,,,3,Pacific/Apia,FALSE,1882488259
Saletele,Saletele,Salesatele,-13.9120,-171.5556,Samoa,WS,WSM,Atua,Atua,WS-AT,district,,103.9,,,4,Pacific/Apia,FALSE,1882814835
Foailalo,Foailalo,"Foalelo|Foa Lalo",-13.6667,-172.5667,Samoa,WS,WSM,Palauli,Palauli,WS-PA,district,,15.9,,,4,Pacific/Apia,FALSE,1882655091
"Salalologa New Township","Salalologa New Township",,-13.7689,-172.2222,Samoa,WS,WSM,Fa‘asaleleaga,Fa'asaleleaga,WS-FA,district,,84.4,,,4,Pacific/Apia,FALSE,1882855897
To-le-sua,To-le-sua,,-14.0390,-171.5489,Samoa,WS,WSM,Atua,Atua,WS-AT,district,,45.9,,,4,Pacific/Apia,FALSE,1882011000
Fusi,Fusi,,-13.9959,-171.8294,Samoa,WS,WSM,Tuamasaga,Tuamasaga,WS-TU,district,,50.9,,,4,Pacific/Apia,FALSE,1882332355
Neiafu,Neiafu,,-13.5167,-172.7167,Samoa,WS,WSM,Vaisigano,Vaisigano,WS-VS,district,,38.9,,,4,Pacific/Apia,FALSE,1882707079
Sataputu,Sataputu,,-13.6833,-172.5500,Samoa,WS,WSM,Palauli,Palauli,WS-PA,district,,15.9,,,4,Pacific/Apia,FALSE,1882987173
"Le Aisa","Le Aisa",,-13.5212,-172.4165,Samoa,WS,WSM,Gagaifomauga,Gagaifomauga,WS-GI,district,,35.4,,,4,Pacific/Apia,FALSE,1882501521
Sapini,Sapini,,-13.6514,-172.1883,Samoa,WS,WSM,Fa‘asaleleaga,Fa'asaleleaga,WS-FA,district,,82.6,,,4,Pacific/Apia,FALSE,1882425627
Apai,Apai,,-13.8500,-172.1167,Samoa,WS,WSM,A‘ana,A'ana,WS-AA,district,,230.9,,,3,Pacific/Apia,FALSE,1882955371
Vaivase-uta,Vaivase-uta,,-13.8564,-171.7449,Samoa,WS,WSM,Tuamasaga,Tuamasaga,WS-TU,district,,368.9,,,3,Pacific/Apia,FALSE,1882406750
Saleapaga,Saleapaga,,-14.0333,-171.5000,Samoa,WS,WSM,Atua,Atua,WS-AT,district,,45.9,,,4,Pacific/Apia,FALSE,1882237793
Nuuuta,Nuuuta,,-13.7775,-172.4662,Samoa,WS,WSM,Palauli,Palauli,WS-PA,district,,14.6,,,4,Pacific/Apia,FALSE,1882302381
Vaipu,Vaipu,,-13.9674,-171.5829,Samoa,WS,WSM,Va‘a-o-Fonoti,Va'a-o-Fonoti,WS-VF,district,,45.5,,,4,Pacific/Apia,FALSE,1882123759
Tufu,Tufu,,-13.7667,-172.3667,Samoa,WS,WSM,Palauli,Palauli,WS-PA,district,,14.6,,,4,Pacific/Apia,FALSE,1882840975
Toloavatu,Toloavatu,,-14.0418,-171.5511,Samoa,WS,WSM,Atua,Atua,WS-AT,district,,46.0,,,4,Pacific/Apia,FALSE,1882267911
Savalalo,Savalalo,,-13.8301,-171.7725,Samoa,WS,WSM,Tuamasaga,Tuamasaga,WS-TU,district,,371.8,,,3,Pacific/Apia,FALSE,1882623650
Pinipini,Pinipini,,-14.0436,-171.5441,Samoa,WS,WSM,Atua,Atua,WS-AT,district,,45.9,,,4,Pacific/Apia,FALSE,1882337225
Poutoga,Poutoga,,-13.8508,-171.8673,Samoa,WS,WSM,A‘ana,A'ana,WS-AA,district,,324.8,,,3,Pacific/Apia,FALSE,1882228403
Tamasaga,Tamasaga,,-13.7755,-172.4547,Samoa,WS,WSM,Palauli,Palauli,WS-PA,district,,14.6,,,4,Pacific/Apia,FALSE,1882317649
Falealia,Falealia,,-13.7723,-172.4593,Samoa,WS,WSM,Palauli,Palauli,WS-PA,district,,14.6,,,4,Pacific/Apia,FALSE,1882137099
Samusu,Samusu,,-14.0012,-171.4264,Samoa,WS,WSM,Atua,Atua,WS-AT,district,,66.1,,,4,Pacific/Apia,FALSE,1882165170
Matāutu,Matautu,,-13.8274,-171.7567,Samoa,WS,WSM,Tuamasaga,Tuamasaga,WS-TU,district,,368.9,,,3,Pacific/Apia,FALSE,1882460002
Matautu,Matautu,,-14.0383,-171.6776,Samoa,WS,WSM,Tuamasaga,Tuamasaga,WS-TU,district,,34.3,,,4,Pacific/Apia,TRUE,1882807272
Siuniu,Siuniu,,-13.7741,-172.4363,Samoa,WS,WSM,Palauli,Palauli,WS-PA,district,,14.6,,,4,Pacific/Apia,FALSE,1882303407
Faleaseela,Faleaseela,,-13.9360,-171.9700,Samoa,WS,WSM,A‘ana,A'ana,WS-AA,district,,55.3,,,4,Pacific/Apia,FALSE,1882333103
A‘ufaga,A`ufaga,,-14.0410,-171.5220,Samoa,WS,WSM,Atua,Atua,WS-AT,district,,45.9,,,4,Pacific/Apia,FALSE,1882316373
Leaoa,Leaoa,,-13.8972,-171.7756,Samoa,WS,WSM,Tuamasaga,Tuamasaga,WS-TU,district,,368.9,,,3,Pacific/Apia,FALSE,1882520745
Tafitoala,Tafitoala,,-14.0167,-171.8000,Samoa,WS,WSM,Tuamasaga,Tuamasaga,WS-TU,district,,50.9,,,4,Pacific/Apia,FALSE,1882165556
Sa’asa’ai,Sa'asa'ai,Sasaai,-13.6333,-172.2000,Samoa,WS,WSM,Fa‘asaleleaga,Fa'asaleleaga,WS-FA,district,,82.6,,,4,Pacific/Apia,FALSE,1882261824
Lona,Lona,,-13.9420,-171.5430,Samoa,WS,WSM,Va‘a-o-Fonoti,Va'a-o-Fonoti,WS-VF,district,,39.9,,,4,Pacific/Apia,FALSE,1882150770
Poutasi,Poutasi,,-14.0333,-171.7000,Samoa,WS,WSM,Tuamasaga,Tuamasaga,WS-TU,district,,34.3,,,4,Pacific/Apia,FALSE,1882647072
Lotofagauta,Lotofagauta,,-13.9755,-171.8514,Samoa,WS,WSM,Gaga‘emauga,Gaga'emauga,WS-GE,district,,50.9,,,4,Pacific/Apia,FALSE,1882759352
Sale’a’aumua,Sale'a'aumua,Saleamua|Saleaumua,-14.0087,-171.4256,Samoa,WS,WSM,Atua,Atua,WS-AT,district,,66.1,,,4,Pacific/Apia,FALSE,1882688906
Leaupuni,Leaupuni,,-13.8840,-171.8317,Samoa,WS,WSM,Tuamasaga,Tuamasaga,WS-TU,district,,676.4,,,3,Pacific/Apia,FALSE,1882609769
Talimatau,Talimatau,,-13.8425,-171.7962,Samoa,WS,WSM,Gaga‘emauga,Gaga'emauga,WS-GE,district,,606.3,,,3,Pacific/Apia,FALSE,1882975545
Ti’avea,Ti'avea,,-13.9898,-171.4690,Samoa,WS,WSM,Atua,Atua,WS-AT,district,,66.1,,,4,Pacific/Apia,FALSE,1882684757
Fuailoloo,Fuailoloo,Fuailalo,-13.8448,-172.0459,Samoa,WS,WSM,A‘ana,A'ana,WS-AA,district,,230.9,,,3,Pacific/Apia,FALSE,1882318435
Tafatafa,Tafatafa,,-14.0315,-171.6544,Samoa,WS,WSM,Tuamasaga,Tuamasaga,WS-TU,district,,34.3,,,4,Pacific/Apia,FALSE,1882020430
Fusi,Fusi,,-13.6845,-172.1883,Samoa,WS,WSM,Fa‘asaleleaga,Fa'asaleleaga,WS-FA,district,,61.6,,,4,Pacific/Apia,FALSE,1882022808
Malaemalu,Malaemalu,,-14.0327,-171.6430,Samoa,WS,WSM,Atua,Atua,WS-AT,district,,34.3,,,4,Pacific/Apia,FALSE,1882438880
Apolimafou,Apolimafou,,-13.8618,-172.0645,Samoa,WS,WSM,Aiga-i-le-Tai,Aiga-i-le-Tai,WS-AL,district,,175.2,,,4,Pacific/Apia,FALSE,1882757465
Tiavi,Tiavi,,-13.9253,-171.7815,Samoa,WS,WSM,Tuamasaga,Tuamasaga,WS-TU,district,,235.7,,,3,Pacific/Apia,FALSE,1882297412
Samataiuta,Samataiuta,,-13.6493,-172.6573,Samoa,WS,WSM,Satupa‘itea,Satupa'itea,WS-SA,district,,34.8,,,4,Pacific/Apia,FALSE,1882541992
Manunu,Manunu,,-13.9160,-171.6179,Samoa,WS,WSM,Atua,Atua,WS-AT,district,,75.9,,,4,Pacific/Apia,FALSE,1882416770
Vaipoto,Vaipoto,,-13.8393,-171.8337,Samoa,WS,WSM,Tuamasaga,Tuamasaga,WS-TU,district,,200.4,,,3,Pacific/Apia,FALSE,1882800822
Suga,Suga,,-13.8491,-171.7220,Samoa,WS,WSM,Tuamasaga,Tuamasaga,WS-TU,district,,247.9,,,3,Pacific/Apia,FALSE,1882302392
Lepale,Lepale,,-13.8703,-171.9133,Samoa,WS,WSM,A‘ana,A'ana,WS-AA,district,,201.9,,,3,Pacific/Apia,FALSE,1882473698
Aleisa,Aleisa,,-13.8615,-171.8747,Samoa,WS,WSM,A‘ana,A'ana,WS-AA,district,,200.4,,,3,Pacific/Apia,FALSE,1882886533
Vailoa,Vailoa,,-14.0389,-171.4353,Samoa,WS,WSM,Atua,Atua,WS-AT,district,,96.6,,,4,Pacific/Apia,FALSE,1882667034
Vailoa,Vailoa,,-14.0342,-171.6114,Samoa,WS,WSM,Atua,Atua,WS-AT,district,,34.3,,,4,Pacific/Apia,TRUE,1882422802
"Utumalama Point","Utumalama Point",,-14.0020,-171.8890,Samoa,WS,WSM,A‘ana,A'ana,WS-AA,district,,50.9,,,4,Pacific/Apia,FALSE,1882724899
Moata‘a,Moata`a,Mootaa,-13.8333,-171.7500,Samoa,WS,WSM,Tuamasaga,Tuamasaga,WS-TU,district,,368.9,,,3,Pacific/Apia,FALSE,1882136761
Siutu,Siutu,,-13.7210,-172.5954,Samoa,WS,WSM,Palauli,Palauli,WS-PA,district,,15.9,,,4,Pacific/Apia,FALSE,1882851733
Pitonuu,Pitonuu,,-13.7561,-172.3229,Samoa,WS,WSM,Satupa‘itea,Satupa'itea,WS-SA,district,,37.3,,,4,Pacific/Apia,FALSE,1882330215
Vaimauga,Vaimauga,,-13.8333,-171.7167,Samoa,WS,WSM,Tuamasaga,Tuamasaga,WS-TU,district,,247.9,,,3,Pacific/Apia,FALSE,1882356792
Safune,Safune,,-13.8050,-171.8127,Samoa,WS,WSM,Gaga‘emauga,Gaga'emauga,WS-GE,district,,676.4,,,3,Pacific/Apia,FALSE,1882551930
Salelesi,Salelesi,,-13.8837,-171.6259,Samoa,WS,WSM,Atua,Atua,WS-AT,district,,51.6,,,4,Pacific/Apia,FALSE,1882770268
Saluafata,Saluafata,,-13.8755,-171.6024,Samoa,WS,WSM,Atua,Atua,WS-AT,district,,79.8,,,4,Pacific/Apia,FALSE,1882447802
Pata,Pata,,-13.9167,-172.0167,Samoa,WS,WSM,A‘ana,A'ana,WS-AA,district,,77.0,,,4,Pacific/Apia,FALSE,1882690450
Lefaga,Lefaga,,-14.0455,-171.4488,Samoa,WS,WSM,Atua,Atua,WS-AT,district,,96.6,,,4,Pacific/Apia,FALSE,1882523509
Salelologa,Salelologa,Salelolonga,-13.7378,-172.2206,Samoa,WS,WSM,Fa‘asaleleaga,Fa'asaleleaga,WS-FA,district,,84.4,,,4,Pacific/Apia,FALSE,1882629976
Sapulu,Sapulu,,-13.8047,-171.9223,Samoa,WS,WSM,A‘ana,A'ana,WS-AA,district,,201.6,,,3,Pacific/Apia,FALSE,1882654699
Moamoa,Moamoa,,-13.8666,-171.7854,Samoa,WS,WSM,Tuamasaga,Tuamasaga,WS-TU,district,,449.5,,,3,Pacific/Apia,FALSE,1882791878
Tiapapata,Tiapapata,,-13.8893,-171.7716,Samoa,WS,WSM,Tuamasaga,Tuamasaga,WS-TU,district,,368.9,,,3,Pacific/Apia,FALSE,1882706679
Sapo’e,Sapo'e,,-14.0407,-171.6019,Samoa,WS,WSM,Atua,Atua,WS-AT,district,,34.3,,,4,Pacific/Apia,FALSE,1882620208
Punaiseesee,Punaiseesee,,-13.6284,-172.2752,Samoa,WS,WSM,Fa‘asaleleaga,Fa'asaleleaga,WS-FA,district,,53.0,,,4,Pacific/Apia,FALSE,1882762787
Uliamoa,Uliamoa,,-13.6833,-172.3167,Samoa,WS,WSM,Palauli,Palauli,WS-PA,district,,33.2,,,4,Pacific/Apia,FALSE,1882375723
Letava,Letava,,-13.8781,-171.7657,Samoa,WS,WSM,Tuamasaga,Tuamasaga,WS-TU,district,,368.9,,,3,Pacific/Apia,FALSE,1882048110
Tanumapua,Tanumapua,,-13.8627,-171.8205,Samoa,WS,WSM,Tuamasaga,Tuamasaga,WS-TU,district,,676.4,,,3,Pacific/Apia,FALSE,1882368620
Vaifoa,Vaifoa,,-13.7984,-171.8421,Samoa,WS,WSM,Tuamasaga,Tuamasaga,WS-TU,district,,421.2,,,3,Pacific/Apia,FALSE,1882312167
Sologa,Sologa,,-13.4712,-172.3673,Samoa,WS,WSM,Gaga‘emauga,Gaga'emauga,WS-GE,district,,29.4,,,4,Pacific/Apia,FALSE,1882980337
Papa,Papa,,-13.5308,-172.7153,Samoa,WS,WSM,Vaisigano,Vaisigano,WS-VS,district,,64.1,,,4,Pacific/Apia,FALSE,1882039566
Taumuafa,Taumuafa,,-13.8333,-171.7833,Samoa,WS,WSM,Tuamasaga,Tuamasaga,WS-TU,district,,444.3,,,3,Pacific/Apia,FALSE,1882615564
Lalomauga,Lalomauga,,-13.8667,-171.9500,Samoa,WS,WSM,A‘ana,A'ana,WS-AA,district,,233.9,,,3,Pacific/Apia,FALSE,1882931558
Olosega,Olosega,,-13.8418,-171.8536,Samoa,WS,WSM,Tuamasaga,Tuamasaga,WS-TU,district,,413.3,,,3,Pacific/Apia,FALSE,1882701464
Lalomauga,Lalomauga,Lalamauga,-13.9156,-171.6007,Samoa,WS,WSM,Atua,Atua,WS-AT,district,,82.4,,,4,Pacific/Apia,FALSE,1882242207
"Mount Vaipu","Mount Vaipu",,-13.9777,-171.6088,Samoa,WS,WSM,Atua,Atua,WS-AT,district,,34.3,,,4,Pacific/Apia,FALSE,1882484593
Vaiafai,Vaiafai,,-13.7056,-172.2049,Samoa,WS,WSM,Fa‘asaleleaga,Fa'asaleleaga,WS-FA,district,,84.4,,,4,Pacific/Apia,FALSE,1882821769
Casala,Casala,,-13.8562,-171.9321,Samoa,WS,WSM,A‘ana,A'ana,WS-AA,district,,201.9,,,3,Pacific/Apia,FALSE,1882576789
Manono-uta,Manono-uta,,-13.8667,-172.0667,Samoa,WS,WSM,Aiga-i-le-Tai,Aiga-i-le-Tai,WS-AL,district,,230.9,,,3,Pacific/Apia,FALSE,1882400510
Leatupe,Leatupe,Letaupe,-14.0392,-171.5826,Samoa,WS,WSM,Atua,Atua,WS-AT,district,,46.0,,,4,Pacific/Apia,FALSE,1882970276
Apolimatuai,Apolimatuai,,-13.8202,-172.1515,Samoa,WS,WSM,Palauli,Palauli,WS-PA,district,,230.9,,,3,Pacific/Apia,FALSE,1882547488
Fagali‘i,Fagali`i,Fangalii,-13.8483,-171.7417,Samoa,WS,WSM,Tuamasaga,Tuamasaga,WS-TU,district,,249.4,,,3,Pacific/Apia,FALSE,1882203359
Laloanea,Laloanea,,-13.8816,-171.8514,Samoa,WS,WSM,A‘ana,A'ana,WS-AA,district,,200.4,,,3,Pacific/Apia,FALSE,1882794765
Utulaelae,Utulaelae,,-14.0395,-171.6060,Samoa,WS,WSM,Atua,Atua,WS-AT,district,,34.3,,,4,Pacific/Apia,FALSE,1882869887
Si’upapa,Si'upapa,,-14.0413,-171.5125,Samoa,WS,WSM,Atua,Atua,WS-AT,district,,45.9,,,4,Pacific/Apia,FALSE,1882655691
Vaipapa,Vaipapa,,-13.8605,-171.9971,Samoa,WS,WSM,Aiga-i-le-Tai,Aiga-i-le-Tai,WS-AL,district,,140.2,,,4,Pacific/Apia,FALSE,1882409127
Tulivae,Tulivae,,-13.8910,-172.0649,Samoa,WS,WSM,Aiga-i-le-Tai,Aiga-i-le-Tai,WS-AL,district,,223.5,,,3,Pacific/Apia,FALSE,1882192684
Saleia,Saleia,,-13.4500,-172.3667,Samoa,WS,WSM,Gagaifomauga,Gagaifomauga,WS-GI,district,,31.3,,,4,Pacific/Apia,FALSE,1882304152
Tanugamanono,Tanugamanono,Tanumamanono,-13.8333,-171.7667,Samoa,WS,WSM,Tuamasaga,Tuamasaga,WS-TU,district,,368.9,,,3,Pacific/Apia,FALSE,1882138718
Fogapoā,Fogapoa,,-13.6667,-172.1833,Samoa,WS,WSM,Fa‘asaleleaga,Fa'asaleleaga,WS-FA,district,,61.6,,,4,Pacific/Apia,FALSE,1882913890
Le’eka,Le'eka,,-13.7735,-172.5128,Samoa,WS,WSM,Palauli,Palauli,WS-PA,district,,15.9,,,4,Pacific/Apia,FALSE,1882529809
Satitoa,Satitoa,,-14.0276,-171.4302,Samoa,WS,WSM,Atua,Atua,WS-AT,district,,67.8,,,4,Pacific/Apia,FALSE,1882110617
Sauago,Sauago,Sauano|Sauango|Asauana|Samauga,-13.9107,-171.5620,Samoa,WS,WSM,Atua,Atua,WS-AT,district,,103.9,,,4,Pacific/Apia,FALSE,1882066020
Utuali‘i,Utuali`i,,-13.8000,-171.9085,Samoa,WS,WSM,A‘ana,A'ana,WS-AA,district,,200.4,,,3,Pacific/Apia,FALSE,1882956009
Matailiili,Matailiili,,-13.8105,-171.9351,Samoa,WS,WSM,A‘ana,A'ana,WS-AA,district,,201.9,,,3,Pacific/Apia,FALSE,1882651224
Leusoali’i,Leusoali'i,,-13.8640,-171.6899,Samoa,WS,WSM,Tuamasaga,Tuamasaga,WS-TU,district,,51.6,,,4,Pacific/Apia,FALSE,1882911063
Paia,Paia,,-13.4726,-172.4053,Samoa,WS,WSM,Gagaifomauga,Gagaifomauga,WS-GI,district,,34.0,,,4,Pacific/Apia,FALSE,1882473769
Satuiatua,Satuiatua,,-13.6833,-172.5500,Samoa,WS,WSM,Palauli,Palauli,WS-PA,district,,15.9,,,4,Pacific/Apia,FALSE,1882368206
Se’ese’e,Se'ese'e,,-13.8547,-171.8071,Samoa,WS,WSM,Gaga‘emauga,Gaga'emauga,WS-GE,district,,613.4,,,3,Pacific/Apia,FALSE,1882768820
Matapunga,Matapunga,,-13.8500,-172.0333,Samoa,WS,WSM,A‘ana,A'ana,WS-AA,district,,192.9,,,4,Pacific/Apia,FALSE,1882310806
Siuvao,Siuvao,,-13.5667,-172.6667,Samoa,WS,WSM,Vaisigano,Vaisigano,WS-VS,district,,36.6,,,4,Pacific/Apia,FALSE,1882608155
Iva,Iva,,-13.7102,-172.2032,Samoa,WS,WSM,Fa‘asaleleaga,Fa'asaleleaga,WS-FA,district,,84.4,,,4,Pacific/Apia,FALSE,1882675979
Vaitoloa,Vaitoloa,,-13.8334,-171.7891,Samoa,WS,WSM,Tuamasaga,Tuamasaga,WS-TU,district,,515.0,,,3,Pacific/Apia,FALSE,1882007273
Fetaulaiga,Fetaulaiga,Faleulu,-13.9984,-171.5830,Samoa,WS,WSM,Atua,Atua,WS-AT,district,,46.0,,,4,Pacific/Apia,FALSE,1882581631
Vailolo,Vailolo,,-13.4726,-172.3974,Samoa,WS,WSM,Gagaifomauga,Gagaifomauga,WS-GI,district,,33.3,,,4,Pacific/Apia,FALSE,1882158407
Luatuanu‘u,Luatuanu`u,,-13.8667,-171.6833,Samoa,WS,WSM,Tuamasaga,Tuamasaga,WS-TU,district,,51.6,,,4,Pacific/Apia,FALSE,1882180782
Vaipua,Vaipua,,-13.6333,-172.6167,Samoa,WS,WSM,Satupa‘itea,Satupa'itea,WS-SA,district,,34.8,,,4,Pacific/Apia,FALSE,1882613343
Malua,Malua,,-13.7991,-171.9027,Samoa,WS,WSM,A‘ana,A'ana,WS-AA,district,,200.4,,,3,Pacific/Apia,FALSE,1882487819
Lotopa,Lotopa,,-13.8500,-171.7833,Samoa,WS,WSM,Tuamasaga,Tuamasaga,WS-TU,district,,451.4,,,3,Pacific/Apia,FALSE,1882511317
Sama‘i,Sama`i,,-13.9168,-172.0052,Samoa,WS,WSM,A‘ana,A'ana,WS-AA,district,,77.0,,,4,Pacific/Apia,FALSE,1882759365
Kosena,Kosena,,-13.9953,-171.5976,Samoa,WS,WSM,Atua,Atua,WS-AT,district,,34.3,,,4,Pacific/Apia,FALSE,1882879069
Vaovai,Vaovai,,-14.0360,-171.6795,Samoa,WS,WSM,Tuamasaga,Tuamasaga,WS-TU,district,,34.3,,,4,Pacific/Apia,FALSE,1882109642
Safe’e,Safe'e,,-13.4525,-172.4074,Samoa,WS,WSM,Gagaifomauga,Gagaifomauga,WS-GI,district,,33.3,,,4,Pacific/Apia,FALSE,1882744381
A’ele,A'ele,,-13.8252,-171.8270,Samoa,WS,WSM,Tuamasaga,Tuamasaga,WS-TU,district,,401.1,,,3,Pacific/Apia,FALSE,1882055739
Faatoia,Faatoia,,-13.8418,-171.7531,Samoa,WS,WSM,Tuamasaga,Tuamasaga,WS-TU,district,,368.9,,,3,Pacific/Apia,FALSE,1882818189
Matafagatele,Matafagatele,Matafangatele,-13.8391,-171.7438,Samoa,WS,WSM,Tuamasaga,Tuamasaga,WS-TU,district,,368.9,,,3,Pacific/Apia,FALSE,1882843206
Faleapuna,Faleapuna,Falepuna|Faleapunga,-13.8833,-171.6000,Samoa,WS,WSM,Atua,Atua,WS-AT,district,,73.6,,,4,Pacific/Apia,FALSE,1882688799
Satoi,Satoi,,-13.8509,-172.1017,Samoa,WS,WSM,Aiga-i-le-Tai,Aiga-i-le-Tai,WS-AL,district,,230.9,,,3,Pacific/Apia,FALSE,1882660863
Vaegauta,Vaegauta,,-13.7557,-172.3339,Samoa,WS,WSM,Satupa‘itea,Satupa'itea,WS-SA,district,,39.3,,,4,Pacific/Apia,FALSE,1882829362
Foua,Foua,,-13.7317,-172.2164,Samoa,WS,WSM,Fa‘asaleleaga,Fa'asaleleaga,WS-FA,district,,84.4,,,4,Pacific/Apia,FALSE,1882180731
Lotofagā,Lotofaga,Lotofanga,-13.9764,-171.8578,Samoa,WS,WSM,Gaga‘emauga,Gaga'emauga,WS-GE,district,,50.9,,,4,Pacific/Apia,FALSE,1882805390
Matatufu,Matatufu,,-14.0500,-171.5833,Samoa,WS,WSM,Atua,Atua,WS-AT,district,,46.0,,,4,Pacific/Apia,FALSE,1882475509
Samea,Samea,,-13.8385,-172.0416,Samoa,WS,WSM,A‘ana,A'ana,WS-AA,district,,230.5,,,3,Pacific/Apia,FALSE,1882359471
Malololelei,Malololelei,,-13.9051,-171.7800,Samoa,WS,WSM,Tuamasaga,Tuamasaga,WS-TU,district,,368.9,,,3,Pacific/Apia,FALSE,1882999136
Papapapaitai,Papapapaitai,,-13.9423,-171.7742,Samoa,WS,WSM,Tuamasaga,Tuamasaga,WS-TU,district,,31.3,,,4,Pacific/Apia,FALSE,1882796043
"Le Piu Tai","Le Piu Tai",,-13.4555,-172.3931,Samoa,WS,WSM,Gagaifomauga,Gagaifomauga,WS-GI,district,,33.3,,,4,Pacific/Apia,FALSE,1882127318
Foailuga,Foailuga,"Foa Luga",-13.6667,-172.5500,Samoa,WS,WSM,Palauli,Palauli,WS-PA,district,,15.9,,,4,Pacific/Apia,FALSE,1882386398
Satupa‘itea,Satupa`itea,Satupaitea,-13.7659,-172.3269,Samoa,WS,WSM,Satupa‘itea,Satupa'itea,WS-SA,district,admin,39.3,,,2,Pacific/Apia,FALSE,1882940042
Ahners,Ahners,,-13.8333,-171.7500,Samoa,WS,WSM,Tuamasaga,Tuamasaga,WS-TU,district,,368.9,,,3,Pacific/Apia,FALSE,1882192446
Tafua,Tafua,,-13.7833,-172.2167,Samoa,WS,WSM,Palauli,Palauli,WS-PA,district,,14.6,,,4,Pacific/Apia,FALSE,1882585110
Vaimoa,Vaimoa,,-13.8500,-172.0333,Samoa,WS,WSM,A‘ana,A'ana,WS-AA,district,,192.9,,,4,Pacific/Apia,FALSE,1882005259
Falemauga,Falemauga,,-13.8810,-171.8403,Samoa,WS,WSM,Tuamasaga,Tuamasaga,WS-TU,district,,531.2,,,3,Pacific/Apia,FALSE,1882718398
Satalo,Satalo,,-14.0382,-171.6320,Samoa,WS,WSM,Atua,Atua,WS-AT,district,,34.3,,,4,Pacific/Apia,FALSE,1882324156
Afia,Afia,,-13.8436,-172.0217,Samoa,WS,WSM,Aiga-i-le-Tai,Aiga-i-le-Tai,WS-AL,district,,140.2,,,4,Pacific/Apia,FALSE,1882648878
A’elefou,A'elefou,,-13.8172,-171.8285,Samoa,WS,WSM,Tuamasaga,Tuamasaga,WS-TU,district,,221.4,,,3,Pacific/Apia,FALSE,1882296438
Samusu-uta,Samusu-uta,,-13.9941,-171.4621,Samoa,WS,WSM,Atua,Atua,WS-AT,district,,66.1,,,4,Pacific/Apia,FALSE,1882714530
Paepae‘alā,Paepae`ala,,-13.8407,-172.0417,Samoa,WS,WSM,A‘ana,A'ana,WS-AA,district,,230.5,,,3,Pacific/Apia,FALSE,1882761240
Taelefaga,Taelefaga,,-13.9433,-171.5697,Samoa,WS,WSM,Va‘a-o-Fonoti,Va'a-o-Fonoti,WS-VF,district,,39.9,,,4,Pacific/Apia,FALSE,1882858127
Vaiee,Vaiee,"Vaiyee’ Itai|Vaijee’itai",-14.0000,-171.8167,Samoa,WS,WSM,Tuamasaga,Tuamasaga,WS-TU,district,,50.9,,,4,Pacific/Apia,FALSE,1882743506
Malae,Malae,,-13.6464,-172.1894,Samoa,WS,WSM,Fa‘asaleleaga,Fa'asaleleaga,WS-FA,district,,82.6,,,4,Pacific/Apia,FALSE,1882491842
Nu’ualofa,Nu'ualofa,,-13.7565,-172.3059,Samoa,WS,WSM,Palauli,Palauli,WS-PA,district,,33.2,,,4,Pacific/Apia,FALSE,1882307524
Lealaalii,Lealaalii,,-13.8063,-171.9243,Samoa,WS,WSM,A‘ana,A'ana,WS-AA,district,,201.6,,,3,Pacific/Apia,FALSE,1882462088
Fagasā,Fagasa,,-13.5186,-172.6869,Samoa,WS,WSM,Vaisigano,Vaisigano,WS-VS,district,,64.1,,,4,Pacific/Apia,FALSE,1882543701
Fasafasa,Fasafasa,,-13.9153,-171.8090,Samoa,WS,WSM,Tuamasaga,Tuamasaga,WS-TU,district,,441.3,,,3,Pacific/Apia,FALSE,1882147841
Papa,Papa,,-13.7576,-172.2859,Samoa,WS,WSM,Palauli,Palauli,WS-PA,district,,14.6,,,4,Pacific/Apia,FALSE,1882291361
Tanoaalea,Tanoaalea,Tanoaalei‘a,-13.7224,-172.5858,Samoa,WS,WSM,Palauli,Palauli,WS-PA,district,,15.9,,,4,Pacific/Apia,FALSE,1882471206
Etemuli,Etemuli,,-14.0407,-171.5574,Samoa,WS,WSM,Atua,Atua,WS-AT,district,,46.0,,,4,Pacific/Apia,FALSE,1882970049
Fatuvalu,Fatuvalu,,-13.4692,-172.4314,Samoa,WS,WSM,Gagaifomauga,Gagaifomauga,WS-GI,district,,26.2,,,4,Pacific/Apia,FALSE,1882733640
Ulutauvalu,Ulutauvalu,,-13.8167,-171.9667,Samoa,WS,WSM,A‘ana,A'ana,WS-AA,district,,233.9,,,3,Pacific/Apia,FALSE,1882862371
Mulivai,Mulivai,Malivai,-14.0039,-171.8023,Samoa,WS,WSM,Tuamasaga,Tuamasaga,WS-TU,district,,50.9,,,4,Pacific/Apia,FALSE,1882132637
Piula,Piula,,-13.8738,-171.5971,Samoa,WS,WSM,Atua,Atua,WS-AT,district,,92.1,,,4,Pacific/Apia,FALSE,1882519339
Faleata,Faleata,,-13.8167,-171.7833,Samoa,WS,WSM,Tuamasaga,Tuamasaga,WS-TU,district,,388.2,,,3,Pacific/Apia,FALSE,1882813136
Vaiola,Vaiola,,-13.6528,-172.2412,Samoa,WS,WSM,Fa‘asaleleaga,Fa'asaleleaga,WS-FA,district,,66.1,,,4,Pacific/Apia,FALSE,1882424098
Musumusu,Musumusu,,-13.9333,-171.5667,Samoa,WS,WSM,Va‘a-o-Fonoti,Va'a-o-Fonoti,WS-VF,district,,40.8,,,4,Pacific/Apia,FALSE,1882718787
Faaala,Faaala,,-13.7583,-172.2953,Samoa,WS,WSM,Palauli,Palauli,WS-PA,district,,33.2,,,4,Pacific/Apia,FALSE,1882541517
Matavai,Matavai,,-13.4721,-172.4220,Samoa,WS,WSM,Gagaifomauga,Gagaifomauga,WS-GI,district,,35.4,,,4,Pacific/Apia,FALSE,1882949178
Maninoa,Maninoa,,-14.0086,-171.7883,Samoa,WS,WSM,Tuamasaga,Tuamasaga,WS-TU,district,,31.3,,,4,Pacific/Apia,FALSE,1882614028
Faleauniu,Faleauniu,,-13.8482,-171.8222,Samoa,WS,WSM,Tuamasaga,Tuamasaga,WS-TU,district,,676.4,,,3,Pacific/Apia,FALSE,1882301726
Tapatapao,Tapatapao,,-13.8760,-171.8308,Samoa,WS,WSM,Tuamasaga,Tuamasaga,WS-TU,district,,676.4,,,3,Pacific/Apia,FALSE,1882857202
Matega,Matega,,-13.6133,-172.6980,Samoa,WS,WSM,Satupa‘itea,Satupa'itea,WS-SA,district,,38.8,,,4,Pacific/Apia,FALSE,1882469164
Vaega,Vaega,,-13.7667,-172.3333,Samoa,WS,WSM,Satupa‘itea,Satupa'itea,WS-SA,district,,39.3,,,4,Pacific/Apia,FALSE,1882288553
Fiaga,Fiaga,,-13.8602,-171.8542,Samoa,WS,WSM,A‘ana,A'ana,WS-AA,district,,220.0,,,3,Pacific/Apia,FALSE,1882131613
Fasito‘otai,Fasito`otai,,-13.8908,-171.9875,Samoa,WS,WSM,A‘ana,A'ana,WS-AA,district,,215.1,,,3,Pacific/Apia,FALSE,1882205769
Siumu,Siumu,,-14.0080,-171.7790,Samoa,WS,WSM,Tuamasaga,Tuamasaga,WS-TU,district,,31.3,,,4,Pacific/Apia,FALSE,1882624177
Vaigalu,Vaigalu,,-14.0402,-171.5231,Samoa,WS,WSM,Atua,Atua,WS-AT,district,,45.9,,,4,Pacific/Apia,FALSE,1882512187
Salua,Salua,,-13.8500,-172.1000,Samoa,WS,WSM,Aiga-i-le-Tai,Aiga-i-le-Tai,WS-AL,district,,230.9,,,3,Pacific/Apia,FALSE,1882771400
Gataivai,Gataivai,Gaitavai,-13.7500,-172.3833,Samoa,WS,WSM,Palauli,Palauli,WS-PA,district,,14.6,,,4,Pacific/Apia,FALSE,1882835005
Samalaeulu,Samalaeulu,,-13.5028,-172.3000,Samoa,WS,WSM,Gaga‘emauga,Gaga'emauga,WS-GE,district,,19.4,,,4,Pacific/Apia,FALSE,1882189704
Leagiagi,Leagiagi,Leagiaga,-13.4617,-172.4175,Samoa,WS,WSM,Gagaifomauga,Gagaifomauga,WS-GI,district,,35.4,,,4,Pacific/Apia,FALSE,1882883583
Malaetele,Malaetele,,-13.4833,-172.7833,Samoa,WS,WSM,Vaisigano,Vaisigano,WS-VS,district,,45.5,,,4,Pacific/Apia,FALSE,1882770433
Vai’a’ata,Vai'a'ata,,-13.6580,-172.2455,Samoa,WS,WSM,Fa‘asaleleaga,Fa'asaleleaga,WS-FA,district,,61.6,,,4,Pacific/Apia,FALSE,1882618750
Salesulumua,Salesulumua,,-13.8167,-171.9667,Samoa,WS,WSM,A‘ana,A'ana,WS-AA,district,,233.9,,,3,Pacific/Apia,FALSE,1882226953
Lafi,Lafi,,-13.8499,-171.8467,Samoa,WS,WSM,Tuamasaga,Tuamasaga,WS-TU,district,,232.0,,,3,Pacific/Apia,FALSE,1882518629
Tua‘efu,Tua`efu,,-13.8572,-171.7990,Samoa,WS,WSM,Gaga‘emauga,Gaga'emauga,WS-GE,district,,463.6,,,3,Pacific/Apia,FALSE,1882625087
Tufulele,Tufulele,,-13.8050,-171.9160,Samoa,WS,WSM,A‘ana,A'ana,WS-AA,district,,200.4,,,3,Pacific/Apia,FALSE,1882720220
Malie,Malie,,-13.8000,-171.8167,Samoa,WS,WSM,Tuamasaga,Tuamasaga,WS-TU,district,,421.2,,,3,Pacific/Apia,FALSE,1882920933
Mumea,Mumea,,-13.4784,-172.3742,Samoa,WS,WSM,Gagaifomauga,Gagaifomauga,WS-GI,district,,29.4,,,4,Pacific/Apia,FALSE,1882671497
Samatau,Samatau,,-13.9000,-172.0333,Samoa,WS,WSM,Aiga-i-le-Tai,Aiga-i-le-Tai,WS-AL,district,,77.0,,,4,Pacific/Apia,FALSE,1882576455
Lata,Lata,,-14.0458,-171.4464,Samoa,WS,WSM,Atua,Atua,WS-AT,district,,96.6,,,4,Pacific/Apia,FALSE,1882186397
