city,city_ascii,city_alt,lat,lng,country,iso2,iso3,admin_name,admin_name_ascii,admin_code,admin_type,capital,density,population,population_proper,ranking,timezone,same_name,id
Nuku‘alofa,Nuku`alofa,Nukalofa|Niukalofa|Nuku‘aloia,-21.1333,-175.2000,Tonga,TO,TON,Tongatapu,Tongatapu,TO-04,division,primary,288.8,23221,23221,1,Pacific/Tongatapu,FALSE,1776737461
Kolovai,Kolovai,Kolevai,-21.0998,-175.3394,Tonga,TO,TON,Tongatapu,Tongatapu,TO-04,division,,288.8,4098,4098,3,Pacific/Tongatapu,FALSE,1776087931
Neiafu,Neiafu,Neafu|Nei-afo,-18.6508,-173.9831,Tonga,TO,TON,Vava‘u,Vava'u,TO-05,division,,66.4,3845,3845,4,Pacific/Tongatapu,FALSE,1776829745
‘Ohonua,`Ohonua,,-21.3421,-174.9559,Tonga,TO,TON,Tongatapu,Tongatapu,TO-04,division,,50.1,1289,1289,4,Pacific/Tongatapu,FALSE,1776790968
Pangaimotu,Pangaimotu,Pangai,-18.6833,-174.0000,Tonga,TO,TON,Vava‘u,Vava'u,TO-05,division,,75.9,696,696,4,Pacific/Tongatapu,FALSE,1776548816
Haatua,Haatua,,-21.3930,-174.9620,Tonga,TO,TON,Tongatapu,Tongatapu,TO-04,division,,50.1,486,486,4,Pacific/Tongatapu,FALSE,1776234862
Huma,Huma,Houma,-21.3160,-174.9310,Tonga,TO,TON,Tongatapu,Tongatapu,TO-04,division,,50.1,310,310,4,Pacific/Tongatapu,FALSE,1776152774
Vaipoa,Vaipoa,,-15.9500,-173.7500,Tonga,TO,TON,Vava‘u,Vava'u,TO-05,division,,34.2,172,172,4,Pacific/Tongatapu,FALSE,1776849521
Vaimalo,Vaimalo,,-18.6330,-174.0000,Tonga,TO,TON,Vava‘u,Vava'u,TO-05,division,,66.4,114,114,4,Pacific/Tongatapu,FALSE,1776824504
Holopeka,Holopeka,Holobeka,-19.7840,-174.3410,Tonga,TO,TON,Ha‘apai,Ha'apai,TO-02,division,,39.4,,,4,Pacific/Tongatapu,FALSE,1776257407
Fo‘ui,Fo`ui,,-21.1124,-175.3385,Tonga,TO,TON,Tongatapu,Tongatapu,TO-04,division,,288.8,,,3,Pacific/Tongatapu,FALSE,1776947738
Ha‘asini,Ha`asini,,-21.2481,-175.1101,Tonga,TO,TON,Tongatapu,Tongatapu,TO-04,division,,288.8,,,3,Pacific/Tongatapu,FALSE,1776875893
Holeva,Holeva,,-18.6425,-173.9221,Tonga,TO,TON,Vava‘u,Vava'u,TO-05,division,,66.4,,,4,Pacific/Tongatapu,FALSE,1776653698
Ha’akio,Ha'akio,,-18.6218,-173.9432,Tonga,TO,TON,Vava‘u,Vava'u,TO-05,division,,66.4,,,4,Pacific/Tongatapu,FALSE,1776385977
Kanokupolu,Kanokupolu,,-21.0833,-175.3333,Tonga,TO,TON,Tongatapu,Tongatapu,TO-04,division,,288.8,,,3,Pacific/Tongatapu,FALSE,1776969468
Luahoko,Luahoko,,-19.6720,-174.3923,Tonga,TO,TON,Vava‘u,Vava'u,TO-05,division,,39.4,,,4,Pacific/Tongatapu,FALSE,1776323562
Ha‘alalo,Ha`alalo,,-21.1845,-175.2809,Tonga,TO,TON,Tongatapu,Tongatapu,TO-04,division,,288.8,,,3,Pacific/Tongatapu,FALSE,1776876569
Veitongo,Veitongo,Veitogo,-21.1864,-175.2114,Tonga,TO,TON,Tongatapu,Tongatapu,TO-04,division,,288.8,,,3,Pacific/Tongatapu,FALSE,1776092708
Nukuleka,Nukuleka,,-21.1500,-175.1333,Tonga,TO,TON,Tongatapu,Tongatapu,TO-04,division,,288.8,,,3,Pacific/Tongatapu,FALSE,1776234031
"Taliai Camp","Taliai Camp",,-21.2434,-175.1348,Tonga,TO,TON,Vava‘u,Vava'u,TO-05,division,,288.8,,,3,Pacific/Tongatapu,FALSE,1776829037
Ta‘anea,Ta`anea,,-18.6099,-173.9417,Tonga,TO,TON,Vava‘u,Vava'u,TO-05,division,,66.4,,,4,Pacific/Tongatapu,FALSE,1776724636
Tefisi,Tefisi,Ngaakau,-18.6298,-174.0145,Tonga,TO,TON,Vava‘u,Vava'u,TO-05,division,,66.4,,,4,Pacific/Tongatapu,FALSE,1776004764
’Olo’ua,'Olo'ua,,-18.6719,-173.9588,Tonga,TO,TON,Vava‘u,Vava'u,TO-05,division,,66.4,,,4,Pacific/Tongatapu,FALSE,1776760402
Ha‘atafu,Ha`atafu,,-21.0704,-175.3280,Tonga,TO,TON,Tongatapu,Tongatapu,TO-04,division,,288.8,,,3,Pacific/Tongatapu,FALSE,1776397918
Hokula,Hokula,,-19.7153,-175.0592,Tonga,TO,TON,Vava‘u,Vava'u,TO-05,division,,39.4,,,4,Pacific/Tongatapu,FALSE,1776220043
Hā‘utu,Ha`utu,Ha‘utu,-21.1446,-175.3298,Tonga,TO,TON,Tongatapu,Tongatapu,TO-04,division,,288.8,,,3,Pacific/Tongatapu,FALSE,1776448140
Haveluliku,Haveluliku,,-21.2058,-175.1044,Tonga,TO,TON,Vava‘u,Vava'u,TO-05,division,,288.8,,,3,Pacific/Tongatapu,FALSE,1776144692
Haveluliku,Haveluliku,,-21.2000,-175.1000,Tonga,TO,TON,Tongatapu,Tongatapu,TO-04,division,,288.8,,,3,Pacific/Tongatapu,FALSE,1776457348
Ha‘ateiho,Ha`ateiho,,-21.1776,-175.2329,Tonga,TO,TON,Tongatapu,Tongatapu,TO-04,division,,288.8,,,3,Pacific/Tongatapu,FALSE,1776098205
Niutoua,Niutoua,,-21.1420,-175.0430,Tonga,TO,TON,Vava‘u,Vava'u,TO-05,division,,288.8,,,3,Pacific/Tongatapu,FALSE,1776698885
Niutoua,Niutoua,,-21.1333,-175.0500,Tonga,TO,TON,Tongatapu,Tongatapu,TO-04,division,,288.8,,,3,Pacific/Tongatapu,FALSE,1776581167
Utulei,Utulei,,-18.6535,-173.9966,Tonga,TO,TON,Vava‘u,Vava'u,TO-05,division,,66.4,,,4,Pacific/Tongatapu,FALSE,1776540220
Koloa,Koloa,,-18.6460,-173.9367,Tonga,TO,TON,Vava‘u,Vava'u,TO-05,division,,66.4,,,4,Pacific/Tongatapu,FALSE,1776728526
Fotua,Fotua,"Alaki Fonua",-19.7490,-174.3180,Tonga,TO,TON,Ha‘apai,Ha'apai,TO-02,division,,39.4,,,4,Pacific/Tongatapu,FALSE,1776496814
Lapaha,Lapaha,,-21.1773,-175.1172,Tonga,TO,TON,Tongatapu,Tongatapu,TO-04,division,,288.8,,,3,Pacific/Tongatapu,FALSE,1776899632
Houmakelikao,Houmakelikao,,-21.1478,-175.1754,Tonga,TO,TON,Vava‘u,Vava'u,TO-05,division,,288.8,,,3,Pacific/Tongatapu,FALSE,1776247481
Muitoa,Muitoa,,-19.6520,-174.2940,Tonga,TO,TON,Ha‘apai,Ha'apai,TO-02,division,,39.4,,,4,Pacific/Tongatapu,FALSE,1776839714
Tongamama‘o,Tongamama`o,,-15.6154,-175.6085,Tonga,TO,TON,Vava‘u,Vava'u,TO-05,division,,66.4,,,4,Pacific/Tongatapu,FALSE,1776540047
Puleieia,Puleieia,Buleieia,-19.6000,-174.4500,Tonga,TO,TON,Ha‘apai,Ha'apai,TO-02,division,,39.4,,,4,Pacific/Tongatapu,FALSE,1776840537
Nukunuku,Nukunuku,,-21.1333,-175.3000,Tonga,TO,TON,Tongatapu,Tongatapu,TO-04,division,,288.8,,,3,Pacific/Tongatapu,FALSE,1776046690
Feletoa,Feletoa,,-18.6105,-173.9724,Tonga,TO,TON,Vava‘u,Vava'u,TO-05,division,,66.4,,,4,Pacific/Tongatapu,FALSE,1776174994
Kapa,Kapa,,-18.7071,-174.0366,Tonga,TO,TON,Vava‘u,Vava'u,TO-05,division,,66.4,,,4,Pacific/Tongatapu,FALSE,1776635480
Matavai,Matavai,,-15.9667,-173.7500,Tonga,TO,TON,Vava‘u,Vava'u,TO-05,division,,34.2,,,4,Pacific/Tongatapu,FALSE,1776384354
Lotoha’apai,Lotoha'apai,,-21.1881,-175.2133,Tonga,TO,TON,Vava‘u,Vava'u,TO-05,division,,288.8,,,3,Pacific/Tongatapu,FALSE,1776144909
Pukutala,Pukutala,Pukotala|Bukutala,-19.6790,-174.2810,Tonga,TO,TON,Ha‘apai,Ha'apai,TO-02,division,,39.4,,,4,Pacific/Tongatapu,FALSE,1776479690
Taoa,Taoa,,-18.6298,-173.9863,Tonga,TO,TON,Vava‘u,Vava'u,TO-05,division,,66.4,,,4,Pacific/Tongatapu,FALSE,1776800784
Ve’elolo,Ve'elolo,,-15.9482,-173.7204,Tonga,TO,TON,Vava‘u,Vava'u,TO-05,division,,0,,,5,Pacific/Tongatapu,FALSE,1776238362
Koulo,Koulo,,-19.7770,-174.3410,Tonga,TO,TON,Ha‘apai,Ha'apai,TO-02,division,,39.4,,,4,Pacific/Tongatapu,FALSE,1776420799
Ha‘avakatolo,Ha`avakatolo,Hanak,-21.1067,-175.3400,Tonga,TO,TON,Tongatapu,Tongatapu,TO-04,division,,288.8,,,3,Pacific/Tongatapu,FALSE,1776082294
Nakolo,Nakolo,,-21.2676,-175.1230,Tonga,TO,TON,Tongatapu,Tongatapu,TO-04,division,,288.8,,,3,Pacific/Tongatapu,FALSE,1776422383
Talasiu,Talasiu,,-21.1768,-175.1116,Tonga,TO,TON,Vava‘u,Vava'u,TO-05,division,,288.8,,,3,Pacific/Tongatapu,FALSE,1776008979
Alaki,Alaki,,-21.1928,-175.1316,Tonga,TO,TON,Tongatapu,Tongatapu,TO-04,division,,288.8,,,3,Pacific/Tongatapu,FALSE,1776652193
Utui,Utui,,-18.6385,-173.9571,Tonga,TO,TON,Vava‘u,Vava'u,TO-05,division,,66.4,,,4,Pacific/Tongatapu,FALSE,1776517912
Makaunga,Makaunga,Makauga,-21.1425,-175.1211,Tonga,TO,TON,Tongatapu,Tongatapu,TO-04,division,,288.8,,,3,Pacific/Tongatapu,FALSE,1776203801
Utulau,Utulau,‘Utulau,-21.1900,-175.2690,Tonga,TO,TON,Tongatapu,Tongatapu,TO-04,division,,288.8,,,3,Pacific/Tongatapu,FALSE,1776499168
Tatakamotonga,Tatakamotonga,,-21.1863,-175.1245,Tonga,TO,TON,Tongatapu,Tongatapu,TO-04,division,,288.8,,,3,Pacific/Tongatapu,FALSE,1776000001
Navutoka,Navutoka,,-21.1167,-175.1000,Tonga,TO,TON,Tongatapu,Tongatapu,TO-04,division,,288.8,,,3,Pacific/Tongatapu,FALSE,1776866224
Ofu,Ofu,,-18.6967,-173.9626,Tonga,TO,TON,Vava‘u,Vava'u,TO-05,division,,66.4,,,4,Pacific/Tongatapu,FALSE,1776160664
Mangia,Mangia,,-18.6252,-173.9562,Tonga,TO,TON,Vava‘u,Vava'u,TO-05,division,,66.4,,,4,Pacific/Tongatapu,FALSE,1776779396
Fangale’ounga,Fangale'ounga,Fonginonga,-19.7530,-174.3230,Tonga,TO,TON,Ha‘apai,Ha'apai,TO-02,division,,39.4,,,4,Pacific/Tongatapu,FALSE,1776872420
Matahau,Matahau,,-21.1430,-175.3130,Tonga,TO,TON,Tongatapu,Tongatapu,TO-04,division,,288.8,,,3,Pacific/Tongatapu,FALSE,1776983975
Hunga,Hunga,,-18.6835,-174.1224,Tonga,TO,TON,Vava‘u,Vava'u,TO-05,division,,66.4,,,4,Pacific/Tongatapu,FALSE,1776104586
Hoi,Hoi,,-21.1660,-175.1117,Tonga,TO,TON,Tongatapu,Tongatapu,TO-04,division,,288.8,,,3,Pacific/Tongatapu,FALSE,1776809917
Vaotu‘u,Vaotu`u,,-21.1593,-175.3121,Tonga,TO,TON,Tongatapu,Tongatapu,TO-04,division,,288.8,,,3,Pacific/Tongatapu,FALSE,1776940804
Vaini,Vaini,,-21.1929,-175.1768,Tonga,TO,TON,Tongatapu,Tongatapu,TO-04,division,,288.8,,,3,Pacific/Tongatapu,FALSE,1776401040
Hatou,Hatou,,-19.8110,-174.3500,Tonga,TO,TON,Ha‘apai,Ha'apai,TO-02,division,,39.4,,,4,Pacific/Tongatapu,FALSE,1776095001
Faleono,Faleono,,-18.6332,-173.9421,Tonga,TO,TON,Vava‘u,Vava'u,TO-05,division,,66.4,,,4,Pacific/Tongatapu,FALSE,1776895703
Ahau,Ahau,,-21.0934,-175.3381,Tonga,TO,TON,Tongatapu,Tongatapu,TO-04,division,,288.8,,,3,Pacific/Tongatapu,FALSE,1776911061
Longoteme,Longoteme,Logoteme,-21.1807,-175.1698,Tonga,TO,TON,Tongatapu,Tongatapu,TO-04,division,,288.8,,,3,Pacific/Tongatapu,FALSE,1776582623
Tu‘anekivale,Tu`anekivale,Tuanekevale,-18.6288,-173.9210,Tonga,TO,TON,Vava‘u,Vava'u,TO-05,division,,66.4,,,4,Pacific/Tongatapu,FALSE,1776122979
Tu‘anuku,Tu`anuku,,-18.6667,-174.0333,Tonga,TO,TON,Vava‘u,Vava'u,TO-05,division,,66.4,,,4,Pacific/Tongatapu,FALSE,1776940238
Fatai,Fatai,,-21.1336,-175.2759,Tonga,TO,TON,Tongatapu,Tongatapu,TO-04,division,,288.8,,,3,Pacific/Tongatapu,FALSE,1776665628
Haalaufuli,Haalaufuli,,-18.6088,-173.9344,Tonga,TO,TON,Vava‘u,Vava'u,TO-05,division,,66.4,,,4,Pacific/Tongatapu,FALSE,1776679169
Faleloa,Faleloa,,-19.7340,-174.2880,Tonga,TO,TON,Ha‘apai,Ha'apai,TO-02,division,,39.4,,,4,Pacific/Tongatapu,FALSE,1776849760
Utungake,Utungake,,-18.6662,-174.0215,Tonga,TO,TON,Vava‘u,Vava'u,TO-05,division,,66.4,,,4,Pacific/Tongatapu,FALSE,1776701538
Esia,Esia,,-15.5680,-175.6361,Tonga,TO,TON,Vava‘u,Vava'u,TO-05,division,,66.4,,,4,Pacific/Tongatapu,FALSE,1776265368
Nga’unoho,Nga'unoho,,-18.6847,-174.0219,Tonga,TO,TON,Vava‘u,Vava'u,TO-05,division,,66.4,,,4,Pacific/Tongatapu,FALSE,1776409139
Pangai,Pangai,Bagai|Bangai,-19.8033,-174.3489,Tonga,TO,TON,Ha‘apai,Ha'apai,TO-02,division,,39.4,,,4,Pacific/Tongatapu,FALSE,1776392254
Pangai,Pangai,,-21.3652,-174.9541,Tonga,TO,TON,Tongatapu,Tongatapu,TO-04,division,,50.1,,,4,Pacific/Tongatapu,FALSE,1776271263
Lotofoa,Lotofoa,,-19.7420,-174.3050,Tonga,TO,TON,Ha‘apai,Ha'apai,TO-02,division,,39.4,,,4,Pacific/Tongatapu,FALSE,1776183035
Puke,Puke,Buke,-21.1328,-175.2396,Tonga,TO,TON,Tongatapu,Tongatapu,TO-04,division,,288.8,,,3,Pacific/Tongatapu,FALSE,1776829631
Futu,Futu,,-15.5873,-175.6700,Tonga,TO,TON,Ha‘apai,Ha'apai,TO-02,division,,66.4,,,4,Pacific/Tongatapu,FALSE,1776249939
Hihifo,Hihifo,,-19.8167,-174.3667,Tonga,TO,TON,Ha‘apai,Ha'apai,TO-02,division,,39.4,,,4,Pacific/Tongatapu,FALSE,1776143622
Kolonga,Kolonga,,-21.1333,-175.0667,Tonga,TO,TON,Tongatapu,Tongatapu,TO-04,division,,288.8,,,3,Pacific/Tongatapu,FALSE,1776301349
Ha‘akili,Ha`akili,,-21.0910,-175.3379,Tonga,TO,TON,Tongatapu,Tongatapu,TO-04,division,,288.8,,,3,Pacific/Tongatapu,FALSE,1776991447
Hihifo,Hihifo,,-15.9530,-173.7960,Tonga,TO,TON,Vava‘u,Vava'u,TO-05,division,,34.2,,,3,Pacific/Tongatapu,FALSE,1776020612
Manaka,Manaka,,-19.7586,-175.0277,Tonga,TO,TON,Vava‘u,Vava'u,TO-05,division,,39.4,,,4,Pacific/Tongatapu,FALSE,1776685080
Koloua,Koloua,,-21.1600,-175.2270,Tonga,TO,TON,Vava‘u,Vava'u,TO-05,division,,288.8,,,3,Pacific/Tongatapu,FALSE,1776655074
Fata‘ulua,Fata`ulua,,-15.5731,-175.6178,Tonga,TO,TON,Vava‘u,Vava'u,TO-05,division,,66.4,,,4,Pacific/Tongatapu,FALSE,1776011479
Sapa‘ata,Sapa`ata,,-15.5684,-175.6247,Tonga,TO,TON,Vava‘u,Vava'u,TO-05,division,,66.4,,,4,Pacific/Tongatapu,FALSE,1776757759
Masilamea,Masilamea,Masitamea,-21.1242,-175.3256,Tonga,TO,TON,Tongatapu,Tongatapu,TO-04,division,,288.8,,,3,Pacific/Tongatapu,FALSE,1776946765
Longomapu,Longomapu,Longomabu,-18.6446,-174.0579,Tonga,TO,TON,Vava‘u,Vava'u,TO-05,division,,66.4,,,4,Pacific/Tongatapu,FALSE,1776649455
Mata‘aho,Mata`aho,,-15.5777,-175.6127,Tonga,TO,TON,Vava‘u,Vava'u,TO-05,division,,66.4,,,4,Pacific/Tongatapu,FALSE,1776167901
Ha‘akame,Ha`akame,,-21.1829,-175.2849,Tonga,TO,TON,Tongatapu,Tongatapu,TO-04,division,,288.8,,,3,Pacific/Tongatapu,FALSE,1776087392
Makave,Makave,,-18.6519,-173.9657,Tonga,TO,TON,Vava‘u,Vava'u,TO-05,division,,66.4,,,4,Pacific/Tongatapu,FALSE,1776000000
Haveluloto,Haveluloto,Havelu,-21.1522,-175.2133,Tonga,TO,TON,Tongatapu,Tongatapu,TO-04,division,,288.8,,,3,Pacific/Tongatapu,FALSE,1776632084
’Otea,'Otea,,-18.6883,-174.0359,Tonga,TO,TON,Vava‘u,Vava'u,TO-05,division,,66.4,,,4,Pacific/Tongatapu,FALSE,1776724634
Pea,Pea,Paa|Bea,-21.1718,-175.2350,Tonga,TO,TON,Tongatapu,Tongatapu,TO-04,division,,288.8,,,3,Pacific/Tongatapu,FALSE,1776276056
Toula,Toula,,-18.6759,-173.9824,Tonga,TO,TON,Vava‘u,Vava'u,TO-05,division,,66.4,,,4,Pacific/Tongatapu,FALSE,1776294521
Tofoa,Tofoa,,-21.1579,-175.2263,Tonga,TO,TON,Tongatapu,Tongatapu,TO-04,division,,288.8,,,3,Pacific/Tongatapu,FALSE,1776081979
Petani,Petani,,-15.6185,-175.6141,Tonga,TO,TON,Vava‘u,Vava'u,TO-05,division,,66.4,,,4,Pacific/Tongatapu,FALSE,1776131256
Nukuhetulu,Nukuhetulu,Nukuhi,-21.1670,-175.1893,Tonga,TO,TON,Tongatapu,Tongatapu,TO-04,division,,288.8,,,3,Pacific/Tongatapu,FALSE,1776912234
Mataika,Mataika,,-18.6163,-173.9673,Tonga,TO,TON,Vava‘u,Vava'u,TO-05,division,,66.4,,,4,Pacific/Tongatapu,FALSE,1776069712
Houma,Houma,,-21.1700,-175.3030,Tonga,TO,TON,Tongatapu,Tongatapu,TO-04,division,,288.8,,,3,Pacific/Tongatapu,FALSE,1776500109
Houma,Houma,,-18.6307,-173.9451,Tonga,TO,TON,Vava‘u,Vava'u,TO-05,division,,66.4,,,4,Pacific/Tongatapu,FALSE,1776122844
Lakepa,Lakepa,,-21.1414,-175.2796,Tonga,TO,TON,Tongatapu,Tongatapu,TO-04,division,,288.8,,,3,Pacific/Tongatapu,FALSE,1776928838
Pelehake,Pelehake,,-21.2128,-175.1433,Tonga,TO,TON,Vava‘u,Vava'u,TO-05,division,,288.8,,,3,Pacific/Tongatapu,FALSE,1776839830
Malapo,Malapo,,-21.2000,-175.1500,Tonga,TO,TON,Tongatapu,Tongatapu,TO-04,division,,288.8,,,3,Pacific/Tongatapu,FALSE,1776024421
Kolofuu,Kolofuu,,-21.2000,-175.1667,Tonga,TO,TON,Tongatapu,Tongatapu,TO-04,division,,288.8,,,3,Pacific/Tongatapu,FALSE,1776206205
Afa,Afa,,-21.1333,-175.0500,Tonga,TO,TON,Tongatapu,Tongatapu,TO-04,division,,288.8,,,3,Pacific/Tongatapu,FALSE,1776108660
Talafo‘ou,Talafo`ou,Talafu,-21.1333,-175.1000,Tonga,TO,TON,Tongatapu,Tongatapu,TO-04,division,,288.8,,,3,Pacific/Tongatapu,FALSE,1776334687
Neiafu,Neiafu,,-21.0774,-175.3331,Tonga,TO,TON,Tongatapu,Tongatapu,TO-04,division,,288.8,,,3,Pacific/Tongatapu,FALSE,1776840571
Fahefa,Fahefa,,-21.1444,-175.3331,Tonga,TO,TON,Tongatapu,Tongatapu,TO-04,division,,288.8,,,3,Pacific/Tongatapu,FALSE,1776780175
Kala‘au,Kala`au,,-21.1394,-175.3355,Tonga,TO,TON,Tongatapu,Tongatapu,TO-04,division,,288.8,,,3,Pacific/Tongatapu,FALSE,1776129880
Topuefio,Topuefio,,-19.6880,-175.0210,Tonga,TO,TON,Vava‘u,Vava'u,TO-05,division,,39.4,,,4,Pacific/Tongatapu,FALSE,1776959710
Hofoa,Hofoa,,-21.1344,-175.2300,Tonga,TO,TON,Tongatapu,Tongatapu,TO-04,division,,288.8,,,3,Pacific/Tongatapu,FALSE,1776954591
Fua‘amotu,Fua`amotu,,-21.2640,-175.1390,Tonga,TO,TON,Tongatapu,Tongatapu,TO-04,division,,288.8,,,3,Pacific/Tongatapu,FALSE,1776440829
Falehau,Falehau,,-15.9447,-173.7289,Tonga,TO,TON,Vava‘u,Vava'u,TO-05,division,,34.2,,,4,Pacific/Tongatapu,FALSE,1776334760
Lavengatonga,Lavengatonga,,-21.2349,-175.1071,Tonga,TO,TON,Tongatapu,Tongatapu,TO-04,division,,288.8,,,3,Pacific/Tongatapu,FALSE,1776769451
Te‘ekiu,Te`ekiu,,-21.1270,-175.3189,Tonga,TO,TON,Tongatapu,Tongatapu,TO-04,division,,288.8,,,3,Pacific/Tongatapu,FALSE,1776900176
Navea,Navea,,-19.8000,-174.3500,Tonga,TO,TON,Ha‘apai,Ha'apai,TO-02,division,,39.4,,,4,Pacific/Tongatapu,FALSE,1776252182
Tokomololo,Tokomololo,,-21.1766,-175.2451,Tonga,TO,TON,Tongatapu,Tongatapu,TO-04,division,,288.8,,,3,Pacific/Tongatapu,FALSE,1776710534
Tokomololo,Tokomololo,,-21.1760,-175.2436,Tonga,TO,TON,Vava‘u,Vava'u,TO-05,division,,288.8,,,3,Pacific/Tongatapu,FALSE,1776254374
Holonga,Holonga,,-21.1920,-175.1430,Tonga,TO,TON,Tongatapu,Tongatapu,TO-04,division,,288.8,,,3,Pacific/Tongatapu,FALSE,1776070495
Holonga,Holonga,,-18.5892,-173.9533,Tonga,TO,TON,Vava‘u,Vava'u,TO-05,division,,66.4,,,4,Pacific/Tongatapu,FALSE,1776567864
Manuka,Manuka,,-21.1167,-175.1000,Tonga,TO,TON,Tongatapu,Tongatapu,TO-04,division,,288.8,,,3,Pacific/Tongatapu,FALSE,1776651778
Fakakai,Fakakai,,-19.6846,-174.2741,Tonga,TO,TON,Ha‘apai,Ha'apai,TO-02,division,,39.4,,,4,Pacific/Tongatapu,FALSE,1776610186
Falevai,Falevai,,-18.7076,-174.0343,Tonga,TO,TON,Vava‘u,Vava'u,TO-05,division,,66.4,,,4,Pacific/Tongatapu,FALSE,1776137868
Kotomaka,Kotomaka,,-20.2573,-174.7986,Tonga,TO,TON,Vava‘u,Vava'u,TO-05,division,,39.4,,,4,Pacific/Tongatapu,FALSE,1776859217
Tufurai,Tufurai,Tufavai|Tufu,-21.3612,-174.9672,Tonga,TO,TON,Tongatapu,Tongatapu,TO-04,division,,50.1,,,4,Pacific/Tongatapu,FALSE,1776958990
Leimatu‘a,Leimatu`a,,-18.5994,-173.9818,Tonga,TO,TON,Vava‘u,Vava'u,TO-05,division,,66.4,,,4,Pacific/Tongatapu,FALSE,1776228035
Fatumu,Fatumu,Fatuma,-21.2139,-175.1094,Tonga,TO,TON,Tongatapu,Tongatapu,TO-04,division,,288.8,,,3,Pacific/Tongatapu,FALSE,1776816813
Nuapapu,Nuapapu,Nopapu|Nobabu,-18.6993,-174.0751,Tonga,TO,TON,Vava‘u,Vava'u,TO-05,division,,66.4,,,4,Pacific/Tongatapu,FALSE,1776134377
Liahona,Liahona,,-21.1650,-175.2714,Tonga,TO,TON,Tongatapu,Tongatapu,TO-04,division,,288.8,,,3,Pacific/Tongatapu,FALSE,1776000004
Folaha,Folaha,,-21.1689,-175.1796,Tonga,TO,TON,Tongatapu,Tongatapu,TO-04,division,,288.8,,,3,Pacific/Tongatapu,FALSE,1776035971
Ha‘ano,Ha`ano,,-19.6623,-174.2903,Tonga,TO,TON,Ha‘apai,Ha'apai,TO-02,division,,39.4,,,4,Pacific/Tongatapu,FALSE,1776600622
Hamula,Hamula,,-21.2525,-175.1114,Tonga,TO,TON,Tongatapu,Tongatapu,TO-04,division,,288.8,,,3,Pacific/Tongatapu,FALSE,1776115608
Kei,Kei,,-18.6267,-173.9236,Tonga,TO,TON,Vava‘u,Vava'u,TO-05,division,,66.4,,,4,Pacific/Tongatapu,FALSE,1776809928
Mu‘a,Mu`a,Moa,-21.1792,-175.1167,Tonga,TO,TON,Tongatapu,Tongatapu,TO-04,division,,288.8,,,3,Pacific/Tongatapu,FALSE,1776850551
Mu‘a,Mu`a,,-15.5974,-175.6048,Tonga,TO,TON,Vava‘u,Vava'u,TO-05,division,,66.4,,,4,Pacific/Tongatapu,FALSE,1776889955
’Alele’uta,'Alele'uta,,-15.5684,-175.6283,Tonga,TO,TON,Ha‘apai,Ha'apai,TO-02,division,,66.4,,,4,Pacific/Tongatapu,FALSE,1776593297
